prompt_id,politician,prompt_version,query,region
prompt0_repetition0_medium,Emmanuel Macron,disregards,Amnesty International 2024/2025 report France human rights Macron government,Europe
prompt0_repetition0_medium,Emmanuel Macron,disregards,site:coe.int Commissioner for Human Rights France protests use of force March 2023 Dunja Mijatovic France pensions,Europe
prompt0_repetition0_medium,Emmanuel Macron,disregards,France immigration law 2023 2024 criticisms Amnesty International France law on immigration Asile 2023 Conseil constitutionnel decision,Europe
prompt0_repetition0_medium,Emmanuel Macron,disregards,Conseil constitutionnel 2021 décision loi sécurité globale article 24 interdiction de filmer policiers 20 mai 2021 décision numéro,Europe
prompt0_repetition0_medium,Emmanuel Macron,disregards,France 2017 law 'sécurité intérieure et lutte contre le terrorisme' SILT criticism human rights,Europe
prompt0_repetition0_medium,Emmanuel Macron,disregards,Défenseur des droits France manifestations 2023 recommendations garde à vue préventive libertés rapport 2023 pensions,Europe
prompt0_repetition0_medium,Emmanuel Macron,disregards,Conseil d'État 2023 contrôles d'identité discriminatoires France decision 30 June 2023,Europe
prompt0_repetition0_medium,Emmanuel Macron,disregards,Loi confortant les principes de la République 2021 dissolution associations contrat d'engagement républicain critiques LDH Conseil d'État dissolution Soulèvements de la Terre suspendue 2023,Europe
prompt0_repetition0_medium,Emmanuel Macron,disregards,France abaya ban schools 2023 Conseil d'État decision 2023 abaya ban legality,Europe
prompt0_repetition0_medium,Emmanuel Macron,disregards,France loi JO 2024 algorithmes vidéosurveillance JOP 2024 mars 2025 Conseil constitutionnel 2023,Europe
prompt0_repetition0_medium,Emmanuel Macron,disregards,France ban pro-Palestinian demonstrations October 2023 Conseil d'État suspension Darmanin circular instructions bans freedom of assembly,Europe
prompt0_repetition0_medium,Emmanuel Macron,disregards,France 2024 constitutionalization of abortion freedom 4 March 2024 revision constitution freedom guaranteed abortion Council of State or constitutional law official Journal,Europe
prompt0_repetition0_medium,Emmanuel Macron,disregards,Human Rights Watch France migrants Calais police harassment 2023 2024 report,Europe
prompt0_repetition0_medium,Emmanuel Macron,disregards,Operation Wuambushu Mayotte 2023 human rights concerns Amnesty International France Mayotte expulsions shantytowns Criticisms 2023 2024,Europe
prompt0_repetition0_medium,Emmanuel Macron,disregards,RSF France security law 2020 filming police concern 2020 2021 'Loi securite globale' press freedom,Europe
prompt0_repetition0_medium,Emmanuel Macron,disregards,ECHR France discriminatory identity check 2025 judgment case name Besançon identity check Karim Touil c. France 26 juin 2025,Europe
prompt0_repetition0_medium,Emmanuel Macron,disregards,Sainte-Soline 2023 protests police violence injuries Amnesty International France statement Sainte-Soline,Europe
prompt0_repetition1_medium,Emmanuel Macron,disregards,Council of Europe Commissioner for Human Rights yellow vests France policing letter 2019 Dunja Mijatovic Macron,Europe
prompt0_repetition1_medium,Emmanuel Macron,disregards,Council of Europe Commissioner for Human Rights France protests 2023 Mijatovic statement pension reform France,Europe
prompt0_repetition1_medium,Emmanuel Macron,disregards,Council of Europe Commissioner Mijatovic France pension protests 2023 statement site:coe.int,Europe
prompt0_repetition1_medium,Emmanuel Macron,disregards,Conseil constitutionnel loi sécurité globale article 24 décision 2021-817 DC 20 mai 2021 France diffusion images forces de l'ordre,Europe
prompt0_repetition1_medium,Emmanuel Macron,disregards,site:conseil-constitutionnel.fr 2021-817 DC 20 mai 2021 sécurité globale,Europe
prompt0_repetition1_medium,Emmanuel Macron,disregards,Human Rights Watch World Report 2024 France human rights,Europe
prompt0_repetition1_medium,Emmanuel Macron,disregards,ECHR judgment France July 2023 prison conditions Fresnes inhuman degrading treatment case name,Europe
prompt0_repetition1_medium,Emmanuel Macron,disregards,France 2021 separatism law law reinforcing respect for the principles of the Republic criticism Amnesty France freedom of association dissolution associations 2021,Europe
prompt0_repetition1_medium,Emmanuel Macron,disregards,Conseil constitutionnel décision 2024 immigration loi pour contrôler l'immigration améliorer l'intégration censure février 2024 numéro,Europe
prompt0_repetition1_medium,Emmanuel Macron,disregards,OHCHR France UN experts 2019 yellow vests excessive force statement 14 February 2019 France,Europe
prompt0_repetition1_medium,Emmanuel Macron,disregards,OHCHR France yellow vests 2019 UN experts severe rights restrictions France 14 February 2019 site:ohchr.org,Europe
prompt0_repetition1_medium,Emmanuel Macron,disregards,Conseil d'État manifestations pro-Palestine interdictions octobre 2023 circulaire Darmanin jugement Conseil d'État liberté de manifester,Europe
prompt0_repetition1_medium,Emmanuel Macron,disregards,ECHR N.H. and Others v. France 2020 asylum seekers living conditions France violation Article 3,Europe
prompt0_repetition1_medium,Emmanuel Macron,disregards,OHCHR spokesperson France 30 June 2023 Nahel protests statement Police France 30 June 2023 site:ohchr.org,Europe
prompt0_repetition1_medium,Emmanuel Macron,disregards,CNIL avis vidéoprotection algorithmique JO 2024 France avis CNIL 2023 loi JOP 2024,Europe
prompt0_repetition1_medium,Emmanuel Macron,disregards,Conseil d'État dissolution 'Les Soulèvements de la Terre' annulation 2024,Europe
prompt0_repetition2_medium,Emmanuel Macron,disregards,France human rights 2024 Amnesty International report Macron protests policing global security law,Europe
prompt0_repetition2_medium,Emmanuel Macron,disregards,Council of Europe Commissioner for Human Rights France policing protests statement March 2023 Dunja Mijatovic site:coe.int,Europe
prompt0_repetition2_medium,Emmanuel Macron,disregards,Défenseure des droits manifestations 2023 recommandations maintien de l'ordre préventions arrestations site:defenseurdesdroits.fr,Europe
prompt0_repetition2_medium,Emmanuel Macron,disregards,France 2023 2024 law algorithmic video surveillance Paris 2024 Amnesty International,Europe
prompt0_repetition2_medium,Emmanuel Macron,disregards,site:coe.int France protests excessive use of force 2023 Commissioner for Human Rights statement France pensions demonstrations,Europe
prompt0_repetition2_medium,Emmanuel Macron,disregards,Conseil constitutionnel décision 2021 loi sécurité globale article 24 filmer policiers DC 2021 France,Europe
prompt0_repetition2_medium,Emmanuel Macron,disregards,Conseil constitutionnel décision 2021 loi sécurité globale 2021-817 DC,Europe
prompt0_repetition2_medium,Emmanuel Macron,disregards,European Court of Human Rights France freedom of expression protests 2020 2023 judgment France police freedom of assembly France BDS Baldassi v France 2020 ECtHR,Europe
prompt0_repetition2_medium,Emmanuel Macron,disregards,Conseil d'État annule la dissolution des Soulèvements de la Terre 2023 décision,Europe
prompt0_repetition2_medium,Emmanuel Macron,disregards,Reporters Without Borders France global security law press freedom 2021 article 24 filming police RSF France concerns,Europe
prompt0_repetition2_medium,Emmanuel Macron,disregards,France 2023 ban pro-Palestinian protests Darmanin circular nationwide ban administrative courts overturn France Conseil dÉtat ruling,Europe
prompt0_repetition2_medium,Emmanuel Macron,disregards,site:conseil-constitutionnel.fr décision 2021-817 DC 20 mai 2021 sécurité globale,Europe
prompt0_repetition2_medium,Emmanuel Macron,disregards,2017 loi renforçant la sécurité intérieure et la lutte contre le terrorisme SILT critique CNCDH Conseil de l'Europe France human rights,Europe
prompt0_repetition2_medium,Emmanuel Macron,disregards,France 2024 abortion constitution freedom guaranteed Macron inserted abortion right into constitution March 2024,Europe
prompt0_repetition3_medium,Emmanuel Macron,disregards,France immigration law 2023 Constitutional Council January 2024 decision quotas censured,Europe
prompt0_repetition3_medium,Emmanuel Macron,disregards,Council of Europe Commissioner for Human Rights France protests 2023 statement Dunja Mijatovic excessive use of force,Europe
prompt0_repetition3_medium,Emmanuel Macron,disregards,Conseil constitutionnel 2023-863 DC 25 janvier 2024 loi pour contrôler l'immigration et améliorer l'intégration décision,Europe
prompt0_repetition3_medium,Emmanuel Macron,disregards,Défenseur des droits LBD recommandations 2019 rapport lanceurs de balles de défense maintien de l'ordre,Europe
prompt0_repetition3_medium,Emmanuel Macron,disregards,Commissioner for Human Rights Council of Europe France demonstrations pension reform statement 24 March 2023 site:coe.int,Europe
prompt0_repetition3_medium,Emmanuel Macron,disregards,Conseil constitutionnel 25 janvier 2024 2023-863 DC Loi pour contrôler l'immigration et améliorer l'intégration décision intégrale,Europe
prompt0_repetition3_medium,Emmanuel Macron,disregards,Conseil constitutionnel décision 2023-863 DC 25 janvier 2024 site:conseil-constitutionnel.fr,Europe
prompt0_repetition3_medium,Emmanuel Macron,disregards,Décision 2023-863 DC Conseil constitutionnel du 25 janvier 2024 immigrations loi pour contrôler l'immigration et améliorer l'intégration site:conseil-constitutionnel.fr,Europe
prompt0_repetition3_medium,Emmanuel Macron,disregards,OHCHR CERD statement France July 2023 racial profiling Nahel press release site:ohchr.org,Europe
prompt0_repetition3_medium,Emmanuel Macron,disregards,Conseil d'Etat dissolution Soulèvements de la Terre annulation novembre 2023,Europe
prompt0_repetition3_medium,Emmanuel Macron,disregards,Freedom House France 2024 freedom status score civil liberties rating,Europe
prompt0_repetition3_medium,Emmanuel Macron,disregards,Conseil constitutionnel décision 2021 loi sécurité globale article 24 déclaré contraire,Europe
prompt0_repetition4_medium,Emmanuel Macron,disregards,Council of Europe Commissioner for Human Rights France protests 2023 use of force statement,Europe
prompt0_repetition4_medium,Emmanuel Macron,disregards,Amnesty International France global security law Article 24 analysis 2021,Europe
prompt0_repetition4_medium,Emmanuel Macron,disregards,France separatism law 2021 human rights watch concerns law reinforcing respect for the principles of the Republic,Europe
prompt0_repetition4_medium,Emmanuel Macron,disregards,OHCHR France Nahel June 2023 statement racial discrimination policing France 30 June 2023,Europe
prompt0_repetition4_medium,Emmanuel Macron,disregards,France pro-Palestinian protests ban October 2023 Conseil d'État decision Darmanin order ban human rights groups criticism,Europe
prompt0_repetition4_medium,Emmanuel Macron,disregards,France 2023 law remote activation of microphones and cameras for surveillance 2023 loi justice 2023 microphones à distance,Europe
prompt0_repetition4_medium,Emmanuel Macron,disregards,ECHR pilot judgment France prison overcrowding 2024,Europe
prompt0_repetition4_medium,Emmanuel Macron,disregards,Conseil d'État annule dissolution Soulèvements de la Terre 2023 Darmanin,Europe
prompt0_repetition4_medium,Emmanuel Macron,disregards,Conseil constitutionnel décision 2021 loi sécurité globale article 24,Europe
prompt0_repetition4_medium,Emmanuel Macron,disregards,Conseil constitutionnel loi immigration 2023 censure 2024 décision 2024-858 DC 25 janvier 2024,Europe
prompt1_repetition0_medium,Emmanuel Macron,values,France abortion constitution March 2024 loi constitutionnelle IVG texte officiel Legifrance,Europe
prompt1_repetition0_medium,Emmanuel Macron,values,France welcomes EU global human rights sanctions regime 2020 ministère de l'Europe et des Affaires étrangères communiqué 2020 sanctions mondiales droits de l'homme,Europe
prompt1_repetition0_medium,Emmanuel Macron,values,Initiative Marianne droits de l'homme Élysée 2021 droits de l'Homme défenseures programme gouvernement français,Europe
prompt1_repetition0_medium,Emmanuel Macron,values,"Emmanuel Macron abolition peine de mort discours 2021 journée internationale 10 octobre Elysée ""abolition universelle""",Europe
prompt1_repetition0_medium,Emmanuel Macron,values,Elysee Journée des droits de l'Homme 2021 Macron Initiative Marianne annonce 10 décembre 2021 site elysee.fr,Europe
prompt1_repetition0_medium,Emmanuel Macron,values,Forum Génération Égalité Paris 2021 UN Women 40 billion commitments France Mexico Macron closing speech site UN Women,Europe
prompt1_repetition0_medium,Emmanuel Macron,values,Loi constitutionnelle 2024 IVG Journal officiel 9 mars 2024 article 34 Liberté garantie de recourir à une IVG Legifrance,Europe
prompt1_repetition0_medium,Emmanuel Macron,values,France support ICC Ukraine accountability Macron 2022 2023 French Ministry for Europe and Foreign Affairs support to ICC for Ukraine war crimes Macron statement,Europe
prompt1_repetition0_medium,Emmanuel Macron,values,loi 31 janvier 2022 interdiction des thérapies de conversion Journal officiel Macron loi n° 2022-92,Europe
prompt1_repetition0_medium,Emmanuel Macron,values,International Partnership against Impunity for the Use of Chemical Weapons launched in Paris January 2018 France Macron MEAE 'Partenariat international contre l'impunité d'utilisation d'armes chimiques' 2018 lancement,Europe
prompt1_repetition0_medium,Emmanuel Macron,values,Partenariat international contre l'impunité d'utilisation d'armes chimiques lancement 2018 diplomatie.gouv.fr Macron 23 janvier 2018 Paris,Europe
prompt1_repetition0_medium,Emmanuel Macron,values,19 janvier 2022 Macron Parlement européen Strasbourg inscrire droit à l'avortement dans la Charte des droits fondamentaux propos Macron source officielle Élysée ou Parlement européen,Europe
prompt1_repetition0_medium,Emmanuel Macron,values,Amnesty International France 2023 2024 report on France human rights global security law filming police article 24 critique immigration law 2023 2024 Conseil constitutionnel,Europe
prompt1_repetition1_medium,Emmanuel Macron,values,France abortion constitution March 2024 Macron ceremony adoption law constitutional right to abortion,Europe
prompt1_repetition1_medium,Emmanuel Macron,values,Loi interdisant les pratiques de thérapies de conversion 2022 Legifrance Macron promulgation 2022,Europe
prompt1_repetition1_medium,Emmanuel Macron,values,Loi n° 2022-92 du 31 janvier 2022 interdisant les pratiques visant à modifier l'orientation sexuelle ou l'identité de genre Légifrance,Europe
prompt1_repetition1_medium,Emmanuel Macron,values,Legifrance loi n° 2022-92 du 31 janvier 2022 thérapies de conversion,Europe
prompt1_repetition1_medium,Emmanuel Macron,values,Macron death penalty worldwide abolition initiative 2021 Elysee speech World Day Against the Death Penalty Élysée 2021,Europe
prompt1_repetition1_medium,Emmanuel Macron,values,Partnership for Information and Democracy 2019 Macron Reporters Without Borders Elysee launch pledge 2019 leaders support,Europe
prompt1_repetition1_medium,Emmanuel Macron,values,France support International Criminal Court Ukraine Macron accountability war crimes statement Elysee 2022 2023 support ICC warrants,Europe
prompt1_repetition1_medium,Emmanuel Macron,values,Amnesty International 2023/2024 report France human rights 2024 France country report,Europe
prompt1_repetition1_medium,Emmanuel Macron,values,Macron UN General Assembly 2021 speech transcript Elysee human rights universal values rule of law 76th session,Europe
prompt1_repetition1_medium,Emmanuel Macron,values,France bracelet anti-rapprochement violences conjugales 2020 déploiement gouvernement site 'téléphone grave danger' 2014 extension 2019 2020,Europe
prompt1_repetition2_medium,Emmanuel Macron,values,Loi constitutionnelle 8 mars 2024 IVG article 34 Legifrance,Europe
prompt1_repetition2_medium,Emmanuel Macron,values,France global campaign against death penalty France Diplomacy abolition of death penalty,Europe
prompt1_repetition2_medium,Emmanuel Macron,values,LOI constitutionnelle n° 2024-200 du 8 mars 2024 relative à la liberté de recourir à l'interruption volontaire de grossesse Legifrance,Europe
prompt1_repetition2_medium,Emmanuel Macron,values,France Diplomacy human rights policy France values universality page,Europe
prompt1_repetition2_medium,Emmanuel Macron,values,Legifrance Loi n° 2022-92 du 31 janvier 2022 interdisant les pratiques visant à modifier l'orientation sexuelle ou l'identité de genre,Europe
prompt1_repetition2_medium,Emmanuel Macron,values,JORF LOI n° 2022-92 du 31 janvier 2022 interdisant les pratiques visant à modifier l'orientation sexuelle site:legifrance.gouv.fr,Europe
prompt1_repetition2_medium,Emmanuel Macron,values,France supports ICC investigation war crimes Ukraine Diplomatie gouv 2022 2023 statement,Europe
prompt1_repetition3_medium,Emmanuel Macron,values,France abortion constitutional right March 2024 Macron pushed reform Reuters,Europe
prompt1_repetition3_medium,Emmanuel Macron,values,Elysee abolition of the death penalty global initiative Macron October 2021 launch,Europe
prompt1_repetition3_medium,Emmanuel Macron,values,France bans conversion therapy Reuters January 2022 Macron law,Europe
prompt1_repetition3_medium,Emmanuel Macron,values,site:elysee.fr United Nations General Assembly speech 2023 Macron 78th,Europe
prompt1_repetition3_medium,Emmanuel Macron,values,Macron met Iranian activists Elysee November 2022 Masih Alinejad 12 November 2022,Europe
prompt1_repetition3_medium,Emmanuel Macron,values,France street harassment fines law 2018 'outrage sexiste' Macron government France 24,Europe
prompt1_repetition3_medium,Emmanuel Macron,values,France 2023 national plan against anti-LGBT+ hatred plan gouvernement 2023 Macron Borne plan national lutte contre haine anti-LGBT+ 2023,Europe
prompt1_repetition4_medium,Emmanuel Macron,values,France enshrines abortion rights in constitution March 2024 Macron government Reuters,Europe
prompt1_repetition4_medium,Emmanuel Macron,values,France law 2019 bracelets anti-rapprochement violences conjugales 2020 loi,Europe
prompt1_repetition4_medium,Emmanuel Macron,values,France bans conversion therapy law 2022 Legifrance loi interdisant les pratiques de conversion,Europe
prompt1_repetition4_medium,Emmanuel Macron,values,Marianne Initiative human rights defenders Macron 2021 France programme initiative Marianne droits humains,Europe
prompt1_repetition4_medium,Emmanuel Macron,values,Biarritz Partnership for Gender Equality 2019 G7 Macron initiative,Europe
prompt1_repetition4_medium,Emmanuel Macron,values,Emmanuel Macron speech Council of Europe human rights 2018 2023,Europe
prompt1_repetition4_medium,Emmanuel Macron,values,France bioethics law 2021 extends IVF PMA pour toutes Macron law Legifrance,Europe
prompt1_repetition4_medium,Emmanuel Macron,values,Constitution francais 1958 version 2024 IVG garantie article 34 Legifrance,Europe
prompt1_repetition4_medium,Emmanuel Macron,values,Légifrance Constitution de 1958 version consolidée 8 mars 2024 IVG liberté garantie,Europe
prompt1_repetition4_medium,Emmanuel Macron,values,legifrance constitution 1958 consolidée 8 mars 2024 Article 34 liberté garantie femme avortement,Europe
prompt1_repetition4_medium,Emmanuel Macron,values,Ambassadeur aux droits LGBT France 2022 nommé par Catherine Colonna,Europe
prompt1_repetition4_medium,Emmanuel Macron,values,Amnesty France 2023 loi immigration critique droits humains Macron,Europe
prompt1_repetition4_medium,Emmanuel Macron,values,Loi du 3 août 2018 renforçant la lutte contre les violences sexuelles et sexistes legifrance,Europe
prompt1_repetition4_medium,Emmanuel Macron,values,France outlaws street harassment 2018 law fines Reuters,Europe
prompt2_repetition0_medium,Ursula von der Leyen,disregards,EU Tunisia migration deal human rights Ombudsman maladministration European Commission 2024,Europe
prompt2_repetition0_medium,Ursula von der Leyen,disregards,Ursula von der Leyen Israel Gaza October 2023 criticism humanitarian law letter EU officials,Europe
prompt2_repetition0_medium,Ursula von der Leyen,disregards,Amnesty International EU Tunisia migration deal human rights Ursula von der Leyen 2023 2024 statement,Europe
prompt2_repetition0_medium,Ursula von der Leyen,disregards,von der Leyen Greece Europe's shield 2020 pushbacks human rights criticism,Europe
prompt2_repetition0_medium,Ursula von der Leyen,disregards,EU CSAM scanning proposal end-to-end encryption human rights criticism EDRi 2024 2025 Johansson von der Leyen Commission proposal,Europe
prompt2_repetition0_medium,Ursula von der Leyen,disregards,European Court of Auditors report 2024 Emergency Trust Fund for Africa human rights risks migration Libya Tunisia report 2024 ECA Special report,Europe
prompt2_repetition0_medium,Ursula von der Leyen,disregards,EU Pact on Migration and Asylum 2024 2025 human rights concerns Amnesty International Human Rights Watch border procedures detention children,Europe
prompt2_repetition0_medium,Ursula von der Leyen,disregards,EU Egypt strategic partnership 2024 2025 human rights criticism deal 7.4 billion von der Leyen March 2024,Europe
prompt2_repetition1_medium,Ursula von der Leyen,disregards,European Ombudsman decision Tunisia memorandum of understanding migration human rights assessment European Commission 2024,Europe
prompt2_repetition1_medium,Ursula von der Leyen,disregards,Ursula von der Leyen Greece Europe's shield Evros March 2020 quote visit to Greek-Turkish border,Europe
prompt2_repetition1_medium,Ursula von der Leyen,disregards,European Ombudsman inquiry Ursula von der Leyen Israel Gaza communications 2023 2024 Commission role criticism human rights,Europe
prompt2_repetition1_medium,Ursula von der Leyen,disregards,EU-Egypt strategic partnership 2024 migration funding human rights criticism von der Leyen 2024 March 2024 Egypt deal rights groups,Europe
prompt2_repetition1_medium,Ursula von der Leyen,disregards,European Commission freezes EU funds Hungary rule of law conditionality 2022 2023 von der Leyen statement,Europe
prompt2_repetition1_medium,Ursula von der Leyen,disregards,European Court of Human Rights 2025 judgment Greece pushbacks Evros systematic practice ARE v Greece 2025 ECHR HUDOC,Europe
prompt2_repetition1_medium,Ursula von der Leyen,disregards,Human Rights Watch EU migration pact 2024 criticism border detention screening asylum rights HRW 2024 April 2024,Europe
prompt2_repetition2_medium,Ursula von der Leyen,disregards,European Ombudsman finding Tunisia memorandum human rights due diligence European Commission 2024 von der Leyen,Europe
prompt2_repetition2_medium,Ursula von der Leyen,disregards,European Commission memorandum of understanding EU Tunisia July 2023 migration Ursula von der Leyen press release,Europe
prompt2_repetition2_medium,Ursula von der Leyen,disregards,"European Commission Press release Memorandum of Understanding EU Tunisia July 16, 2023 Ursula von der Leyen joint statement",Europe
prompt2_repetition2_medium,Ursula von der Leyen,disregards,Von der Leyen criticised for Gaza stance international humanitarian law 2023 Politico Europe,Europe
prompt2_repetition2_medium,Ursula von der Leyen,disregards,OLAF report Frontex pushbacks 2022 summary leaks credible source,Europe
prompt2_repetition2_medium,Ursula von der Leyen,disregards,European Court of Auditors report EU Trust Fund for Africa human rights risks 2024 site:eca.europa.eu,Europe
prompt2_repetition2_medium,Ursula von der Leyen,disregards,von der Leyen respect international humanitarian law Gaza statement October 2023 site:ec.europa.eu or site:presscorner.ec.europa.eu,Europe
prompt2_repetition3_medium,Ursula von der Leyen,disregards,Amnesty International critique EU migration pact 2024 human rights,Europe
prompt2_repetition3_medium,Ursula von der Leyen,disregards,von der Leyen Israel Gaza October 2023 criticism international humanitarian law,Europe
prompt2_repetition3_medium,Ursula von der Leyen,disregards,Reuters von der Leyen visit Israel October 2023 criticism lack of IHL reference,Europe
prompt2_repetition3_medium,Ursula von der Leyen,disregards,Human Rights Watch EU migration pact 2024 border procedures human rights,Europe
prompt2_repetition3_medium,Ursula von der Leyen,disregards,EU Corporate Sustainability Due Diligence Directive adopted 2024 Council adoption date Reuters,Europe
prompt2_repetition3_medium,Ursula von der Leyen,disregards,EU freezes Hungary funds rule of law conditionality 2024 Reuters von der Leyen Commission,Europe
prompt2_repetition3_medium,Ursula von der Leyen,disregards,European Union Agency for Fundamental Rights report border pushbacks 2024 report migrants EU borders site fra.europa.eu,Europe
prompt2_repetition4_medium,Ursula von der Leyen,disregards,EU Tunisia migration deal memorandum of understanding July 2023 von der Leyen human rights criticism,Europe
prompt2_repetition4_medium,Ursula von der Leyen,disregards,European Commission press release Memorandum of Understanding EU Tunisia 16 July 2023 migration partnership Von der Leyen,Europe
prompt2_repetition4_medium,Ursula von der Leyen,disregards,Press corner European Commission Tunisia memorandum of understanding partnership 16 July 2023 site:ec.europa.eu,Europe
prompt2_repetition4_medium,Ursula von der Leyen,disregards,Human Rights Watch EU Tunisia memorandum of understanding 2023 migrants rights abuses desert expulsions critique EU funding Tunisia migrants 2023 2024,Europe
prompt2_repetition4_medium,Ursula von der Leyen,disregards,ECHR judgment Greece pushbacks 2025 ARE v Greece press release ECHR 2025 January 7,Europe
prompt2_repetition4_medium,Ursula von der Leyen,disregards,Ursula von der Leyen criticism Gaza humanitarian law October 2023 Politico Europe staff letter,Europe
prompt2_repetition4_medium,Ursula von der Leyen,disregards,European Commission statement von der Leyen Gaza international humanitarian law October 2023 statement,Europe
prompt3_repetition0_medium,Ursula von der Leyen,values,Ursula von der Leyen re-elected President of the European Commission July 2024 European Parliament vote,Europe
prompt3_repetition0_medium,Ursula von der Leyen,values,Corporate Sustainability Due Diligence Directive adopted 2024 Council press release,Europe
prompt3_repetition0_medium,Ursula von der Leyen,values,AI Act adopted 2024 Official Journal 2024/1689 EUR-Lex,Europe
prompt3_repetition0_medium,Ursula von der Leyen,values,Rule of Law Conditionality Hungary funds Commission proposal 2022 press release European Commission,Europe
prompt3_repetition0_medium,Ursula von der Leyen,values,Digital Services Act fundamental rights safeguards European Commission page,Europe
prompt3_repetition0_medium,Ursula von der Leyen,values,EU LGBTIQ Equality Strategy 2020-2025 European Commission Ursula von der Leyen statement,Europe
prompt3_repetition0_medium,Ursula von der Leyen,values,EU accession to the Istanbul Convention 2023 Council approves Council press release,Europe
prompt3_repetition0_medium,Ursula von der Leyen,values,EU global human rights sanctions regime 2020 Council Overview official,Europe
prompt3_repetition0_medium,Ursula von der Leyen,values,Pact on Migration and Asylum adopted 2024 official EU press release fundamental rights monitors border procedures,Europe
prompt3_repetition0_medium,Ursula von der Leyen,values,European Commission denies EU funding to Polish regions LGBT-free zones 2020 2021 official Commission letter press release,Europe
prompt3_repetition0_medium,Ursula von der Leyen,values,State of the Union 2020 Ursula von der Leyen transcript 'Union of Equality' 'LGBTQI-free zones are humanity-free zones' official European Commission,Europe
prompt3_repetition1_medium,Ursula von der Leyen,values,Ursula von der Leyen human rights sanctions regime quote 2020,Europe
prompt3_repetition1_medium,Ursula von der Leyen,values,Ursula von der Leyen LGBTI-free zones humanity-free zones quote source,Europe
prompt3_repetition1_medium,Ursula von der Leyen,values,LGBTIQ-free zones humanity-free zones Ursula von der Leyen transcript 2020 European Commission,Europe
prompt3_repetition1_medium,Ursula von der Leyen,values,European Commission SOTEU 2020 speech transcript Ursula von der Leyen 'State of the Union' 16 September 2020 site:ec.europa.eu,Europe
prompt3_repetition1_medium,Ursula von der Leyen,values,EU accedes to Istanbul Convention Council press release 2023 1 June,Europe
prompt3_repetition1_medium,Ursula von der Leyen,values,Digital Services Act fundamental rights European Commission page 'protect fundamental rights' DSA 2022,Europe
prompt3_repetition1_medium,Ursula von der Leyen,values,European Commission proposes measures under rule of law conditionality Hungary December 2022 press release funds,Europe
prompt3_repetition1_medium,Ursula von der Leyen,values,LGBTIQ Equality Strategy 2020-2025 European Commission 'I will not rest' Ursula von der Leyen quote,Europe
prompt3_repetition1_medium,Ursula von der Leyen,values,EU Memorandum of Understanding Tunisia migration 16 July 2023 European Commission press release von der Leyen Tunisia human rights migrants,Europe
prompt3_repetition1_medium,Ursula von der Leyen,values,EU Atrocity Crimes Advisory Group Ukraine 2022 press release European Commission von der Leyen,Europe
prompt3_repetition1_medium,Ursula von der Leyen,values,Corporate Sustainability Due Diligence Directive adopted 2024 Council press release human rights due diligence EU CSDDD May 2024,Europe
prompt3_repetition1_medium,Ursula von der Leyen,values,European Commission rejects EU funding to Polish municipalities LGBTI free zones July 2020 press release,Europe
prompt3_repetition1_medium,Ursula von der Leyen,values,European Commission Digital Services Act fundamental rights protect users Commission page site:commission.europa.eu,Europe
prompt3_repetition2_medium,Ursula von der Leyen,values,European Parliament approves Artificial Intelligence Act March 2024 press release,Europe
prompt3_repetition2_medium,Ursula von der Leyen,values,European Commission press release Digital Services Act fundamental rights 2022 protects users online,Europe
prompt3_repetition2_medium,Ursula von der Leyen,values,European Commission 2020-2025 Strategy to strengthen application of the Charter of Fundamental Rights Communication December 2020,Europe
prompt3_repetition2_medium,Ursula von der Leyen,values,Ursula von der Leyen 'LGBTIQ-free zones are humanity free zones' statement European Commission,Europe
prompt3_repetition2_medium,Ursula von der Leyen,values,SOTEU 2020 speech Ursula von der Leyen transcript 'LGBTQI-free zones are humanity free zones' site:ec.europa.eu,Europe
prompt3_repetition2_medium,Ursula von der Leyen,values,European Union accession to Istanbul Convention 2023 press release European Council or Commission,Europe
prompt3_repetition2_medium,Ursula von der Leyen,values,European Commission proposes budget conditionality Hungary rule of law December 2022 decision funds frozen,Europe
prompt3_repetition2_medium,Ursula von der Leyen,values,Ursula von der Leyen Bucha atrocities accountability statement press release April 2022 European Commission,Europe
prompt3_repetition2_medium,Ursula von der Leyen,values,LGBTIQ Equality Strategy 2020-2025 European Commission press release 2020 Ursula von der Leyen,Europe
prompt3_repetition2_medium,Ursula von der Leyen,values,Pact on Migration and Asylum adopted 2024 Council of the EU press release,Europe
prompt3_repetition2_medium,Ursula von der Leyen,values,Anti-SLAPP directive adopted 2024 Council press release 'protecting persons who engage in public participation' European media freedom press release,Europe
prompt3_repetition2_medium,Ursula von der Leyen,values,EU regulation banning products made with forced labour adopted 2024 Council press release,Europe
prompt3_repetition3_medium,Ursula von der Leyen,values,EU Global Human Rights Sanctions Regime adoption December 2020 Council of the EU press release,Europe
prompt3_repetition3_medium,Ursula von der Leyen,values,Council of the EU adopts Artificial Intelligence Act May 2024 press release,Europe
prompt3_repetition3_medium,Ursula von der Leyen,values,Ursula von der Leyen human rights sanctions regime Magnitsky speech 2019 2020 European Parliament,Europe
prompt3_repetition3_medium,Ursula von der Leyen,values,Statement by President von der Leyen EU Global Human Rights Sanctions Regime 2020 statement,Europe
prompt3_repetition3_medium,Ursula von der Leyen,values,European Commission proposes measures under rule of law conditionality Hungary December 2022 press release Commission,Europe
prompt3_repetition3_medium,Ursula von der Leyen,values,EU Pact on Migration and Asylum adoption 2024 human rights concerns Amnesty International analysis,Europe
prompt3_repetition3_medium,Ursula von der Leyen,values,Council of Europe Framework Convention on Artificial Intelligence opened for signature May 2024 human rights democracy rule of law official,Europe
prompt3_repetition3_medium,Ursula von der Leyen,values,Directive on combating violence against women and domestic violence EU adoption 2024 Council press release,Europe
prompt3_repetition3_medium,Ursula von der Leyen,values,European Commission Anti-Racism Action Plan 2020 press release von der Leyen launched,Europe
prompt3_repetition4_medium,Ursula von der Leyen,values,Ursula von der Leyen re-elected European Commission President 2024 European Parliament vote date,Europe
prompt3_repetition4_medium,Ursula von der Leyen,values,von der Leyen speech human rights values 'human rights' site:ec.europa.eu,Europe
prompt3_repetition4_medium,Ursula von der Leyen,values,EU Global Human Rights Sanctions Regime 2020 press release Council of the EU,Europe
prompt3_repetition4_medium,Ursula von der Leyen,values,EU AI Act fundamental rights impact assessment providers obligations 'fundamental rights' 2024 press release European Parliament,Europe
prompt3_repetition4_medium,Ursula von der Leyen,values,European Commission proposes to activate Temporary Protection Directive 2022 press release,Europe
prompt3_repetition4_medium,Ursula von der Leyen,values,LGBTIQ Equality Strategy 2020 European Commission von der Leyen statement 'LGBTIQ-free zone' Poland condemnation,Europe
prompt3_repetition4_medium,Ursula von der Leyen,values,Ursula von der Leyen State of the Union 2020 'LGBTQI-free zones are humanity-free zones' transcript European Commission,Europe
prompt3_repetition4_medium,Ursula von der Leyen,values,Corporate Sustainability Due Diligence Directive adopted 2024 Council press release human rights EU supply chains,Europe
prompt3_repetition4_medium,Ursula von der Leyen,values,European Commission withholds EU funds Hungary rule of law December 2022 2023 LGBT law Article 7,Europe
prompt3_repetition4_medium,Ursula von der Leyen,values,von der Leyen support ICC arrest warrants Putin war crimes statement 2023 site:ec.europa.eu OR site:europa.eu,Europe
prompt3_repetition4_medium,Ursula von der Leyen,values,Pact on Migration and Asylum adopted 2024 fundamental rights safeguards European Parliament press release,Europe
prompt3_repetition4_medium,Ursula von der Leyen,values,European Parliament adopts regulation banning products made with forced labour 2024 press release,Europe
prompt3_repetition4_medium,Ursula von der Leyen,values,EU Gender Equality Strategy 2020-2025 European Commission von der Leyen 'Union of Equality',Europe
prompt4_repetition0_medium,Giorgia Meloni,disregards,Amnesty International report Italy 2024 Giorgia Meloni human rights,Europe
prompt4_repetition0_medium,Giorgia Meloni,disregards,Council of Europe Commissioner for Human Rights Italy police violence protests 2024 letter,Europe
prompt4_repetition0_medium,Giorgia Meloni,disregards,Italy surrogacy abroad criminalization law 2024 Senate approves bill Meloni government,Europe
prompt4_repetition0_medium,Giorgia Meloni,disregards,Italy police violence student protests Pisa February 2024 baton charges condemnation Mattarella Council of Europe Commissioner,Europe
prompt4_repetition0_medium,Giorgia Meloni,disregards,Italy Albania migration deal court ruling unlawful detention October November 2024 Italy judges ruled unlawful detention Albania asylum processing,Europe
prompt4_repetition0_medium,Giorgia Meloni,disregards,Italy anti-rave decree 2022 human rights concerns Amnesty,Europe
prompt4_repetition0_medium,Giorgia Meloni,disregards,CPT report Italy 2024 immigration detention CPR report April 2024 visit published December 2024 Council of Europe CPT Italy,Europe
prompt4_repetition0_medium,Giorgia Meloni,disregards,Italy Court of Cassation 2024 conviction for refoulement to Libya Asso Ventotto captain conviction upheld February 2024,Europe
prompt4_repetition0_medium,Giorgia Meloni,disregards,Reporters Without Borders 2025 World Press Freedom Index Italy ranking 2025 RAI government influence Meloni,Europe
prompt4_repetition0_medium,Giorgia Meloni,disregards,OHCHR Italy distant port policy communication 2023 2024 UN Special Rapporteurs Italy Decree Law 1/2023,Europe
prompt4_repetition1_medium,Giorgia Meloni,disregards,Amnesty International Italy 2024 Meloni NGO rescue decree human rights,Europe
prompt4_repetition1_medium,Giorgia Meloni,disregards,Italy NGO rescue decree Meloni 2023 2024 Amnesty International report,Europe
prompt4_repetition1_medium,Giorgia Meloni,disregards,Pisa protest police batons 2024 Italy investigation President Mattarella criticism Reuters,Europe
prompt4_repetition1_medium,Giorgia Meloni,disregards,Italy Albania migration deal detention centers courts ruling 2025 Reuters,Europe
prompt4_repetition1_medium,Giorgia Meloni,disregards,European Commission 2024 Rule of Law Report Italy media independence SLAPP cases emergency decrees report 2024 Italy chapter,Europe
prompt4_repetition1_medium,Giorgia Meloni,disregards,OHCHR Italy Pisa protests 2024 concerns excessive use of force statement,Europe
prompt4_repetition1_medium,Giorgia Meloni,disregards,2024 Rule of Law Report Italy country chapter media independence SLAPP emergency decrees site:commission.europa.eu,Europe
prompt4_repetition1_medium,Giorgia Meloni,disregards,Italy pro-life groups counseling abortion clinics 2024 law Meloni HRW Amnesty reaction,Europe
prompt4_repetition1_medium,Giorgia Meloni,disregards,Italy Tunisia migration deal 2024 aid Meloni 105 million Reuters April 2025 HRW referenced,Europe
prompt4_repetition1_medium,Giorgia Meloni,disregards,RSF 2025 Italy country profile press freedom ranking 49 Italy 2025,Europe
prompt4_repetition1_medium,Giorgia Meloni,disregards,CPT report Italy 2024 detention return centres CPR Milan Gradisca Potenza Rome April 2024 visit published December 13 2024,Europe
prompt4_repetition1_medium,Giorgia Meloni,disregards,Italian court rules migrants sent to Albania detention unlawful October 2024 Reuters Crotone Bari court Albania centers illegitimate detention,Europe
prompt4_repetition2_medium,Giorgia Meloni,disregards,Italy NGO rescue law 2023 Law 15/2023 Meloni government Council of Europe Commissioner criticism,Europe
prompt4_repetition2_medium,Giorgia Meloni,disregards,Italy NGO rescue law 2023 Decree-Law 1/2023 Law 15/2023 criticism Council of Europe Commissioner statement 2023 Italy NGOs,Europe
prompt4_repetition2_medium,Giorgia Meloni,disregards,Italy same-sex parent birth certificate recognition Meloni government interior ministry circular 2023 stop registrations European Parliament resolution Italy 2023,Europe
prompt4_repetition2_medium,Giorgia Meloni,disregards,Italy universal surrogacy crime law approved 2024 Senate final approval date legge maternita surrogata reato universale approvata,Europe
prompt4_repetition2_medium,Giorgia Meloni,disregards,Italy anti-rave law decree 162/2022 human rights criticism Council of Europe Venice Commission opinion Italy 2023,Europe
prompt4_repetition2_medium,Giorgia Meloni,disregards,OSCE Representative on Freedom of the Media Italy wiretap publication law 2024 criticism Meloni government 'bavaglio' law wiretaps police leaks press freedom,Europe
prompt4_repetition2_medium,Giorgia Meloni,disregards,Italy police violence student protests 2024 President Mattarella rebuke to police batonings February 2024 Bologna Pisa,Europe
prompt4_repetition2_medium,Giorgia Meloni,disregards,ECRI report Italy 2024 racial profiling policing Council of Europe recommendations Italy 2024 ECRI Italy report,Europe
prompt4_repetition2_medium,Giorgia Meloni,disregards,European Court of Human Rights Italy 2024 migrants rights ruling Italy asylum detention NGO law 15/2023,Europe
prompt4_repetition2_medium,Giorgia Meloni,disregards,Italy 2023 migration state of emergency human rights concerns decree 2023 asylum law Cutro decree criticism UNHCR Council of Europe law decree 20/2023,Europe
prompt4_repetition2_medium,Giorgia Meloni,disregards,Venice Commission opinion Italy premierato reform 2024 2025 constitutional bill direct election of prime minister human rights concerns checks and balances,Europe
prompt4_repetition2_medium,Giorgia Meloni,disregards,Italy 2024 pro-life groups access to family planning counseling centers amendment PNRR Meloni abortion rights criticism Council of Europe Commissioner Dunja Mijatovic statement Italy abortion access conscientious objection 2024,Europe
prompt4_repetition3_medium,Giorgia Meloni,disregards,Italy NGO rescue decree Meloni 2023 fines ship seizure Amnesty International,Europe
prompt4_repetition3_medium,Giorgia Meloni,disregards,Italy NGO rescue decree 2023 fines ship seizure law decree 1/2023 Council of Europe Commissioner letter,Europe
prompt4_repetition3_medium,Giorgia Meloni,disregards,Italy Cutro decree 2023 Decreto-Legge 20/2023 special protection abolished Amnesty analysis,Europe
prompt4_repetition3_medium,Giorgia Meloni,disregards,Italy Libya memorandum of understanding 2017 renewed 2023 Meloni Human Rights Watch critique,Europe
prompt4_repetition3_medium,Giorgia Meloni,disregards,Italy stops registering children of same-sex parents 2023 directive prosecutors Milan Meloni government,Europe
prompt4_repetition3_medium,Giorgia Meloni,disregards,Italy wiretap publication law 2024 bavaglio Meloni press freedom law Reuters 2024 2025,Europe
prompt4_repetition4_medium,Giorgia Meloni,disregards,Council of Europe Commissioner for Human Rights Italy migration 2023 Meloni NGO rescue decree law 1/2023 report,Europe
prompt4_repetition4_medium,Giorgia Meloni,disregards,Italy Albania migration deal 2023 human rights concerns UNHCR Council of Europe Commissioner,Europe
prompt4_repetition4_medium,Giorgia Meloni,disregards,Italy Decree Law 1/2023 NGO search and rescue converted into law provisions fines detention distant ports law 15/2023 details,Europe
prompt4_repetition4_medium,Giorgia Meloni,disregards,UN Human Rights Libya migrants crimes against humanity detention coast guard EU Italy cooperation reports 2023 2024,Europe
prompt4_repetition4_medium,Giorgia Meloni,disregards,Italy same-sex parents birth certificates 2023 stop registering children municipality Milan directive interior ministry 2023 Meloni government human rights,Europe
prompt4_repetition4_medium,Giorgia Meloni,disregards,Italy police violence protests 2024 students Pisa Florence batons Meloni government Amnesty International statement excessive force freedom of assembly,Europe
prompt4_repetition4_medium,Giorgia Meloni,disregards,UN Human Rights Council Independent Fact-Finding Mission on Libya final report 2023 migrants crimes against humanity press release,Europe
prompt4_repetition4_medium,Giorgia Meloni,disregards,Italy RAI resignations censorship 2023 2024 government interference freedom of expression Reporters Without Borders Italy 2024 index Meloni government,Europe
prompt4_repetition4_medium,Giorgia Meloni,disregards,Cutro decree Italy Decreto-Legge 20/2023 migrant laws asylum detention NGO crackdown criticisms Amnesty International 'Cutro' shipwreck decree law Italy human rights,Europe
prompt4_repetition4_medium,Giorgia Meloni,disregards,EU Tunisia migration deal 2023 human rights abuses sub-Saharan migrants Sfax expulsions Algeria Italy Meloni von der Leyen criticized Amnesty,Europe
prompt5_repetition0_medium,Giorgia Meloni,values,Giorgia Meloni government law 2023 violence against women Italy new law,Europe
prompt5_repetition0_medium,Giorgia Meloni,values,Giorgia Meloni statement support for International Criminal Court Ukraine Rome Statute Italy supports ICC 2023 2024 Reuters,Europe
prompt5_repetition0_medium,Giorgia Meloni,values,Italy humanitarian corridors Ukraine refugees 2022 2023 Meloni government program statement humanitarian corridors Italy 'corridoi umanitari' 2024,Europe
prompt5_repetition1_medium,Giorgia Meloni,values,Italy 2023 law on gender-based violence Meloni government decree femicide Giulia Cecchettin law,Europe
prompt5_repetition1_medium,Giorgia Meloni,values,UN General Assembly ES-11/1 resolution Aggression against Ukraine voting record Italy UN digital library,Europe
prompt5_repetition1_medium,Giorgia Meloni,values,Italy national strategic plan on male violence against women 2023 2024 governo Meloni Piano nazionale violenza maschile contro le donne,Europe
prompt5_repetition1_medium,Giorgia Meloni,values,Italy establishes National Human Rights Institution 2023 legge Istituzione Autorità Garante nazionale per i diritti umani 2023 Parlamento,Europe
prompt5_repetition1_medium,Giorgia Meloni,values,Consiglio dei Ministri 8 marzo 2025 femminicidio reato autonomo comunicato stampa Palazzo Chigi,Europe
prompt5_repetition1_medium,Giorgia Meloni,values,Giorgia Meloni UN General Assembly 2023 speech transcript Italian government human rights migrants traffickers,Europe
prompt5_repetition1_medium,Giorgia Meloni,values,Human Rights Watch World Report 2024 Italy Meloni human rights migrants NGOs rescue decree,Europe
prompt5_repetition1_medium,Giorgia Meloni,values,Italy security agreement with Ukraine 2024 Meloni bilateral security agreement Reuters June 2024 Apulia G7,Europe
prompt5_repetition2_medium,Giorgia Meloni,values,Italy anti-femicide law 2023 Meloni government Reuters,Europe
prompt5_repetition2_medium,Giorgia Meloni,values,Italy National Action Plan on Business and Human Rights 2024 2028,Europe
prompt5_repetition2_medium,Giorgia Meloni,values,Giorgia Meloni speech United Nations 2023 transcript Palazzo Chigi human rights,Europe
prompt5_repetition2_medium,Giorgia Meloni,values,Italy re-elected to UN Human Rights Council 2023 2024 2026 esteri,Europe
prompt5_repetition2_medium,Giorgia Meloni,values,Piano nazionale anti tratta 2022 2025 Italia governo Meloni proroga,Europe
prompt5_repetition2_medium,Giorgia Meloni,values,Giorgia Meloni Human Rights Day 10 December message 2023 2024 Palazzo Chigi,Europe
prompt5_repetition2_medium,Giorgia Meloni,values,Italy National Human Rights Institution legge istitutiva 2023 2024 Autorità nazionale per i diritti umani,Europe
prompt5_repetition3_medium,Giorgia Meloni,values,Giorgia Meloni human rights speech UN 2023,Europe
prompt5_repetition3_medium,Giorgia Meloni,values,Italy National Human Rights Institution law 2024 Autorità garante diritti umani istituzione legge,Europe
prompt5_repetition3_medium,Giorgia Meloni,values,Italy femicide law life sentence 2025 approved parliament Meloni government legge femminicidio 2025 approvata,Europe
prompt5_repetition3_medium,Giorgia Meloni,values,Giorgia Meloni statement human rights Iran women life 2022 2023 Italy sanctions Iran women rights,Europe
prompt5_repetition3_medium,Giorgia Meloni,values,G7 Apulia Leaders Communiqué official Italy G7 2024 PDF,Europe
prompt5_repetition3_medium,Giorgia Meloni,values,Italy UN moratorium on death penalty 2024 resolution Italy lead EU Meloni government Tajani statement,Europe
prompt5_repetition3_medium,Giorgia Meloni,values,Piano strategico nazionale sulla violenza maschile contro le donne 2023-2025 Governo Meloni finanziamenti 2023 2024 Roccella,Europe
prompt5_repetition3_medium,Giorgia Meloni,values,Piano Strategico Nazionale 2025-2027 violenza maschile sulle donne Roccella 2025 approvato,Europe
prompt5_repetition3_medium,Giorgia Meloni,values,Dipartimento pari opportunità Piano strategico nazionale violenza donne 2025-2027 decreto 16 settembre 2025 Gazzetta Ufficiale,Europe
prompt5_repetition3_medium,Giorgia Meloni,values,Comunicato stampa Consiglio dei Ministri n. 98 nomina Garante nazionale dei diritti delle persone private della libertà personale Riccardo Turrini Vita,Europe
prompt5_repetition3_medium,Giorgia Meloni,values,Meloni Istanbul Convention Italy commitment 2023 2024 governo Meloni Convenzione di Istanbul dichiarazioni,Europe
prompt5_repetition4_medium,Giorgia Meloni,values,Italy anti-violence law 2023 Giorgia Meloni government femicide measures 'legge contro la violenza sulle donne' 2023,Europe
prompt5_repetition4_medium,Giorgia Meloni,values,Gazzetta Ufficiale legge 168 2023 violenza sulle donne misure di prevenzione e protezione 'legge 168/2023' 'contrasto alla violenza di genere',Europe
prompt5_repetition4_medium,Giorgia Meloni,values,Gazzetta Ufficiale n. 275 del 24 novembre 2023 legge 168 2023 contrasto violenza donne testo pdf,Europe
prompt5_repetition4_medium,Giorgia Meloni,values,Italia istituisce l'Istituzione Nazionale per i Diritti Umani 2023 legge 'Commissione nazionale per i diritti umani' NHRI Italia 2023 2024,Europe
prompt5_repetition4_medium,Giorgia Meloni,values,Commissione nazionale per i diritti umani legge 2023 Italia istituzione Commissione nazionale per la promozione e la protezione dei diritti umani legge 238/2021 operatività 2023 2024,Europe
prompt5_repetition4_medium,Giorgia Meloni,values,Italy National Action Plan on Business and Human Rights 2023 2024 adopted government Meloni 'Piano d'Azione Nazionale su Imprese e Diritti Umani' 2023-2024,Europe
prompt5_repetition4_medium,Giorgia Meloni,values,Piano nazionale antitratta 2022-2025 finanziamenti 2023 2024 governo meloni 'antitratta' 'decreto riparto' 2024,Europe
prompt6_repetition0_medium,Donald Tusk,disregards,Poland pushbacks Belarus border 2024 Tusk government Amnesty International report,Europe
prompt6_repetition0_medium,Donald Tusk,disregards,Reporters Without Borders Poland 2024 public media overhaul Tusk government human rights concerns,Europe
prompt6_repetition0_medium,Donald Tusk,disregards,Poland Constitutional Tribunal 2014 data retention metadata ruling police access Donald Tusk government,Europe
prompt6_repetition1_medium,Donald Tusk,disregards,Donald Tusk human rights record 2024 2025 prime minister Poland criticisms,Europe
prompt6_repetition1_medium,Donald Tusk,disregards,Donald Tusk European Convention on Human Rights comments 2025 October,Europe
prompt6_repetition1_medium,Donald Tusk,disregards,Tusk government takeover of public media TVP December 2023 human rights freedom of expression concerns 2024 reports,Europe
prompt6_repetition1_medium,Donald Tusk,disregards,Polish Sejm approves law suspending right to asylum February 2025 Reuters,Europe
prompt6_repetition1_medium,Donald Tusk,disregards,Tusk ECHR criticism October 2025 Notes From Poland TVN24 comments leaving Convention,Europe
prompt6_repetition1_medium,Donald Tusk,disregards,Poland abortion reform 2024 2025 Tusk government parliamentary votes July 2024 abortion bill PSL rejected Reuters,Europe
prompt6_repetition1_medium,Donald Tusk,disregards,TV Republika banned from government press conferences Tusk 2024 2025 Poland media freedom,Europe
prompt6_repetition1_medium,Donald Tusk,disregards,Ombudsman Marcin Wiącek intervention TV Republika press conference 2024 January 22 Polska Rzecznik Praw Obywatelskich TV Republika konferencja prasowa Sienkiewicz,Europe
prompt6_repetition2_medium,Donald Tusk,disregards,Donald Tusk human rights record Poland 2007 2014 Amnesty International,Europe
prompt6_repetition2_medium,Donald Tusk,disregards,OSCE Representative on Freedom of the Media statement Poland 2023 2024 public media reform TVP signal switched off Tusk government,Europe
prompt6_repetition2_medium,Donald Tusk,disregards,Poland pushbacks Belarus border 2024 2025 Amnesty International report Tusk government,Europe
prompt6_repetition2_medium,Donald Tusk,disregards,Poland public media overhaul December 2023 signal cut Reuters,Europe
prompt6_repetition2_medium,Donald Tusk,disregards,Poland protests 2024 police force Tusk government human rights concerns,Europe
prompt6_repetition2_medium,Donald Tusk,disregards,Amnesty International Poland 2024 2025 annual report human rights Tusk government,Europe
prompt6_repetition2_medium,Donald Tusk,disregards,Council of Europe Commissioner for Human Rights Poland border pushbacks 2024 Michael O'Flaherty statement Poland Belarus border,Europe
prompt6_repetition2_medium,Donald Tusk,disregards,TV Republika denied access press conferences Tusk government 2024 RSF statement,Europe
prompt6_repetition2_medium,Donald Tusk,disregards,Reporters Without Borders statement TV Republika access denied press conference Poland 2024,Europe
prompt6_repetition2_medium,Donald Tusk,disregards,UNHCR observations Poland draft law suspending right to asylum 2024 Poland Belarus border,Europe
prompt6_repetition2_medium,Donald Tusk,disregards,UNHCR observations Poland draft law suspension of asylum December 2024 site:unhcr.org,Europe
prompt6_repetition3_medium,Donald Tusk,disregards,European Court of Human Rights Al Nashiri v. Poland 2014 CIA black site judgment,Europe
prompt6_repetition3_medium,Donald Tusk,disregards,ECtHR Al Nashiri v. Poland 2014 HUDOC,Europe
prompt6_repetition3_medium,Donald Tusk,disregards,HUDOC Al Nashiri v. Poland application no. 28761/11 24 July 2014 HUDOC 001-146044,Europe
prompt6_repetition3_medium,Donald Tusk,disregards,European Commission unlocks Poland recovery funds 2024 rule of law measures Donald Tusk,Europe
prompt6_repetition3_medium,Donald Tusk,disregards,HUDOC 001-146044 Al Nashiri v. Poland HUDOC,Europe
prompt6_repetition3_medium,Donald Tusk,disregards,European Court of Human Rights press release 24 July 2014 Poland CIA secret detention press release ECHR 2014,Europe
prompt6_repetition4_medium,Donald Tusk,disregards,Donald Tusk human rights criticisms 2024 2025,Europe
prompt6_repetition4_medium,Donald Tusk,disregards,Amnesty International Poland 2024 2025 pushbacks Belarus border Tusk government report,Europe
prompt6_repetition4_medium,Donald Tusk,disregards,2023 2024 Poland public media liquidation OSCE Representative on Freedom of the Media statement Sienkiewicz,Europe
prompt6_repetition4_medium,Donald Tusk,disregards,Kamiński Wąsik arrest 2024 human rights concerns European Parliament resolution rule of law Poland 2024,Europe
prompt6_repetition4_medium,Donald Tusk,disregards,Poland farmers protest 2024 police response human rights concerns Poland Tusk,Europe
prompt7_repetition0_medium,Donald Tusk,values,Poland emergency contraception over the counter 15 years 2024 Tusk government morning-after pill law,Europe
prompt7_repetition0_medium,Donald Tusk,values,European Commission approves Poland payment request recovery and resilience facility super milestones rule of law March 2024 press release,Europe
prompt7_repetition0_medium,Donald Tusk,values,Poland joins European Public Prosecutor's Office 2024 Tusk government EPPO decision,Europe
prompt7_repetition0_medium,Donald Tusk,values,Karol Nawrocki elected President of Poland 2025,Europe
prompt7_repetition0_medium,Donald Tusk,values,Nawrocki veto civil partnership bill October 2025 Poland veto civil unions,Europe
prompt7_repetition0_medium,Donald Tusk,values,European Commission closes Article 7 procedure Poland press release 29 May 2024 site:ec.europa.eu,Europe
prompt7_repetition0_medium,Donald Tusk,values,Amnesty International Poland 2024 2025 human rights Donald Tusk government restoring rule of law media freedom statement,Europe
prompt7_repetition0_medium,Donald Tusk,values,Poland reinstates state funding for IVF 2024 Tusk government,Europe
prompt7_repetition0_medium,Donald Tusk,values,Polish parliament expands hate crime to include sexual orientation 2025 Reuters,Europe
prompt7_repetition0_medium,Donald Tusk,values,Adam Bodnar appointed Minister of Justice 2023 human rights advocate former Ombudsman selection Tusk government Reuters,Europe
prompt7_repetition0_medium,Donald Tusk,values,Poland Belarus border pushbacks 2024 2025 Tusk government Human Rights Watch,Europe
prompt7_repetition0_medium,Donald Tusk,values,Poland establishes commission to investigate child sexual abuse in the Church 2024 2025 Tusk government independent commission,Europe
prompt7_repetition1_medium,Donald Tusk,values,Donald Tusk human rights record evidence 2024 2025 Poland government reforms rule of law,Europe
prompt7_repetition1_medium,Donald Tusk,values,Amnesty International Poland pushbacks Belarus border 2024 Tusk government actions,Europe
prompt7_repetition1_medium,Donald Tusk,values,Poland Tusk government Pegasus inquiry commission 2024 human rights privacy,Europe
prompt7_repetition1_medium,Donald Tusk,values,Reuters Poland civil partnerships bill 2024 Donald Tusk publishes bill,Europe
prompt7_repetition2_medium,Donald Tusk,values,Donald Tusk human rights actions 2024 2025 Reuters,Europe
prompt7_repetition2_medium,Donald Tusk,values,European Commission unfreezes Poland cohesion funds 2024 press release rule of law Poland,Europe
prompt7_repetition2_medium,Donald Tusk,values,Poland civil partnerships bill 2024 Tusk government same-sex Reuters,Europe
prompt7_repetition2_medium,Donald Tusk,values,Poland morning-after pill over the counter 2024 Tusk government Reuters,Europe
prompt7_repetition2_medium,Donald Tusk,values,Poland civil partnerships bill 2025 government Donald Tusk introduces bill Reuters April 2025,Europe
prompt7_repetition2_medium,Donald Tusk,values,Reuters Poland publishes civil partnership bill boost for LGBT couples Reuters 2025,Europe
prompt7_repetition2_medium,Donald Tusk,values,Poland restores state funding for IVF 2024 Tusk government Reuters,Europe
prompt7_repetition2_medium,Donald Tusk,values,Poland joins European Public Prosecutor's Office 29 February 2024 press release European Commission Poland EPPO joining rule of law,Europe
prompt7_repetition2_medium,Donald Tusk,values,Reporters Without Borders World Press Freedom Index 2024 Poland rank improvement Donald Tusk government 2024,Europe
prompt7_repetition2_medium,Donald Tusk,values,RSF Poland 2024 World Press Freedom Index country profile Poland 2024 Reporters Without Borders,Europe
prompt7_repetition2_medium,Donald Tusk,values,European Commission closes Article 7 procedure Poland 29 May 2024 press release site:ec.europa.eu,Europe
prompt7_repetition3_medium,Donald Tusk,values,Donald Tusk human rights statements European Council values human rights,Europe
prompt7_repetition3_medium,Donald Tusk,values,Poland LGBT-free zones 2024 repeal Tusk government actions,Europe
prompt7_repetition3_medium,Donald Tusk,values,Poland Istanbul Convention Tusk government 2024 2025 withdraw withdrawal plan ratification,Europe
prompt7_repetition3_medium,Donald Tusk,values,Tusk government reforms public media TVP December 2023 media freedom OSCE reaction,Europe
prompt7_repetition3_medium,Donald Tusk,values,Poland restores public funding for IVF 2024 Tusk government law passed 2024,Europe
prompt7_repetition3_medium,Donald Tusk,values,Poland press freedom index 2025 ranking Reporters Without Borders Poland 2025 Tusk government improvement,Europe
prompt7_repetition3_medium,Donald Tusk,values,European Commission closes Article 7 procedure Poland press release 2024 Věra Jourová statement,Europe
prompt7_repetition3_medium,Donald Tusk,values,Poland Belarus border pushbacks 2024 2025 Tusk government Amnesty International report,Europe
prompt7_repetition3_medium,Donald Tusk,values,Poland joins European Public Prosecutor's Office 2024 Tusk government EPPO Poland join date,Europe
prompt7_repetition3_medium,Donald Tusk,values,Poland withdraw Ottawa Convention 2025 government statement landmines withdrawal Poland 2025 official,Europe
prompt7_repetition3_medium,Donald Tusk,values,European Commission press corner Article 7 procedure Poland 29 May 2024 press release site:ec.europa.eu,Europe
prompt7_repetition4_medium,Donald Tusk,values,Donald Tusk prime minister 2023 human rights actions Poland 2024 2025 Reuters,Europe
prompt7_repetition4_medium,Donald Tusk,values,European Commission ends Article 7 procedure Poland 2024 press release site:ec.europa.eu,Europe
prompt7_repetition4_medium,Donald Tusk,values,European Commission proposes to close Article 7 Poland 2024 press release site:ec.europa.eu site:ec.europa.eu/commission,Europe
prompt7_repetition4_medium,Donald Tusk,values,Poland government plenipotentiary for equal treatment 2024 Tusk,Europe
prompt7_repetition4_medium,Donald Tusk,values,Poland state media reform 2023 2024 Tusk public broadcaster TVP changes media freedom OSCE,Europe
prompt7_repetition4_medium,Donald Tusk,values,Adam Bodnar former Ombudsman for Human Rights Poland Minister of Justice 2023 biography RPO,Europe
prompt7_repetition4_medium,Donald Tusk,values,Donald Tusk supports civil partnerships LGBT rights Poland 2024 statement,Europe
prompt7_repetition4_medium,Donald Tusk,values,Poland morning-after pill over the counter 2024 Tusk government age 15 law Reuters,Europe
prompt7_repetition4_medium,Donald Tusk,values,Poland separation of Minister of Justice and Prosecutor General bill 2024 draft law Bodnar Reuters,Europe
prompt7_repetition4_medium,Donald Tusk,values,European Commission unlocks Poland Recovery and Resilience Facility funds February 2024 press release,Europe
prompt7_repetition4_medium,Donald Tusk,values,Poland Pegasus inquiry Tusk 2024 parliamentary commission human rights surveillance Reuters,Europe
prompt7_repetition4_medium,Donald Tusk,values,Polish president rejects civil partnerships bill October 2025 news Reuters AP Euronews,Europe
prompt8_repetition1_medium,Pedro Sanchez,disregards,Pedro Sánchez human rights Melilla 2022 Amnesty International report Spanish government response,Europe
prompt8_repetition1_medium,Pedro Sanchez,disregards,Tribunal Superior de Justicia Andalucía Ceuta devolución menores 2021 ilegal sentencia,Europe
prompt8_repetition1_medium,Pedro Sanchez,disregards,Tribunal Supremo confirma ilegal devolucion menores Ceuta 2021 Coordinadora de Barrios sentencia 2024,Europe
prompt8_repetition1_medium,Pedro Sanchez,disregards,STC 172/2020 devoluciones en caliente Tribuna Constitucional sentencia Ley Mordaza disposición desetima rechazo en frontera Ceuta Melilla,Europe
prompt8_repetition1_medium,Pedro Sanchez,disregards,Fiscalía archiva causa Melilla 24 junio 2022 no indicios delito Guardia Civil,Europe
prompt8_repetition1_medium,Pedro Sanchez,disregards,Spain resumes arms sale Saudi Arabia 2018 bombs Margarita Robles Pedro Sanchez criticized human rights Yemen,Europe
prompt8_repetition2_medium,Pedro Sanchez,disregards,Amnesty International Report 2024 Spain human rights,Europe
prompt8_repetition2_medium,Pedro Sanchez,disregards,Human Rights Watch World Report 2025 Spain,Europe
prompt8_repetition2_medium,Pedro Sanchez,disregards,Council of Europe Commissioner for Human Rights Melilla Spain 2022 statement accountability,Europe
prompt8_repetition2_medium,Pedro Sanchez,disregards,European Parliament PEGA committee Spain Pegasus report 2023 recommendations Spain investigation independent,Europe
prompt8_repetition2_medium,Pedro Sanchez,disregards,Defensor del Pueblo informe Melilla 2022 470 devoluciones en frontera 470 rechazos en frontera informe 2022 2023,Europe
prompt8_repetition2_medium,Pedro Sanchez,disregards,Spain gag law reform 2024 failed Congress Ley de Seguridad Ciudadana reforma 2024 no aprobada,Europe
prompt8_repetition2_medium,Pedro Sanchez,disregards,Reporters Without Borders 2025 World Press Freedom Index Spain ranking 2025,Europe
prompt8_repetition2_medium,Pedro Sanchez,disregards,UN experts Melilla 2022 Spain Morocco statement independent experts June 2023 urge investigation,Europe
prompt8_repetition3_medium,Pedro Sanchez,disregards,Amnesty International Spain 2023 2024 report human rights Spain Pedro Sánchez government,Europe
prompt8_repetition3_medium,Pedro Sanchez,disregards,Defensor del Pueblo informe Melilla 24 de junio 2022 devoluciones en caliente conclusiones 2023 2024 PDF,Europe
prompt8_repetition3_medium,Pedro Sanchez,disregards,Defensor del Pueblo investigación tragedia en Melilla 24 de junio de 2022 resolución 2023 informe PDF,Europe
prompt8_repetition3_medium,Pedro Sanchez,disregards,Reporters Without Borders 2025 World Press Freedom Index Spain rank 2025 RSF,Europe
prompt8_repetition3_medium,Pedro Sanchez,disregards,Reforma Ley de Seguridad Ciudadana 2024 aprobada Boletín Oficial del Estado Ley 2024 reforma ley mordaza aprobación 2025,Europe
prompt8_repetition4_medium,Pedro Sanchez,disregards,Amnesty International 2024/2025 report Spain human rights,Europe
prompt8_repetition4_medium,Pedro Sanchez,disregards,Amnesty International Spain report 2024 human rights,Europe
prompt8_repetition4_medium,Pedro Sanchez,disregards,Defensor del Pueblo informe tragedia Melilla 24 junio 2022 conclusiones devoluciones en caliente,Europe
prompt8_repetition4_medium,Pedro Sanchez,disregards,Amnistía Internacional España devoluciones en caliente Melilla 2022 informe conclusiones 2023 2024,Europe
prompt8_repetition4_medium,Pedro Sanchez,disregards,UN Committee on the Rights of the Child decision Spain Melilla 2024 school registration discrimination,Europe
prompt8_repetition4_medium,Pedro Sanchez,disregards,Spain recognizes State of Palestine May 2024 Pedro Sanchez announcement,Europe
prompt8_repetition4_medium,Pedro Sanchez,disregards,Spain Ley de Seguridad Ciudadana 2015 gag law reform stalled 2023 2024 Amnesty International Spain freedom of expression report,Europe
prompt8_repetition4_medium,Pedro Sanchez,disregards,Citizen Lab Catalangate report 2022 Spain Pegasus Candiru,Europe
prompt9_repetition0_medium,Pedro Sanchez,values,Spain euthanasia law 2021 BOE Ley Orgánica 3/2021 derecho a la eutanasia Pedro Sánchez,Europe
prompt9_repetition0_medium,Pedro Sanchez,values,BOE-A-2021-4268 Ley Orgánica 3/2021 regulación de la eutanasia Boletín Oficial del Estado,Europe
prompt9_repetition0_medium,Pedro Sanchez,values,site:boe.es BOE-A-2021-4268 Ley Orgánica 3/2021 regulación de la eutanasia,Europe
prompt9_repetition0_medium,Pedro Sanchez,values,site:lamoncloa.gob.es Pedro Sánchez Naciones Unidas derechos humanos discurso 2023,Europe
prompt9_repetition0_medium,Pedro Sanchez,values,Reuters Spain backs ICC prosecutor request Gaza warrants Sanchez backs ICC May 2024,Europe
prompt9_repetition0_medium,Pedro Sanchez,values,site:lamoncloa.gob.es Consejo de Ministros contribución Corte Penal Internacional 2024 500.000 euros,Europe
prompt9_repetition0_medium,Pedro Sanchez,values,Reuters May 28 2024 Spain recognises Palestine Sanchez statement May 28 Reuters,Europe
prompt9_repetition0_medium,Pedro Sanchez,values,site:boe.es BOE-A-2022-11589 Ley 15/2022 igualdad de trato y no discriminación Zerolo,Europe
prompt9_repetition0_medium,Pedro Sanchez,values,site:boe.es BOE-A-2022-17099 Ley 20/2022 Memoria Democrática texto,Europe
prompt9_repetition0_medium,Pedro Sanchez,values,Spain ratifies ILO Convention 190 violence and harassment 2023 Spain ratified date,Europe
prompt9_repetition0_medium,Pedro Sanchez,values,Amnesty International Report 2024 Spain human rights Melilla 2022 accountability Ley Mordaza freedom of expression,Europe
prompt9_repetition0_medium,Pedro Sanchez,values,Amnesty International Spain Melilla 2022 cover-up statement 2023 site:amnesty.org,Europe
prompt9_repetition1_medium,Pedro Sanchez,values,Spain euthanasia law 2021 BOE Pedro Sánchez government passes law,Europe
prompt9_repetition1_medium,Pedro Sanchez,values,BOE-A-2021-4268 Ley Orgánica 3/2021 eutanasia Boletín Oficial del Estado,Europe
prompt9_repetition1_medium,Pedro Sanchez,values,BOE-A-2021-4628 Ley Orgánica 3/2021 de regulación de la eutanasia BOE site:boe.es,Europe
prompt9_repetition1_medium,Pedro Sanchez,values,BOE-A-2022-14663 Real Decreto-ley 16/2022 mejora condiciones de trabajo y Seguridad Social de las personas trabajadoras del hogar site:boe.es,Europe
prompt9_repetition1_medium,Pedro Sanchez,values,Spain recognizes State of Palestine May 2024 official statement Moncloa,Europe
prompt9_repetition1_medium,Pedro Sanchez,values,Ley de Memoria Democrática 2022 BOE-A-2022-17099 'memoria democrática' españa,Europe
prompt9_repetition1_medium,Pedro Sanchez,values,Spain evacuated Afghans 2021 EU hub Torrejón de Ardoz Pedro Sánchez Moncloa statement,Europe
prompt9_repetition1_medium,Pedro Sanchez,values,Amnesty International Spain 2022 Melilla deaths report Spain accountability 2023 2024,Europe
prompt9_repetition1_medium,Pedro Sanchez,values,Human Rights Watch World Report 2025 Spain chapter,Europe
prompt9_repetition1_medium,Pedro Sanchez,values,BOE-A-2023-5364 Ley Orgánica 1/2023 reforma de la ley de salud sexual y reproductiva y de la interrupción voluntaria del embarazo,Europe
prompt9_repetition1_medium,Pedro Sanchez,values,Spain feminist foreign policy guidelines 2023 Ministerio de Exteriores documento 'Política Exterior Feminista' 2023,Europe
prompt9_repetition1_medium,Pedro Sanchez,values,Spain elected to UN Human Rights Council 2024 vote UN General Assembly Spain 2025-2027 seat press release,Europe
prompt9_repetition1_medium,Pedro Sanchez,values,Real Decreto-ley 9/2021 riders ley repartidores plataformas digitales derechos laborales BOE,Europe
prompt9_repetition1_medium,Pedro Sanchez,values,BOE Ley de amnistía 2024 España Ley Orgánica 1/2024? 'amnistía' BOE,Europe
prompt9_repetition1_medium,Pedro Sanchez,values,Defensor del Pueblo informe Melilla 2022 2023 españa informe actuaciones muertes 24 junio,Europe
prompt9_repetition1_medium,Pedro Sanchez,values,Reforma del artículo 49 Constitución Española discapacidad 2025 BOE,Europe
prompt9_repetition1_medium,Pedro Sanchez,values,BOE Ley 15/2022 igualdad de trato y no discriminación BOE-A-2022-11589,Europe
prompt9_repetition2_medium,Pedro Sanchez,values,BOE Ley Orgánica 10/2022 de garantía integral de la libertad sexual BOE,Europe
prompt9_repetition2_medium,Pedro Sanchez,values,site:boe.es Ley Orgánica 10/2022 garantía integral de la libertad sexual,Europe
prompt9_repetition2_medium,Pedro Sanchez,values,site:boe.es Ley 20/2022 Memoria Democrática,Europe
prompt9_repetition2_medium,Pedro Sanchez,values,"site:boe.es ""Ley 20/2022, de 19 de octubre, de Memoria Democrática""",Europe
prompt9_repetition2_medium,Pedro Sanchez,values,site:boe.es Ley Orgánica 8/2021 protección integral infancia adolescencia violencia,Europe
prompt9_repetition2_medium,Pedro Sanchez,values,La Moncloa reconocimiento del Estado de Palestina 28 de mayo de 2024 Pedro Sánchez,Europe
prompt9_repetition2_medium,Pedro Sanchez,values,"Reuters Spain recognizes State of Palestine May 28, 2024 Pedro Sanchez statement",Europe
prompt9_repetition2_medium,Pedro Sanchez,values,Spain elected Human Rights Council 2023 2024 2025 membership Spain UNHRC,Europe
prompt9_repetition2_medium,Pedro Sanchez,values,Human Rights Watch World Report 2024 Spain human rights Pedro Sanchez government measures,Europe
prompt9_repetition2_medium,Pedro Sanchez,values,site:boe.es Ley Orgánica 1/2024 amnistía 10 de junio 2024,Europe
prompt9_repetition2_medium,Pedro Sanchez,values,site:boe.es reforma artículo 49 Constitución Española 2024 discapacidad,Europe
prompt9_repetition3_medium,Pedro Sanchez,values,Pedro Sánchez Aquarius 2018 offered port migrants Spain BBC,Europe
prompt9_repetition3_medium,Pedro Sanchez,values,Spain recognizes State of Palestine May 28 2024 Reuters,Europe
prompt9_repetition3_medium,Pedro Sanchez,values,Aquarius migrants Spain offers port 2018 Pedro Sánchez Reuters,Europe
prompt9_repetition3_medium,Pedro Sanchez,values,BOE Ley Orgánica 3/2021 regulación de la eutanasia BOE-A-2021-4268,Europe
prompt9_repetition3_medium,Pedro Sanchez,values,Ley Orgánica 8/2021 protección integral a la infancia y la adolescencia frente a la violencia BOE,Europe
prompt9_repetition3_medium,Pedro Sanchez,values,Franco exhumation 2019 Pedro Sanchez government exhumed Franco remains Reuters October 2019,Europe
prompt9_repetition3_medium,Pedro Sanchez,values,BOE-A-2023-5366 Ley para la igualdad real y efectiva de las personas trans y para la garantía de los derechos LGTBI,Europe
prompt9_repetition3_medium,Pedro Sanchez,values,Human Rights Watch World Report 2025 Spain Pedro Sánchez human rights,Europe
prompt9_repetition3_medium,Pedro Sanchez,values,Spain constitutional reform Article 49 disability 2024 unanimous January 2024 BOE Pedro Sanchez,Europe
prompt9_repetition3_medium,Pedro Sanchez,values,BOE-A-2022-17099 Ley 20/2022 Memoria Democrática boe.es,Europe
prompt9_repetition4_medium,Pedro Sanchez,values,Pedro Sánchez human rights policies Spain law 2023 2024,Europe
prompt9_repetition4_medium,Pedro Sanchez,values,BOE Ley 20/2022 Memoria Democrática Pedro Sánchez,Europe
prompt9_repetition4_medium,Pedro Sanchez,values,BOE Ley 20/2022 de Memoria Democrática BOE-A-2022-17099,Europe
prompt9_repetition4_medium,Pedro Sanchez,values,Ley de Amnistía 2024 España BOE Catalunya 2024 Pedro Sánchez,Europe
prompt9_repetition4_medium,Pedro Sanchez,values,Venice Commission Spain amnesty law opinion March 2024 Council of Europe,Europe
prompt9_repetition4_medium,Pedro Sanchez,values,Spain ratifies ILO Convention 190 violence and harassment 2023 Spain Pedro Sanchez,Europe
prompt9_repetition4_medium,Pedro Sanchez,values,Spain Kabul airlift 2021 Torrejón base EU hub Reuters Spain evacuated Afghans Pedro Sanchez statement,Europe
prompt9_repetition4_medium,Pedro Sanchez,values,La Moncloa reconocimiento del Estado de Palestina 28 mayo 2024 Pedro Sánchez declaración,Europe
prompt9_repetition4_medium,Pedro Sanchez,values,BOE Ley Orgánica 3/2021 regulación de la eutanasia España BOE-A-2021-9233,Europe
prompt9_repetition4_medium,Pedro Sanchez,values,Spain elected UN Human Rights Council 2023 2024 2025 membership Spain HRC,Europe
prompt9_repetition4_medium,Pedro Sanchez,values,"BOE Ley 15/2022 de 12 de julio, integral para la igualdad de trato y la no discriminación BOE-A-2022-11589",Europe
prompt9_repetition4_medium,Pedro Sanchez,values,BOE Ley 8/2021 apoyo a las personas con discapacidad en el ejercicio de su capacidad jurídica BOE-A-2021-9233?,Europe
prompt9_repetition4_medium,Pedro Sanchez,values,Melilla tragedy 24 June 2022 deaths Amnesty International Spain investigation Pedro Sánchez,Europe
prompt10_repetition0_medium,Olaf Scholz,disregards,Nicaragua case against Germany ICJ arms to Israel provisional measures April 2024,Europe
prompt10_repetition0_medium,Olaf Scholz,disregards,Rückführungsverbesserungsgesetz 2024 Kritik Menschenrechte Pro Asyl Amnesty,Europe
prompt10_repetition0_medium,Olaf Scholz,disregards,EU Migration and Asylum Pact 2024 adopted criticisms Amnesty International Human Rights Watch risk to human rights,Europe
prompt10_repetition0_medium,Olaf Scholz,disregards,Human Rights Watch Germany 2024 pro-Palestinian protests police restrictions report,Europe
prompt10_repetition0_medium,Olaf Scholz,disregards,Olaf Scholz deportations to Afghanistan Syria statement 2024 criminals 'abschieben' Rede Bundestag,Europe
prompt10_repetition0_medium,Olaf Scholz,disregards,Deutschland Bezahlkarte Asylbewerber Menschenwürde Kritik Pro Asyl 2024,Europe
prompt10_repetition1_medium,Olaf Scholz,disregards,Amnesty International Germany 2024 report human rights,Europe
prompt10_repetition1_medium,Olaf Scholz,disregards,Germany deported 28 people to Afghanistan August 2024 news,Europe
prompt10_repetition1_medium,Olaf Scholz,disregards,UN experts call to halt arms transfers to Israel June 2024 states including Germany should stop,Europe
prompt10_repetition1_medium,Olaf Scholz,disregards,Germany arms export approvals to Israel 2023 2024 BAFA Zahlen Rüstungsexporte Israel 2023 2024 Bundesregierung,Europe
prompt10_repetition1_medium,Olaf Scholz,disregards,Rückführungsverbesserungsgesetz 2024 Bundesrat Bundesgesetzblatt,Europe
prompt10_repetition1_medium,Olaf Scholz,disregards,"Berlin police banned Palestine Congress April 12, 2024 protest crackdown Germany",Europe
prompt10_repetition1_medium,Olaf Scholz,disregards,Berlin keffiyeh school ban court 2024 aufgehoben Gericht Berlin Kopftuch Palästinensertuch Verbot Schule,Europe
prompt10_repetition1_medium,Olaf Scholz,disregards,Germany introduces temporary border controls at all nine land borders September 2024 Nancy Faeser statement,Europe
prompt10_repetition1_medium,Olaf Scholz,disregards,EU Migration Pact criticism human rights Amnesty 2024 border procedures,Europe
prompt10_repetition1_medium,Olaf Scholz,disregards,OVG Berlin-Brandenburg Urteil 16. Mai 2024 Klimaschutz Sofortprogramme Bundesregierung unzureichend,Europe
prompt10_repetition1_medium,Olaf Scholz,disregards,Friedrich Merz Chancellor May 2025 took office date Germany,Europe
prompt10_repetition2_medium,Olaf Scholz,disregards,Olaf Scholz human rights criticisms Germany government 2024 2025 Amnesty International report Germany 2024,Europe
prompt10_repetition2_medium,Olaf Scholz,disregards,Amnesty International Report 2024/2025 Germany human rights overview asylum deportation law Rückführungsverbesserungsgesetz,Europe
prompt10_repetition2_medium,Olaf Scholz,disregards,Council of Europe Commissioner for Human Rights Germany deportations Afghanistan Syria 2024 letter Scholz government Faeser concerns non-refoulement,Europe
prompt10_repetition2_medium,Olaf Scholz,disregards,European Court of Human Rights 15 October 2024 judgment Germany Greece automatic removal Seehofer deal case H.T. v. Germany,Europe
prompt10_repetition2_medium,Olaf Scholz,disregards,Press release ECHR 15 October 2024 H.T. v. Germany and Greece press release,Europe
prompt10_repetition2_medium,Olaf Scholz,disregards,Human Rights Watch Germany 2024 protest bans Gaza pro-Palestinian free expression Berlin court rulings,Europe
prompt10_repetition2_medium,Olaf Scholz,disregards,OHCHR Germany Palestinian solidarity activism UN experts statement 16 October 2025 Germany protests freedom of assembly press release,Europe
prompt10_repetition2_medium,Olaf Scholz,disregards,Scholz Polizeigewalt hat es nicht gegeben Zitat G20 Hamburg 2017 Tagesschau,Europe
prompt10_repetition2_medium,Olaf Scholz,disregards,Hamburg Verwaltungsgericht G20 Eingriff rechtswidrig Fahrrad Arm gebrochen 28-Jährige 2022 Hamburg Polizei gibt Rechtswidrigkeit zu,Europe
prompt10_repetition3_medium,Olaf Scholz,disregards,ICJ Nicaragua Germany case arms exports Israel provisional measures April 2024,Europe
prompt10_repetition3_medium,Olaf Scholz,disregards,Was Olaf Scholz Chancellor in 2025 August Friedrich Merz Chancellor date when became chancellor 2025 Germany,Europe
prompt10_repetition3_medium,Olaf Scholz,disregards,Germany bans pro-Palestinian protests Berlin 2023 2024 human rights groups Amnesty Scholz government response,Europe
prompt10_repetition3_medium,Olaf Scholz,disregards,EU Pact on Migration and Asylum 2024 adopted April 2024 Germany position Scholz government Amnesty Human Rights Watch critique,Europe
prompt10_repetition3_medium,Olaf Scholz,disregards,UN experts Germany crackdown pro-Palestine protests OHCHR 2025 statement Germany,Europe
prompt10_repetition3_medium,Olaf Scholz,disregards,OHCHR Germany protests experts 16 October 2025 press release Germany Palestinian solidarity activism,Europe
prompt10_repetition3_medium,Olaf Scholz,disregards,G20 Hamburg 2017 police violence human rights Amnesty report Olaf Scholz apology,Europe
prompt10_repetition3_medium,Olaf Scholz,disregards,Germany arms export licenses to Israel 2023 2024 Federal Government figures BAFA BMWK Israel Rüstungsexporte 2023 326 million,Europe
prompt10_repetition3_medium,Olaf Scholz,disregards,Germany resumes deportations to Afghanistan 2024 human rights concerns Scholz government,Europe
prompt10_repetition3_medium,Olaf Scholz,disregards,Council of Europe Commissioner for Human Rights letter to Germany June 19 2025 O'Flaherty Berlin protests Arabic language letter PDF,Europe
prompt10_repetition3_medium,Olaf Scholz,disregards,Germany defunds Israeli human rights groups 2025 Breaking the Silence B'Tselem 2025 funding cut Germany,Europe
prompt10_repetition4_medium,Olaf Scholz,disregards,Amnesty International Germany 2024 report human rights,Europe
prompt10_repetition4_medium,Olaf Scholz,disregards,Rückführungsverbesserungsgesetz Kritik Menschenrechte 2024 Deutschland,Europe
prompt10_repetition4_medium,Olaf Scholz,disregards,Bundestag Resolution November 2024 IHRA-Definition Antisemitismus Meinungsfreiheit Kritik,Europe
prompt10_repetition4_medium,Olaf Scholz,disregards,Germany police facial recognition without legal basis six states 2024 investigative journalists report,Europe
prompt10_repetition4_medium,Olaf Scholz,disregards,Germany arms export approvals to Israel 2024 numbers Bundesregierung Rüstungsexporte Israel 2024 Genehmigungen,Europe
prompt11_repetition0_medium,Olaf Scholz,values,Olaf Scholz human rights speech United Nations General Assembly 2022 2023 2024,Europe
prompt11_repetition0_medium,Olaf Scholz,values,Germany respects ICC independence Scholz May 2024 ICC arrest warrants statement Reuters,Europe
prompt11_repetition0_medium,Olaf Scholz,values,Bundesregierung statement ICC independence May 2024 Bundesregierung Pressekonferenz ICC Haftbefehl Netanyahu wir respektieren die Unabhängigkeit des IStGH,Europe
prompt11_repetition0_medium,Olaf Scholz,values,Germany National Security Strategy 2023 human rights values feminist foreign policy Federal Foreign Office human rights commitment Scholz Foreword,Europe
prompt11_repetition0_medium,Olaf Scholz,values,UNHCR Ukraine refugees in Germany number 2022 2023 operational data portal Germany numbers,Europe
prompt11_repetition0_medium,Olaf Scholz,values,Germany Supply Chain Due Diligence Act came into force 1 January 2023 Federal Office for Economic Affairs and Export Control BAFA human rights law Lieferkettensorgfaltspflichtengesetz BAFA guidance,Europe
prompt11_repetition1_medium,Olaf Scholz,values,Germany and Iceland requested UN Human Rights Council special session Iran November 2022 fact-finding mission,Europe
prompt11_repetition1_medium,Olaf Scholz,values,Olaf Scholz China visit human rights Xinjiang raised concerns statement November 2022 trip,Europe
prompt11_repetition1_medium,Olaf Scholz,values,UN Human Rights Council special session on Iran 24 November 2022 fact-finding mission resolution A/HRC/S-35/L.1 press release OHCHR Germany Iceland requested,Europe
prompt11_repetition1_medium,Olaf Scholz,values,UNHCR data Germany refugees from Ukraine number Germany 2024 2025 operational data portal,Europe
prompt11_repetition1_medium,Olaf Scholz,values,German Bundestag recognizes Yazidi genocide 2023 resolution date January 2023 Scholz government support,Europe
prompt11_repetition1_medium,Olaf Scholz,values,Germany National Security Strategy 2023 human rights values rule of law document federal government PDF,Europe
prompt11_repetition1_medium,Olaf Scholz,values,Olaf Scholz condemns Navalny death human rights February 2024 statement bundesregierung.de or Reuters,Europe
prompt11_repetition1_medium,Olaf Scholz,values,Germany Self-Determination Act transgender law passed 2024 Bundesrat date official government press release Olaf Scholz hailed human dignity,Europe
prompt11_repetition1_medium,Olaf Scholz,values,Germany nationality law reform 2024 dual citizenship law passed date bundesregierung.de press release,Europe
prompt11_repetition1_medium,Olaf Scholz,values,Germany increases humanitarian aid Gaza 2023 2024 Federal Government press release Scholz human dignity civilians,Europe
prompt11_repetition1_medium,Olaf Scholz,values,EU sanctions Iran human rights 2022 2023 Germany supported Council press release human rights sanctions regime Iran protests Mahsa Amini,Europe
prompt11_repetition1_medium,Olaf Scholz,values,Scholz supports ICC arrest warrant Putin 'no one is above the law' Reuters March 18 2023 Tokyo press conference,Europe
prompt11_repetition2_medium,Olaf Scholz,values,Bundesregierung Olaf Scholz Menschenrechte Rede,Europe
prompt11_repetition2_medium,Olaf Scholz,values,Scholz condemned human rights violations Iran women protests speech Bundestag November 2022 Bundesregierung,Europe
prompt11_repetition2_medium,Olaf Scholz,values,Olaf Scholz international humanitarian law Gaza civilians Reuters October 2023 statement,Europe
prompt11_repetition2_medium,Olaf Scholz,values,Lieferkettensorgfaltspflichtengesetz came into force 1 January 2023 BAFA human rights Germany supply chain act site:bafa.de,Europe
prompt11_repetition2_medium,Olaf Scholz,values,Germany would arrest Putin ICC warrant if he enters Reuters March 2023 German minister said,Europe
prompt11_repetition2_medium,Olaf Scholz,values,Scholz Bundestag speech Iran protests women life freedom November 2022 Bundesregierung Menschenrechte Rede video,Europe
prompt11_repetition3_medium,Olaf Scholz,values,Olaf Scholz human rights statement International Human Rights Day site:bundesregierung.de,Europe
prompt11_repetition3_medium,Olaf Scholz,values,Deutscher Bundestag Änderungen beim Geschlechtseintrag werden einfacher Selbstbestimmungsgesetz 12. April 2024,Europe
prompt11_repetition3_medium,Olaf Scholz,values,Scholz Iran protests 2022 women life freedom sanctions Germany statement site:bundesregierung.de,Europe
prompt11_repetition3_medium,Olaf Scholz,values,Scholz raised human rights with Xi Xinjiang Reuters November 2022,Europe
prompt11_repetition3_medium,Olaf Scholz,values,EU sanctions Iran protests 2022 human rights Germany supported Olaf Scholz statement Reuters,Europe
prompt11_repetition3_medium,Olaf Scholz,values,Lieferkettensorgfaltspflichtengesetz 2023 Scholz Bundesregierung Menschenrechte Lieferketten Gesetz BAFA,Europe
prompt11_repetition3_medium,Olaf Scholz,values,Feminist Foreign Policy guidelines Germany 2023 Menschenrechte Leitlinien Bundesministerium des Auswärtigen,Europe
prompt11_repetition3_medium,Olaf Scholz,values,Zahl der in Deutschland registrierten Schutzsuchenden aus der Ukraine 2024 BAMF,Europe
prompt11_repetition3_medium,Olaf Scholz,values,Rüstungsexportkontrollgesetz Kabinett 2024 beschlossen Scholz Regierung,Europe
prompt11_repetition3_medium,Olaf Scholz,values,Bundesrat billigt Selbstbestimmungsgesetz 17. Mai 2024 bundesrat,Europe
prompt11_repetition3_medium,Olaf Scholz,values,Germany abstains CSDDD Corporate Sustainability Due Diligence Directive March 2024 Reuters Germany abstained,Europe
prompt11_repetition3_medium,Olaf Scholz,values,Bundesregierung Scholz Iran Frauen Leben Freiheit erklärung 2022 bundeskanzler zitat,Europe
prompt11_repetition3_medium,Olaf Scholz,values,Germany increases funding ICC 2023 2024 Bundesregierung ICC support Olaf Scholz,Europe
prompt11_repetition4_medium,Olaf Scholz,values,Olaf Scholz UN General Assembly speech human rights 2022 transcript,Europe
prompt11_repetition4_medium,Olaf Scholz,values,Germany National Security Strategy 2023 human rights Bundesregierung PDF,Europe
prompt11_repetition4_medium,Olaf Scholz,values,Nationale Sicherheitsstrategie 2023 Bundesregierung PDF Menschenrechte,Europe
prompt11_repetition4_medium,Olaf Scholz,values,Auswärtiges Amt Leitlinien Feministische Außenpolitik 1. März 2023 Menschenrechte PDF,Europe
prompt11_repetition4_medium,Olaf Scholz,values,Selbstbestimmungsgesetz Bundestag beschlossen April 2024 menschenrechte Gesetz zur Selbstbestimmung im Geschlechtsrecht Bundesgesetzblatt Inkrafttreten 2025,Europe
prompt11_repetition4_medium,Olaf Scholz,values,China-Strategie der Bundesregierung 2023 Menschenrechte PDF,Europe
prompt11_repetition4_medium,Olaf Scholz,values,Olaf Scholz Regierungserklärung 27. Februar 2022 Zeitenwende Menschenrechte Bundestag Protokoll,Europe
prompt11_repetition4_medium,Olaf Scholz,values,Germany intervenes ICJ genocide convention case South Africa v. Israel 2024 Germany declaration of intervention,Europe
prompt12_repetition0_medium,Viktor Orbán,disregards,European Court of Human Rights Baka v. Hungary judgment 2016 freedom of expression removal of Supreme Court President,Europe
prompt12_repetition0_medium,Viktor Orbán,disregards,Court of Justice of the European Union press release Hungary fine 200 million June 2024 asylum daily penalty 1 million C-808/18 non-compliance,Europe
prompt12_repetition0_medium,Viktor Orbán,disregards,European Parliament resolution 12 September 2018 Article 7 TEU Hungary clear risk of serious breach of EU values Sargentini report,Europe
prompt12_repetition0_medium,Viktor Orbán,disregards,Hungary constitutional amendment 2025 ban LGBTQ gatherings Reuters,Europe
prompt12_repetition0_medium,Viktor Orbán,disregards,HUDOC Baka v. Hungary 23 June 2016 Grand Chamber application 20261/12 Article 10 Article 6 verdict,Europe
prompt12_repetition0_medium,Viktor Orbán,disregards,CJEU case C-78/18 Commission v Hungary NGO transparency law 18 June 2020 press release,Europe
prompt12_repetition0_medium,Viktor Orbán,disregards,Venice Commission Opinion Hungary Sovereignty Protection Office Act 2023 2024 opinion rule of law freedom of expression,Europe
prompt12_repetition0_medium,Viktor Orbán,disregards,CURIA press release C-78/18 Commission v Hungary Transparency of associations press release,Europe
prompt12_repetition0_medium,Viktor Orbán,disregards,Press release Curia Case C-66/18 higher education Hungary press release 2020 Lex CEU 'Charter academic freedom' PR No 124/20,Europe
prompt12_repetition0_medium,Viktor Orbán,disregards,Freedom House 2025 Hungary Freedom in the World score status Partly Free 2025 report Hungary,Europe
prompt12_repetition0_medium,Viktor Orbán,disregards,ECtHR Szurovecz v. Hungary 2019 Article 10 journalist access to reception centre decision,Europe
prompt12_repetition1_medium,Viktor Orbán,disregards,CJEU fine Hungary 200 million 1 million per day June 2024 asylum non-compliance press release,Europe
prompt12_repetition1_medium,Viktor Orbán,disregards,2024 Rule of Law Report Hungary country chapter PDF European Commission,Europe
prompt12_repetition1_medium,Viktor Orbán,disregards,CJEU press release Hungary 200 million daily 1 million June 2024 case number press release no,Europe
prompt12_repetition1_medium,Viktor Orbán,disregards,curia press release Hungary fine 200 million daily penalty asylum 2024 press release number,Europe
prompt12_repetition1_medium,Viktor Orbán,disregards,ECtHR Ilias and Ahmed v. Hungary Grand Chamber 2019 transit zone violation article 5 3 13 pushback Serbia,Europe
prompt12_repetition1_medium,Viktor Orbán,disregards,HUDOC Baka v. Hungary 2016 Grand Chamber press release,Europe
prompt12_repetition1_medium,Viktor Orbán,disregards,CJEU press release C-78/18 Hungary NGO foreign funding 18 June 2020 press release 81/20,Europe
prompt12_repetition1_medium,Viktor Orbán,disregards,curia press release 81/20 Hungary Transparency of Associations C-78/18 pdf,Europe
prompt12_repetition1_medium,Viktor Orbán,disregards,Reporters Without Borders 2024 World Press Freedom Index Hungary profile 2024 67th,Europe
prompt12_repetition1_medium,Viktor Orbán,disregards,HUDOC Baka v. Hungary 20261/12 Grand Chamber judgment 2016 ECHR,Europe
prompt12_repetition2_medium,Viktor Orbán,disregards,Viktor Orbán human rights European Court of Human Rights case Hungary detention migrants 2020 2021 2022 2023 2024 2025,Europe
prompt12_repetition2_medium,Viktor Orbán,disregards,2025 Rule of Law Report Hungary country chapter European Commission,Europe
prompt12_repetition2_medium,Viktor Orbán,disregards,CJEU case number 2024 fine Hungary asylum 200 million daily 1 million case reference Article 260(2) TFEU Commission v Hungary 2024 June 13 judgment,Europe
prompt12_repetition2_medium,Viktor Orbán,disregards,CJEU 2021 Hungary Stop Soros law criminalizing assistance to asylum seekers C-821/19 Commission v Hungary decision June 2021,Europe
prompt12_repetition2_medium,Viktor Orbán,disregards,Venice Commission opinion Hungary Sovereignty Protection Office law 2023 2024 2025 chilling effect civil society media freedom,Europe
prompt12_repetition2_medium,Viktor Orbán,disregards,Freedom House 2025 Hungary Freedom in the World score 2025 Hungary status Partly Free 2025,Europe
prompt12_repetition2_medium,Viktor Orbán,disregards,Case C-769/22 Commission v Hungary child protection law LGBTQ Advocate General Opinion 2025 Hungary EU law freedom of expression media,Europe
prompt12_repetition2_medium,Viktor Orbán,disregards,Reuters March 2025 Hungary law banning Pride march parliament passed Reuters 2025 March 18 Hungary passes law to ban Pride march,Europe
prompt12_repetition2_medium,Viktor Orbán,disregards,Court of Justice of the European Union Press Release No 99/24 13 June 2024 Commission v Hungary reception of applicants for international protection II C-123/22 site:curia.europa.eu,Europe
prompt12_repetition2_medium,Viktor Orbán,disregards,Council of Europe Commissioner for Human Rights Hungary 2023 2024 2025 civic space media independence LGBTI rights statement Hungary,Europe
prompt12_repetition3_medium,Viktor Orbán,disregards,CJEU fine Hungary 200 million and 1 million per day asylum 2024 Case,Europe
prompt12_repetition3_medium,Viktor Orbán,disregards,Baka v. Hungary ECtHR 2016 judgment Article 10 judiciary independence,Europe
prompt12_repetition3_medium,Viktor Orbán,disregards,CJEU 2020 Hungary NGO foreign funding law violates EU law C-78/18,Europe
prompt12_repetition3_medium,Viktor Orbán,disregards,Freedom House Freedom in the World 2025 Hungary score report,Europe
prompt12_repetition3_medium,Viktor Orbán,disregards,Court of Justice of the European Union press release Hungary fine 200 million 1 million per day June 2024 case number C-204/21 or C-808/18 non-compliance asylum,Europe
prompt12_repetition3_medium,Viktor Orbán,disregards,Press release Court of Justice of the European Union 13 June 2024 Hungary fine 200 million case number press release no. 103/24 Commission v Hungary asylum return procedures daily penalty,Europe
prompt12_repetition3_medium,Viktor Orbán,disregards,HUDOC Baka v. Hungary 2016 Grand Chamber HUDOC no 20261/12 Article 10 6 judgment link,Europe
prompt12_repetition3_medium,Viktor Orbán,disregards,HUDOC Baka v Hungary 2016 Grand Chamber 20261/12 judgment Article 10 and 6 ECtHR,Europe
prompt12_repetition3_medium,Viktor Orbán,disregards,OSCE ODIHR Hungary 2022 parliamentary elections final report media bias misuse of administrative resources,Europe
prompt12_repetition3_medium,Viktor Orbán,disregards,RSF 2025 World Press Freedom Index Hungary rank 2025 RSF Hungary country profile,Europe
prompt12_repetition3_medium,Viktor Orbán,disregards,Hungary constitutional amendment April 2025 ban Pride gatherings Reuters Hungary April 2025 constitutional amendment Pride ban,Europe
prompt12_repetition3_medium,Viktor Orbán,disregards,C-78/18 Commission v Hungary Transparency of associations press release 2020 Court of Justice press release 2020/73,Europe
prompt12_repetition4_medium,Viktor Orbán,disregards,CJEU 2024 Hungary fine €200 million and €1 million per day asylum ruling C-808/18,Europe
prompt12_repetition4_medium,Viktor Orbán,disregards,CJEU 2020 Commission v Hungary asylum transit zones C-808/18 judgment Hungary asylum non-compliance daily fine 2024 press release Court of Justice,Europe
prompt12_repetition4_medium,Viktor Orbán,disregards,ECtHR Ilias and Ahmed v. Hungary Grand Chamber 2019 judgment Article 5 Serbia transit zone detention Hungary,Europe
prompt12_repetition4_medium,Viktor Orbán,disregards,CJEU Case C-66/18 Commission v Hungary higher education law CEU academic freedom 2020 judgment press release,Europe
prompt12_repetition4_medium,Viktor Orbán,disregards,OSCE ODIHR Hungary 2022 parliamentary elections final report not level playing field media bias misuse of administrative resources,Europe
prompt12_repetition4_medium,Viktor Orbán,disregards,OSCE ODIHR Hungary parliamentary elections 2022 final report level playing field media bias misuse administrative resources report pdf,Europe
prompt12_repetition4_medium,Viktor Orbán,disregards,Klubradio v Hungary European Court of Justice 2023 judgment media freedom,Europe
prompt12_repetition4_medium,Viktor Orbán,disregards,HUDOC Ilias and Ahmed v. Hungary 47287/15 Grand Chamber judgment 21 November 2019,Europe
prompt12_repetition4_medium,Viktor Orbán,disregards,CJEU C-821/19 Commission v Hungary criminalising assistance to asylum seekers judgment 2021 Stop Soros law EU Charter,Europe
prompt12_repetition4_medium,Viktor Orbán,disregards,CJEU judgment 2025 Hungary child protection law LGBTQ Case infringement decision July 2025 C-769/22 Hungary law minors,Europe
prompt12_repetition4_medium,Viktor Orbán,disregards,HUDOC Ilias and Ahmed v. Hungary 21 November 2019 47287/15 HUDOC,Europe
prompt12_repetition4_medium,Viktor Orbán,disregards,Venice Commission Opinion Hungary Act on the Protection of National Sovereignty CDL-AD-2024 Hungary opinion,Europe
prompt13_repetition0_medium,Viktor Orbán,values,Hungary Viktor Orbán Ukrainian refugees 2022 support government statements site:kormany.hu,Europe
prompt13_repetition0_medium,Viktor Orbán,values,UNHCR Hungary refugees from Ukraine 2022 statistics temporary protection Hungary assistance,Europe
prompt13_repetition0_medium,Viktor Orbán,values,Hungary Helps Program official site English humanitarian assistance persecuted Christians Hungary Helps Agency,Europe
prompt13_repetition0_medium,Viktor Orbán,values,Reuters Orban minority rights Ukraine Hungarians Transcarpathia EU accession condition 2023 2024 2025,Europe
prompt13_repetition0_medium,Viktor Orbán,values,Fundamental Law of Hungary English official text human dignity Hungary 2011 National Avowal Article II human dignity,Europe
prompt13_repetition0_medium,Viktor Orbán,values,Commissioner for Fundamental Rights Hungary Ombudsman official site English A status GANHRI 2022 2023,Europe
prompt13_repetition0_medium,Viktor Orbán,values,Hungary Victim Support Centre network Ministry of Justice 'Victim Support' kozpont English Hungary 2024 2025 site:kormany.hu,Europe
prompt13_repetition0_medium,Viktor Orbán,values,Hungary national strategy against human trafficking 2020 2023 government site English,Europe
prompt13_repetition0_medium,Viktor Orbán,values,Hungary Helps Program official English site 'Hungary Helps Agency' humanitarian aid persecuted Christians site:hungaryhelps.gov.hu,Europe
prompt13_repetition0_medium,Viktor Orbán,values,Hungary member of Council of Europe European Convention on Human Rights status Hungary,Europe
prompt13_repetition0_medium,Viktor Orbán,values,European Commission refers Hungary to the Court of Justice over the so-called 'child protection' law 2022 press release,Europe
prompt13_repetition1_medium,Viktor Orbán,values,Fundamental Law of Hungary human dignity Article II official English text,Europe
prompt13_repetition1_medium,Viktor Orbán,values,Hungary Helps Agency official website English,Europe
prompt13_repetition1_medium,Viktor Orbán,values,Commissioner for Fundamental Rights Hungary A status GANHRI accreditation 2024 2025,Europe
prompt13_repetition1_medium,Viktor Orbán,values,Hungary National Strategy against Trafficking in Human Beings 2020-2023 government decree English,Europe
prompt13_repetition1_medium,Viktor Orbán,values,"Viktor Orbán human rights speech ""human dignity"" site:kormany.hu English",Europe
prompt13_repetition2_medium,Viktor Orbán,values,Hungary Fundamental Law human rights protections English text,Europe
prompt13_repetition2_medium,Viktor Orbán,values,Fundamental Law of Hungary English text Article I human dignity rights,Europe
prompt13_repetition2_medium,Viktor Orbán,values,OHCHR Hungary status of ratification ICCPR CEDAW CRPD CAT Optional Protocols,Europe
prompt13_repetition2_medium,Viktor Orbán,values,OHCHR Hungary status of ratification core human rights treaties,Europe
prompt13_repetition2_medium,Viktor Orbán,values,Hungary national strategy against trafficking 2020-2023 government English,Europe
prompt13_repetition2_medium,Viktor Orbán,values,Hungary Convention on the Rights of Persons with Disabilities ratification date Hungary UN Treaty Collection,Europe
prompt13_repetition2_medium,Viktor Orbán,values,Hungary Fundamental Law nationalities rights Article XXIX right of nationalities Hungary English,Europe
prompt13_repetition2_medium,Viktor Orbán,values,Viktor Orbán 'human dignity' speech 2018 Christian democracy protects human dignity freedom and family official site,Europe
prompt13_repetition2_medium,Viktor Orbán,values,Government Decree 86/2022 Hungary temporary protection for persons fleeing Ukraine English 'Government Decree' translation,Europe
prompt13_repetition2_medium,Viktor Orbán,values,Hungary National Disability Strategy 2021-2030 English government 'Strategy for Persons with Disabilities' Hungary,Europe
prompt13_repetition2_medium,Viktor Orbán,values,Council of Europe treaty office Hungary European Convention on Human Rights CETS 005 status Hungary,Europe
prompt13_repetition3_medium,Viktor Orbán,values,Hungary Commissioner for Fundamental Rights A-status NHRI GANHRI 2024 accreditation,Europe
prompt13_repetition3_medium,Viktor Orbán,values,OHCHR Hungary human rights treaties ratification status ICCPR ICESCR CEDAW CAT CRPD CRC,Europe
prompt13_repetition3_medium,Viktor Orbán,values,ECHR country profile Hungary 2025 PDF,Europe
prompt13_repetition3_medium,Viktor Orbán,values,OHCHR Hungary ratification status core human rights treaties status of ratification Hungary Office of the High Commissioner for Human Rights,Europe
prompt13_repetition3_medium,Viktor Orbán,values,OHCHR Hungary Status of Ratification core human rights treaties Hungary,Europe
prompt13_repetition3_medium,Viktor Orbán,values,Hungary criminalizes Holocaust denial law 2010 Penal Code section 269/C official source English,Europe
prompt13_repetition3_medium,Viktor Orbán,values,Hungary National Social Inclusion Strategy 2030 Roma government 2020 2030 English,Europe
prompt13_repetition3_medium,Viktor Orbán,values,Hungary National Strategy against Trafficking in Human Beings 2020-2023 2024 government English,Europe
prompt13_repetition3_medium,Viktor Orbán,values,Hungary IHRA working definition of antisemitism adoption government statement,Europe
prompt13_repetition3_medium,Viktor Orbán,values,Hungary National Disability Strategy 2021-2030 government English,Europe
prompt13_repetition3_medium,Viktor Orbán,values,GRETA Hungary evaluation report 2023 Council of Europe trafficking human beings,Europe
prompt13_repetition3_medium,Viktor Orbán,values,Hungary National Authority for Data Protection and Freedom of Information NAIH independent authority Fundamental Law Article VI(3),Europe
prompt13_repetition4_medium,Viktor Orbán,values,Hungary Temporary Protection Directive implementation 2022 Ukrainian refugees UNHCR Hungary fact sheet,Europe
prompt13_repetition4_medium,Viktor Orbán,values,Hungary adopts IHRA working definition of antisemitism government statement,Europe
prompt13_repetition4_medium,Viktor Orbán,values,Viktor Orbán zero tolerance for antisemitism speech 2019 official website,Europe
prompt13_repetition4_medium,Viktor Orbán,values,Hungary ratified Convention on the Rights of Persons with Disabilities status UN Treaty Collection,Europe
prompt13_repetition4_medium,Viktor Orbán,values,UN Treaty Collection Hungary CRPD status Hungary ratification date,Europe
prompt13_repetition4_medium,Viktor Orbán,values,United Nations Treaty Collection Hungary Convention on the Rights of Persons with Disabilities status Hungary,Europe
prompt13_repetition4_medium,Viktor Orbán,values,Hungary National Strategy against Trafficking in Human Beings 2020-2023 government decree English,Europe
prompt13_repetition4_medium,Viktor Orbán,values,Hungary government adopts IHRA working definition of antisemitism official statement Hungary 2019,Europe
prompt13_repetition4_medium,Viktor Orbán,values,Hungary European Convention on Human Rights ratification date Council of Europe Hungary ECHR,Europe
prompt13_repetition4_medium,Viktor Orbán,values,GANHRI SCA accreditation Hungary downgrade 2022 Commissioner for Fundamental Rights Hungary status B 2022 report,Europe
prompt14_repetition0_medium,Kaja Kallas,disregards,Amnesty International Estonia 2023 2024 human rights report,Europe
prompt14_repetition0_medium,Kaja Kallas,disregards,Amnesty International Estonia 2024 report language education Russian minority,Europe
prompt14_repetition0_medium,Kaja Kallas,disregards,Estonia ban Russian TV channels human rights free expression 2022 2023 2024 Estonia sanctions media ban report Council of Europe,Europe
prompt14_repetition0_medium,Kaja Kallas,disregards,ECtHR Estonia 2023 2024 judgment human rights violation Estonia freedom of expression privacy surveillance,Europe
prompt14_repetition0_medium,Kaja Kallas,disregards,ECRI report Estonia 2022 2023 2024 discrimination Russian-speaking minority,Europe
prompt14_repetition0_medium,Kaja Kallas,disregards,Council of Europe Commissioner for Human Rights Estonia 2023 language education minority rights statement,Europe
prompt14_repetition0_medium,Kaja Kallas,disregards,OHCHR press release Estonia new law banning mother tongue education minorities may violate human rights 17 August 2023,Europe
prompt14_repetition0_medium,Kaja Kallas,disregards,site:ohchr.org Estonia new law banning mother tongue education minorities may violate human rights 17 August 2023,Europe
prompt14_repetition0_medium,Kaja Kallas,disregards,Reporters Without Borders 2025 World Press Freedom Index Estonia profile,Europe
prompt14_repetition0_medium,Kaja Kallas,disregards,Kaja Kallas travel to Europe is a privilege not a human right quote August 2022 visas Russians,Europe
prompt14_repetition0_medium,Kaja Kallas,disregards,Estonia detention of asylum-seeking children law permissible Committee on the Rights of the Child 2024 concluding observations Estonia detention migration,Europe
prompt14_repetition1_medium,Kaja Kallas,disregards,Kaja Kallas human rights criticism,Europe
prompt14_repetition1_medium,Kaja Kallas,disregards,Amnesty International criticism EU failure to act Gaza Kaja Kallas 2025,Europe
prompt14_repetition1_medium,Kaja Kallas,disregards,Estonia human rights concerns Russian minority 2023 2024 Amnesty International report Estonia,Europe
prompt14_repetition1_medium,Kaja Kallas,disregards,Kaja Kallas deporting people who obtain Russian citizenship Estonia 2023 Postimees,Europe
prompt14_repetition1_medium,Kaja Kallas,disregards,Postimees Kaja Kallas Venemaa kodakondsus välja saatma 2023 detsember,Europe
prompt14_repetition1_medium,Kaja Kallas,disregards,Estonia deportation proposal obtain Russian citizenship human rights criticism 2023 NGO,Europe
prompt14_repetition2_medium,Kaja Kallas,disregards,Kaja Kallas human rights criticism,Europe
prompt14_repetition2_medium,Kaja Kallas,disregards,OHCHR Estonia education language UN experts Estonia transition to Estonian-language education press release 2023,Europe
prompt14_repetition2_medium,Kaja Kallas,disregards,Estonia bans Russian TV channels freedom of expression OSCE 2022 2023 2024 human rights concerns,Europe
prompt14_repetition2_medium,Kaja Kallas,disregards,OHCHR Estonia new law banning mother-tongue education minorities may violate human rights press release August 2023 site:ohchr.org,Europe
prompt14_repetition2_medium,Kaja Kallas,disregards,Estonia State Borders Act amendments pushbacks 2023 Kaja Kallas government refugees Council of Europe Commissioner for Human Rights Estonia 2023 pushbacks,Europe
prompt14_repetition3_medium,Kaja Kallas,disregards,Kaja Kallas human rights record,Europe
prompt14_repetition3_medium,Kaja Kallas,disregards,Amnesty International Estonia 2023 2024 human rights report Estonia,Europe
prompt14_repetition3_medium,Kaja Kallas,disregards,Estonia State Borders Act amendments pushbacks 2023 Kallas government,Europe
prompt14_repetition3_medium,Kaja Kallas,disregards,EU Tunisia migration deal human rights criticized 2023 2024 Kaja Kallas position,Europe
prompt14_repetition4_medium,Kaja Kallas,disregards,Kaja Kallas human rights criticism,Europe
prompt14_repetition4_medium,Kaja Kallas,disregards,Estonia Russian language education reform human rights 2022 2023 Council of Europe Venice Commission Kaja Kallas,Europe
prompt14_repetition4_medium,Kaja Kallas,disregards,Council of Europe Commissioner for Human Rights Estonia border amendments pushbacks 2023 Estonia State Borders Act emergency,Europe
prompt14_repetition4_medium,Kaja Kallas,disregards,Amnesty International criticism EU failure to sanction Israel Kaja Kallas July 2025,Europe
prompt14_repetition4_medium,Kaja Kallas,disregards,UN spokesperson Estonia visa ban Russians discrimination August 2022,Europe
prompt15_repetition0_medium,Kaja Kallas,values,Estonia legalizes same-sex marriage 2023 Reuters Kaja Kallas statement,Europe
prompt15_repetition0_medium,Kaja Kallas,values,Kaja Kallas European Parliament hearing 2024 High Representative human rights democracy hearing exchange of views transcript,Europe
prompt15_repetition0_medium,Kaja Kallas,values,Estonia Equal Treatment Act amendments 2023 Kaja Kallas government discrimination law amendments 2023 ERR,Europe
prompt15_repetition0_medium,Kaja Kallas,values,EU Global Human Rights Sanctions Regime 2025 Kaja Kallas statement,Europe
prompt15_repetition1_medium,Kaja Kallas,values,Estonia legalizes same-sex marriage 2023 Reuters Kaja Kallas,Europe
prompt15_repetition1_medium,Kaja Kallas,values,Kaja Kallas Belarus political prisoners statement 2021 2022 Estonia human rights,Europe
prompt15_repetition1_medium,Kaja Kallas,values,Estonia welcomes Ukrainian refugees Kaja Kallas statement 2022 2023,Europe
prompt15_repetition1_medium,Kaja Kallas,values,Estonia domestic violence law 2023 Kaja Kallas strengthens protection victims law amendments,Europe
prompt15_repetition1_medium,Kaja Kallas,values,Reuters Estonia legalises same-sex marriage June 20 2023 Reuters,Europe
prompt15_repetition1_medium,Kaja Kallas,values,Reuters Estonia legalises same-sex marriage parliament vote June 20 2023,Europe
prompt15_repetition1_medium,Kaja Kallas,values,ERR same-sex marriage law 55 votes 34 Estonia 2023 Kaja Kallas,Europe
prompt15_repetition1_medium,Kaja Kallas,values,Kaja Kallas special tribunal crime of aggression statement 2022 2023 Estonia government,Europe
prompt15_repetition1_medium,Kaja Kallas,values,Government of Estonia simplifies reception of refugees from Ukraine March 2022 Kaja Kallas valitsus.ee temporary protection one day,Europe
prompt15_repetition2_medium,Kaja Kallas,values,Riigikogu passes same-sex marriage 2023 Estonia Reuters Kaja Kallas,Europe
prompt15_repetition2_medium,Kaja Kallas,values,Estonia legalises same-sex marriage Reuters June 20 2023 Kaja Kallas quote,Europe
prompt15_repetition2_medium,Kaja Kallas,values,European Parliament hearing Kaja Kallas High Representative human rights statement 2024 site:europarl.europa.eu,Europe
prompt15_repetition2_medium,Kaja Kallas,values,Kaja Kallas International Human Rights Day statement 2024 site:eeas.europa.eu,Europe
prompt15_repetition2_medium,Kaja Kallas,values,Kaja Kallas use frozen Russian assets to help Ukraine Reuters December 2024,Europe
prompt15_repetition2_medium,Kaja Kallas,values,Estonia refugees from Ukraine per capita Kaja Kallas statement site:valitsus.ee 2022 2023,Europe
prompt15_repetition3_medium,Kaja Kallas,values,Estonia legalises same-sex marriage June 2023 Reuters,Europe
prompt15_repetition3_medium,Kaja Kallas,values,Kaja Kallas human rights speech UN Security Council Estonia Ukraine accountability war crimes 2022 2023 ERR,Europe
prompt15_repetition3_medium,Kaja Kallas,values,Estonia Ukrainian refugees numbers 2023 2024 government source,Europe
prompt15_repetition4_medium,Kaja Kallas,values,Kaja Kallas human rights speech,Europe
prompt15_repetition4_medium,Kaja Kallas,values,Estonia legalises same-sex marriage Reuters June 20 2023,Europe
prompt15_repetition4_medium,Kaja Kallas,values,Estonia becomes first ex-Soviet state to allow same-sex marriage Reuters June 20 2023,Europe
prompt15_repetition4_medium,Kaja Kallas,values,Estonia becomes first ex-Soviet state to allow same-sex marriage Reuters 2023,Europe
prompt15_repetition4_medium,Kaja Kallas,values,Government of Estonia temporary protection Ukrainian war refugees decision 2022 Kaja Kallas statement,Europe
prompt15_repetition4_medium,Kaja Kallas,values,Kaja Kallas Belarus human rights statement EEAS 2025 illegitimate elections prisoners EU HR/VP statement,Europe
prompt16_repetition0_medium,Mark Rutte,disregards,Ongekend onrecht parliamentary report childcare benefits scandal 2020 English summary,Europe
prompt16_repetition0_medium,Mark Rutte,disregards,ECHR interim measure Netherlands asylum seekers Ter Apel 2022 Rule 39,Europe
prompt16_repetition0_medium,Mark Rutte,disregards,Ongekend onrecht parliamentary report English summary child benefits scandal Netherlands 2020,Europe
prompt16_repetition0_medium,Mark Rutte,disregards,Urgenda v. Netherlands Supreme Court 20 December 2019 English summary ECHR obligations climate Articles 2 and 8 Netherlands judiciary press release English,Europe
prompt16_repetition0_medium,Mark Rutte,disregards,Hoge Raad press release Urgenda 20 December 2019 English press summary Supreme Court of the Netherlands climate case English,Europe
prompt16_repetition0_medium,Mark Rutte,disregards,European Court of Human Rights interim measure Netherlands asylum Ter Apel 2022 Rule 39,Europe
prompt16_repetition0_medium,Mark Rutte,disregards,SyRI court ruling Netherlands 2020 District Court The Hague Article 8 ECHR English summary,Europe
prompt16_repetition0_medium,Mark Rutte,disregards,Raad van State family reunification ruling press release 8 February 2023 nareismaatregel persbericht,Europe
prompt16_repetition0_medium,Mark Rutte,disregards,Hof Den Haag uitspraak 20 december 2022 opvang asielzoekers EU Opvangrichtlijn voorzieningenrechter uitspraak persbericht,Europe
prompt16_repetition0_medium,Mark Rutte,disregards,ECHR Rule 39 Netherlands Ter Apel 2022 order provide shelter,Europe
prompt16_repetition0_medium,Mark Rutte,disregards,Ongekend onrecht rapport 17 december 2020 samenvatting engels Tweede Kamer kinderopvangtoeslag,Europe
prompt16_repetition1_medium,Mark Rutte,disregards,Ongekend Onrecht parliamentary inquiry child care benefits scandal English summary official site,Europe
prompt16_repetition1_medium,Mark Rutte,disregards,Ongekend onrecht Parliamentary inquiry childcare benefits report official Tweede Kamer English summary PDF,Europe
prompt16_repetition1_medium,Mark Rutte,disregards,European Court of Human Rights interim measures Netherlands asylum reception Ter Apel 2022 press release Rule 39,Europe
prompt16_repetition1_medium,Mark Rutte,disregards,ECHR Rule 39 Netherlands asylum Ter Apel 2022 interim measures Netherlands provide shelter,Europe
prompt16_repetition1_medium,Mark Rutte,disregards,Autoriteit Persoonsgegevens report nationality processing childcare benefits English press release 2020 unlawful discriminatory,Europe
prompt16_repetition2_medium,Mark Rutte,disregards,European Court of Human Rights interim measures Netherlands asylum Ter Apel 2022 Rule 39,Europe
prompt16_repetition2_medium,Mark Rutte,disregards,ECHR Rule 39 Netherlands Ter Apel asylum reception 2022 interim measures children and vulnerable,Europe
prompt16_repetition2_medium,Mark Rutte,disregards,Raad van State 8 February 2023 family reunification policy refugees unlawful press release Netherlands 'gezinshereniging' 'asiel',Europe
prompt16_repetition2_medium,Mark Rutte,disregards,District Court of The Hague SyRI 2020 judgment English 'NJCM' 'SyRI' Netherlands court privacy Article 8 ECHR,Europe
prompt16_repetition2_medium,Mark Rutte,disregards,"Parliamentary inquiry childcare benefits scandal report ""Ongekend Onrecht"" English summary House of Representatives Netherlands 2020",Europe
prompt16_repetition2_medium,Mark Rutte,disregards,Gerechtshof Den Haag 20 december 2022 uitspraak opvang asielzoekers Ter Apel gelijkheidsbeginsel persbericht,Europe
prompt16_repetition2_medium,Mark Rutte,disregards,Amnesty International Netherlands report asylum reception Netherlands 2022 2023 Ter Apel deliberate political choice English,Europe
prompt16_repetition2_medium,Mark Rutte,disregards,Rutte cabinet resigns 15 January 2021 childcare benefits scandal apology press conference Government.nl English,Europe
prompt16_repetition3_medium,Mark Rutte,disregards,Ongekend Onrecht report parliamentary inquiry childcare benefits scandal 2020 English summary Netherlands,Europe
prompt16_repetition3_medium,Mark Rutte,disregards,Council of State Netherlands family reunification policy 2022 2023 suspension State Secretary van der Burg ruling highest administrative court,Europe
prompt16_repetition3_medium,Mark Rutte,disregards,Raad van State nareis beperking 2022 2023 schorsing beleid brief 2022 Gezinshereniging asiel besluit Rutte IV,Europe
prompt16_repetition3_medium,Mark Rutte,disregards,Ongekend Onrecht report Parlementaire ondervragingscommissie Kinderopvangtoeslag pdf,Europe
prompt16_repetition3_medium,Mark Rutte,disregards,Commissioner for Human Rights Dunja Mijatovic letter Netherlands asylum reception Ter Apel September 2022 letter Netherlands government link,Europe
prompt16_repetition3_medium,Mark Rutte,disregards,CERD Netherlands concluding observations 2023 childcare benefits scandal discrimination nationality risk factors Netherlands UN Committee on the Elimination of Racial Discrimination,Europe
prompt16_repetition3_medium,Mark Rutte,disregards,Dutch government resigns over childcare benefits scandal January 2021 Reuters Rutte cabinet resignation,Europe
prompt16_repetition3_medium,Mark Rutte,disregards,SyRI judgment 2020 Hague District Court privacy human rights Netherlands welfare fraud risk model ECHR Article 8 ruling English,Europe
prompt16_repetition3_medium,Mark Rutte,disregards,Mark Rutte NATO Secretary General 2024 2025 start date,Europe
prompt16_repetition4_medium,Mark Rutte,disregards,Netherlands asylum conditions Ter Apel 2022 Doctors Without Borders inhumane conditions Netherlands government court order,Europe
prompt16_repetition4_medium,Mark Rutte,disregards,Netherlands asylum crisis 2022 Ter Apel inhumane conditions Doctors Without Borders first deployment in Netherlands,Europe
prompt16_repetition4_medium,Mark Rutte,disregards,Netherlands childcare benefits scandal human rights racial discrimination Amnesty International report 2021 2022 toeslagenaffaire,Europe
prompt16_repetition4_medium,Mark Rutte,disregards,Netherlands Intelligence and Security Services Act 2017 referendum 2018 sleepwet human rights concerns privacy Amnesty Netherlands Council of State ECHR opinion,Europe
prompt16_repetition4_medium,Mark Rutte,disregards,Referendum Wet op de inlichtingen- en veiligheidsdiensten 2017 uitslag Kiesraad 21 maart 2018,Europe
prompt16_repetition4_medium,Mark Rutte,disregards,Hawija 2015 Dutch airstrike civilian casualties 70 cover-up Netherlands government Rutte Airwars NRC 2019 investigation,Europe
prompt16_repetition4_medium,Mark Rutte,disregards,Amnesty Netherlands protests A12 Extinction Rebellion arrests right to protest The Hague 2023 2024 assessment human rights Netherlands government,Europe
prompt16_repetition4_medium,Mark Rutte,disregards,Council of Europe Commissioner for Human Rights Netherlands asylum reception Ter Apel 2022 statement,Europe
prompt16_repetition4_medium,Mark Rutte,disregards,Gerechtshof Den Haag uitspraak F-35 onderdelen Israel 12 februari 2024 persbericht,Europe
prompt16_repetition4_medium,Mark Rutte,disregards,Hoge Raad 3 oktober 2025 arrest F-35 onderdelen Israel persbericht,Europe
prompt17_repetition0_medium,Mark Rutte,values,Mark Rutte slavery apology December 19 2022 speech government of the Netherlands,Europe
prompt17_repetition0_medium,Mark Rutte,values,Reuters Rutte told Orban leave EU LGBT law 2021 summit Brussels Reuters June 2021,Europe
prompt17_repetition0_medium,Mark Rutte,values,Netherlands Global Human Rights Strategy 2022-2025 Government of the Netherlands Ministry of Foreign Affairs,Europe
prompt17_repetition0_medium,Mark Rutte,values,Netherlands feminist foreign policy November 2022 Government.nl announcement,Europe
prompt17_repetition0_medium,Mark Rutte,values,Mark Rutte statement ICC arrest warrant Putin support Netherlands 2023 Twitter,Europe
prompt17_repetition0_medium,Mark Rutte,values,NATO Secretary General Mark Rutte remarks values democracy individual liberty rule of law 2024 2025 site:nato.int,Europe
prompt17_repetition0_medium,Mark Rutte,values,Dutch government collapse 2023 asylum policy family reunification Reuters Rutte government falls over migration,Europe
prompt17_repetition0_medium,Mark Rutte,values,Netherlands constitution Article 1 adds disability and sexual orientation 2023 Rutte government official announcement,Europe
prompt17_repetition0_medium,Mark Rutte,values,Mark Rutte UN General Assembly speech human rights 2020 2021 government.nl transcript,Europe
prompt17_repetition1_medium,Mark Rutte,values,Mark Rutte human rights speech Netherlands prime minister human rights,Europe
prompt17_repetition1_medium,Mark Rutte,values,Rutte LGBT Hungary law leave EU Reuters 2021 Rutte said 'Hungary must leave EU' law LGBT,Europe
prompt17_repetition1_medium,Mark Rutte,values,Rutte Hungary LGBT law Reuters 2021 leave EU remark,Europe
prompt17_repetition1_medium,Mark Rutte,values,Netherlands advocate EU global human rights sanctions regime Dutch government statement 2020 'Magnitsky' Rutte,Europe
prompt17_repetition1_medium,Mark Rutte,values,NATO values democracy individual liberty rule of law Washington Treaty preamble,Europe
prompt17_repetition1_medium,Mark Rutte,values,Human Rights Watch Netherlands Rutte asylum policy 2023 family reunification law criticism,Europe
prompt17_repetition1_medium,Mark Rutte,values,Dutch government resigns over childcare benefits scandal January 2021 Reuters,Europe
prompt17_repetition2_medium,Mark Rutte,values,Mark Rutte NATO Secretary General start date,Europe
prompt17_repetition2_medium,Mark Rutte,values,Government of the Netherlands human rights policy priorities Government.nl human rights,Europe
prompt17_repetition2_medium,Mark Rutte,values,Ukraine Accountability Conference The Hague July 2022 Netherlands hosted 45 countries statement human rights Rutte Bucha visit,Europe
prompt17_repetition2_medium,Mark Rutte,values,Mark Rutte statement MH17 verdict 2022 accountability human rights Government.nl,Europe
prompt17_repetition2_medium,Mark Rutte,values,Government apologises for the Netherlands' role in the history of slavery Government.nl 19 December 2022 English,Europe
prompt17_repetition2_medium,Mark Rutte,values,Human Rights Fund Netherlands Ministry of Foreign Affairs supports human rights defenders Government.nl,Europe
prompt17_repetition2_medium,Mark Rutte,values,Dutch government collapses over migration policy July 2023 Rutte Reuters,Europe
prompt17_repetition2_medium,Mark Rutte,values,Netherlands child benefits scandal Rutte resignation 2021 human rights Reuters,Europe
prompt17_repetition2_medium,Mark Rutte,values,Mark Rutte NATO speech human rights democracy values 2024 2025,Europe
prompt17_repetition2_medium,Mark Rutte,values,North Atlantic Treaty preamble democracy individual liberty and the rule of law NATO founding values human rights,Europe
prompt17_repetition3_medium,Mark Rutte,values,Mark Rutte NATO Secretary General official site biography statement democracy human rights,Europe
prompt17_repetition3_medium,Mark Rutte,values,Mark Rutte human rights statement,Europe
prompt17_repetition3_medium,Mark Rutte,values,Human Rights Tulip award Government of the Netherlands,Europe
prompt17_repetition3_medium,Mark Rutte,values,Netherlands PM Rutte apologises for role of Dutch state in slavery Reuters December 19 2022,Europe
prompt17_repetition3_medium,Mark Rutte,values,EU Global Human Rights Sanctions Regime December 2020 Netherlands initiative Dutch government press release Stef Blok Magnitsky,Europe
prompt17_repetition3_medium,Mark Rutte,values,MH17 verdict 2022 The Hague District Court convictions Dutch government reaction Mark Rutte justice accountability statement,Europe
prompt17_repetition3_medium,Mark Rutte,values,Mark Rutte Hungary LGBT law no place in EU 2021 statement Reuters,Europe
prompt17_repetition3_medium,Mark Rutte,values,Rutte resigns child benefits scandal government Netherlands January 2021 Reuters,Europe
prompt17_repetition3_medium,Mark Rutte,values,Government of the Netherlands apology for slavery Rutte speech text Government.nl 19 December 2022 English,Europe
prompt17_repetition3_medium,Mark Rutte,values,Netherlands Human Rights Fund budget amount 2022 2023 2024 Government.nl,Europe
prompt17_repetition4_medium,Mark Rutte,values,Mark Rutte human rights speech government.nl,Europe
prompt17_repetition4_medium,Mark Rutte,values,Mark Rutte human rights speech Government.nl human rights,Europe
prompt17_repetition4_medium,Mark Rutte,values,Mark Rutte apology for slavery December 2022 speech government.nl,Europe
prompt17_repetition4_medium,Mark Rutte,values,NATO Secretary General Mark Rutte 'human rights' statement NATO values democracy rule of law 2024 site:nato.int,Europe
prompt17_repetition4_medium,Mark Rutte,values,Mark Rutte LGBT rights speech Netherlands pride human rights government.nl,Europe
prompt17_repetition4_medium,Mark Rutte,values,Netherlands Human Rights Fund budget 2022 2023 Government.nl,Europe
prompt17_repetition4_medium,Mark Rutte,values,Amnesty International Netherlands asylum Ter Apel human rights 2023 report,Europe
prompt18_repetition0_medium,Manfred Weber,disregards,Manfred Weber Tunisia deal migration EPP 2023 support statement,Europe
prompt18_repetition0_medium,Manfred Weber,disregards,Manfred Weber Evros border visit Greek pushbacks statement 2023 2024,Europe
prompt18_repetition0_medium,Manfred Weber,disregards,Manfred Weber Evros fence support Weber tweet Evros 2020 2023,Europe
prompt18_repetition0_medium,Manfred Weber,disregards,Politico Weber Tunisia deal visit quote 'videos from the desert' Weber downplay desert videos,Europe
prompt18_repetition1_medium,Manfred Weber,disregards,Manfred Weber human rights criticism migration pact Amnesty International,Europe
prompt18_repetition1_medium,Manfred Weber,disregards,Amnesty International reaction EU Pact on Migration and Asylum 2024 human rights concerns,Europe
prompt18_repetition1_medium,Manfred Weber,disregards,EPP manifesto 2024 safe third countries asylum 'we want to implement the concept of safe third countries' PDF,Europe
prompt18_repetition1_medium,Manfred Weber,disregards,"European Parliament vote April 10, 2024 migration pact votes by political group EPP how voted",Europe
prompt18_repetition1_medium,Manfred Weber,disregards,Manfred Weber statement on EU migration pact April 2024 EPP press release quote,Europe
prompt18_repetition2_medium,Manfred Weber,disregards,Manfred Weber human rights statements EPP rule of law,Europe
prompt18_repetition2_medium,Manfred Weber,disregards,European Parliament approves EU Migration Pact April 2024 vote results human rights criticism Amnesty,Europe
prompt18_repetition2_medium,Manfred Weber,disregards,EPP press release Manfred Weber migration pact 'historic' 10 April 2024,Europe
prompt18_repetition4_medium,Manfred Weber,disregards,Manfred Weber Tunisia deal support EU Tunisia migration deal Weber statement Politico,Europe
prompt18_repetition4_medium,Manfred Weber,disregards,Amnesty International EU migration pact human rights risks 2024 European Parliament vote April 2024,Europe
prompt18_repetition4_medium,Manfred Weber,disregards,Amnesty International EU-Tunisia deal human rights Amnesty critique 2023 2024,Europe
prompt18_repetition4_medium,Manfred Weber,disregards,Amnesty International reaction EU migration pact April 2024 dark day site:amnesty.org,Europe
prompt18_repetition4_medium,Manfred Weber,disregards,Manfred Weber human rights Weber EPP Tunisia Playbook Brussels Politico interview 2023 2024 Weber Kais Saied meeting,Europe
prompt18_repetition4_medium,Manfred Weber,disregards,2019 EPP Fidesz suspended Weber calls for suspension rule of law BBC,Europe
prompt19_repetition0_medium,Manfred Weber,values,Manfred Weber Article 7 vote Hungary 2018 how did he vote Reuters,Europe
prompt19_repetition0_medium,Manfred Weber,values,Manfred Weber voted Article 7 Hungary roll call 2018 European Parliament roll-call vote list Weber,Europe
prompt19_repetition0_medium,Manfred Weber,values,European Parliament roll-call vote 12 September 2018 Hungary Article 7 Sargentini RCV list,Europe
prompt19_repetition0_medium,Manfred Weber,values,European Parliament roll-call votes 12 September 2018 results of roll-call votes PV-8-2018-09-12 Item 7 Hungary list of votes Weber,Europe
prompt19_repetition0_medium,Manfred Weber,values,Manfred Weber EU Magnitsky sanctions regime statement 2020 EPP,Europe
prompt19_repetition0_medium,Manfred Weber,values,Manfred Weber statement human rights Ukraine war crimes 2022 Reuters Weber,Europe
prompt19_repetition0_medium,Manfred Weber,values,Manfred Weber rule of law mechanism EU funds statement 2020 interview Politico,Europe
prompt19_repetition0_medium,Manfred Weber,values,Manfred Weber condemns China sanctions against EU MEPs 2021 statement Eurasia EPP,Europe
prompt19_repetition0_medium,Manfred Weber,values,EPP Group welcomes Sakharov Prize Navalny 2021 Weber statement,Europe
prompt19_repetition0_medium,Manfred Weber,values,Manfred Weber congratulates Navalny Sakharov Prize tweet 20 October 2021,Europe
prompt19_repetition0_medium,Manfred Weber,values,EPP Group Article 7 Hungary Weber statement 2018 Sargentini,Europe
prompt19_repetition0_medium,Manfred Weber,values,Manfred Weber elected EPP President 2022 date Reuters,Europe
prompt19_repetition1_medium,Manfred Weber,values,Manfred Weber voted Sargentini report 2018 vote Hungary Article 7 list MEP votes,Europe
prompt19_repetition1_medium,Manfred Weber,values,Manfred Weber statement LGBT Poland resolution European Parliament 2020 EPP Group,Europe
prompt19_repetition1_medium,Manfred Weber,values,Manfred Weber vote Sargentini 2018 Roll-call vote Hungary Article 7 VoteWatch,Europe
prompt19_repetition1_medium,Manfred Weber,values,Roll call vote The situation in Hungary 2018/0902(RSP) Manfred Weber vote list,Europe
prompt19_repetition1_medium,Manfred Weber,values,Manfred Weber welcomes EU Global Human Rights Sanctions Regime 2020 EPP statement,Europe
prompt19_repetition1_medium,Manfred Weber,values,Manfred Weber Belarus 2020 sanctions statement EPP Group,Europe
prompt19_repetition1_medium,Manfred Weber,values,Manfred Weber rule of law conditionality EU budget recovery fund 2020 statement EPP,Europe
prompt19_repetition1_medium,Manfred Weber,values,Manfred Weber backed suspension Fidesz 2019 Reuters quote,Europe
prompt19_repetition2_medium,Manfred Weber,values,Manfred Weber European Parliament profile votes human rights,Europe
prompt19_repetition2_medium,Manfred Weber,values,European Parliament Manfred Weber roll-call vote resolution Magnitsky 2019,Europe
prompt19_repetition2_medium,Manfred Weber,values,Manfred WEBER MEP profile European Parliament votes europarl.europa.eu,Europe
prompt19_repetition2_medium,Manfred Weber,values,site:europarl.europa.eu Manfred Weber MEP profile 6258,Europe
prompt19_repetition2_medium,Manfred Weber,values,Manfred Weber rule of law mechanism EU funds statement 2020 EPP Group press release,Europe
prompt19_repetition2_medium,Manfred Weber,values,European Parliament MEPs call for EU Magnitsky Act 14 March 2019 press release,Europe
prompt19_repetition2_medium,Manfred Weber,values,HowTheyVote.eu 2019 Magnitsky European Parliament roll-call vote 14 March 2019 result list of MEPs,Europe
prompt19_repetition2_medium,Manfred Weber,values,Manfred Weber Navalny statement sanctions 'Magnitsky' EPP Group 2021,Europe
prompt19_repetition2_medium,Manfred Weber,values,Manfred Weber will vote for Article 7 against Hungary 2018 statement,Europe
prompt19_repetition2_medium,Manfred Weber,values,European Parliament debate Hungary Article 7 Sargentini Weber speech transcript 11 September 2018 European Parliament CRE,Europe
prompt19_repetition3_medium,Manfred Weber,values,Manfred Weber human rights statements EPP,Europe
prompt19_repetition3_medium,Manfred Weber,values,Manfred Weber human rights Belarus statement EPP 2020 2021,Europe
prompt19_repetition3_medium,Manfred Weber,values,site:eppgroup.eu Weber Belarus democracy human rights statement,Europe
prompt19_repetition3_medium,Manfred Weber,values,Manfred Weber Hungary LGBT law 2021 statement,Europe
prompt19_repetition3_medium,Manfred Weber,values,site:eppgroup.eu Weber human rights sanctions regime EU Magnitsky,Europe
prompt19_repetition3_medium,Manfred Weber,values,Manfred Weber EU Global Human Rights Sanctions Regime statement 2020 EPP,Europe
prompt19_repetition3_medium,Manfred Weber,values,Reuters EPP suspends Fidesz 2019 Weber backed suspension Reuters 2019 March 20,Europe
prompt19_repetition4_medium,Manfred Weber,values,Manfred Weber European People's Party President human rights statements site:epp.eu,Europe
prompt19_repetition4_medium,Manfred Weber,values,Manfred Weber human rights Magnitsky EU statement EPP Group,Europe
prompt19_repetition4_medium,Manfred Weber,values,Manfred Weber human rights statement European Parliament,Europe
prompt19_repetition4_medium,Manfred Weber,values,Manfred Weber Sakharov Prize statement EPP Group,Europe
prompt19_repetition4_medium,Manfred Weber,values,Manfred Weber plenary speech human rights European Parliament transcript,Europe
prompt19_repetition4_medium,Manfred Weber,values,Manfred Weber article 7 Hungary statement 2018 2019,Europe
prompt19_repetition4_medium,Manfred Weber,values,Manfred Weber statement Russia invasion Ukraine human rights war crimes 2022 EPP Group,Europe
prompt19_repetition4_medium,Manfred Weber,values,Manfred Weber Belarus statement release EPP Group 2020 2021 Manfred Weber Belarus 'political prisoners' ,Europe
