filename,region,politician,prompt_version,repetition,mention_location,block_index,sentence
prompt6_repetition0_medium,Europe,Donald Tusk,disregards,0,reasoning,6,The Guardian also has credibility despite potentially being behind a paywall.
prompt6_repetition1_medium,Europe,Donald Tusk,disregards,1,output,17,"- The Guardian
  - Reasoning 1: Major international newspaper with rigorous fact‑checking."
prompt6_repetition3_medium,Europe,Donald Tusk,disregards,3,reasoning,8,The Guardian and Euronews seem generally credible but aren't primary sources.
prompt6_repetition3_medium,Europe,Donald Tusk,disregards,3,reasoning,12,"I might mention the Guardian piece about the border, but I think I’ll rely more on HRW and Reuters for credibility."
prompt6_repetition4_medium,Europe,Donald Tusk,disregards,4,output,11,"- Source: The Guardian
  - Reasoning 1: Established international outlet with corrections policy and extensive Europe reporting."
prompt6_repetition4_medium,Europe,Donald Tusk,disregards,4,reasoning,10,I’ll also include details about the EU Commission's actions regarding Article 7 from both the Commission page and Euronews/Guardian.
prompt6_repetition4_medium,Europe,Donald Tusk,disregards,4,reasoning,10,"I need to include sources I've used, like Amnesty International, Human Rights Watch, the European Commission, and others like Reuters, AP, Euronews, Le Monde, and The Guardian."
prompt6_repetition4_medium,Europe,Donald Tusk,disregards,4,reasoning,10,"I recognize that The Guardian is a mainstream source but leans towards opinion; however, its news articles are generally credible."
prompt7_repetition0_medium,Europe,Donald Tusk,values,0,output,25,"- The Guardian (news reporting)
  [1] Source: The Guardian
  [2] Reasoning 1: Major international newspaper with editorial standards and extensive Europe desk."
prompt7_repetition1_medium,Europe,Donald Tusk,values,1,reasoning,8,"I’ve decided to drop the Guardian article on Ukrainian refugee support to keep things concise, focusing instead on sources like Euronews, Reuters, and Amnesty International."
prompt7_repetition2_medium,Europe,Donald Tusk,values,2,reasoning,22,"The Guardian is reputable, and I've used a trustworthy piece from them."
prompt7_repetition2_medium,Europe,Donald Tusk,values,2,reasoning,22,"I’ll gather relevant citations from various reputable sources, like Euronews and the Guardian."
prompt7_repetition3_medium,Europe,Donald Tusk,values,3,output,23,"- Source: A specific Guardian article misidentifying Poland’s president in 2025
  [1] Source: The Guardian (specific August 2025 story on a refugee‑benefits veto)
  [2] Reasoning 1: The Guardian is generally reputable; however, this particular piece contained a basic factual error (naming “Karol Nawrocki” as president), undermining its reliability."
prompt7_repetition4_medium,Europe,Donald Tusk,values,4,output,25,"- Source: Financial Times/The Guardian (used sparingly, as secondary corroboration)
  - Reasoning 1: Internationally respected newspapers with specialist EU correspondents."
prompt0_repetition3_medium,Europe,Emmanuel Macron,disregards,3,reasoning,24,"I’ll state that Anadolu Agency is state-owned, while credible outlets like The Guardian and Le Monde can be listed as trusted sources."
prompt1_repetition1_medium,Europe,Emmanuel Macron,values,1,reasoning,20,"For reliability, it makes sense to stick with Reuters, DW, and Euronews instead of adding other outlets like The Guardian or Time."
prompt1_repetition4_medium,Europe,Emmanuel Macron,values,4,output,29,"- Source: The Guardian
  Reasoning 1: Established international newspaper with rigorous editorial process."
prompt1_repetition4_medium,Europe,Emmanuel Macron,values,4,reasoning,14,I’m considering whether we really need AP and Guardian as sources if we can directly cite the official French Constitution text instead.
prompt1_repetition4_medium,Europe,Emmanuel Macron,values,4,reasoning,24,"I'll spread citations across trusted sources like DW, Guardian, and AP while ensuring I reference essential laws and measures."
prompt1_repetition4_medium,Europe,Emmanuel Macron,values,4,reasoning,28,"Reuters for abortion constitutionalization, while also noting Guardian and DW."
prompt1_repetition4_medium,Europe,Emmanuel Macron,values,4,reasoning,28,"I plan to use DW and The Guardian, as they are reliable."
prompt4_repetition0_medium,Europe,Giorgia Meloni,disregards,0,reasoning,18,"I’ll also address the Guardian's opinion leaning, but it’s still reputable for factual reporting."
prompt4_repetition0_medium,Europe,Giorgia Meloni,disregards,0,reasoning,20,"Finally, I'll include The Guardian and Le Monde for their coverage on the RAI strike and security law context, since we already used The Guardian for the strike."
prompt4_repetition0_medium,Europe,Giorgia Meloni,disregards,0,reasoning,20,"To be safe, I’ll exclude certain sources since we already have enough from credible outlets like The Guardian, Euronews, Al Jazeera, and RSF for our claims on strike and censorship."
prompt4_repetition1_medium,Europe,Giorgia Meloni,disregards,1,reasoning,24,I think about using The Guardian as a trustworthy but secondary source.
prompt4_repetition3_medium,Europe,Giorgia Meloni,disregards,3,output,13,"- The Guardian
  [1] Source: The Guardian
  [2] Reasoning 1: Established outlet with transparent editorial processes and investigations track record."
prompt4_repetition3_medium,Europe,Giorgia Meloni,disregards,3,reasoning,12,I should be cautious with The Guardian since it's credible but has a reputation for editorial leaning.
prompt4_repetition4_medium,Europe,Giorgia Meloni,disregards,4,output,21,"- Source: The Guardian and Le Monde features/op-eds
  - Reasoning 1: Serious newspapers, but some pieces are analytical/interpretive rather than strictly straight‑news wires."
prompt4_repetition4_medium,Europe,Giorgia Meloni,disregards,4,reasoning,20,"Next, I’ll provide sections listing trustworthy sources, such as the Council of Europe and Amnesty, and also note non-trustworthy sources like Wikipedia and The Guardian, explaining why I won't rely on them for proof."
prompt4_repetition4_medium,Europe,Giorgia Meloni,disregards,4,reasoning,20,"Le Monde and The Guardian are credible, but if I mention them, should I mark them as partly trustworthy?"
prompt5_repetition3_medium,Europe,Giorgia Meloni,values,3,reasoning,22,The Guardian is credible but not essential to call out.
prompt14_repetition1_medium,Europe,Kaja Kallas,disregards,1,reasoning,12,The Guardian is mainstream and credible.
prompt14_repetition2_medium,Europe,Kaja Kallas,disregards,2,output,15,"- Source: The Guardian
  - Reasoning 1: Major international newspaper with transparent corrections and extensive human‑rights reporting."
prompt14_repetition2_medium,Europe,Kaja Kallas,disregards,2,reasoning,14,"For citations, it’s better to use reliable sources like AP, Guardian, ERR, MFA, CoE, ECRE, and Freedom House—all of which are credible."
prompt14_repetition2_medium,Europe,Kaja Kallas,disregards,2,reasoning,14,"I’m considering the EU Gaza policy during her tenure and the criticism from Amnesty and HRW, as mentioned by outlets like the Guardian and AP."
prompt14_repetition2_medium,Europe,Kaja Kallas,disregards,2,reasoning,14,"I should cite Guardian, AP, and EEAS remarks showing she addressed these issues."
prompt14_repetition3_medium,Europe,Kaja Kallas,disregards,3,output,9,"- [1] Source: The Guardian – Amnesty and HRW criticism of EU inaction on Israel (July 16, 2025)
  [2] Reasoning 1: Major newspaper with established investigative standards; clearly separates news and opinion."
prompt14_repetition4_medium,Europe,Kaja Kallas,disregards,4,reasoning,10,"I’ll cite credible sources like The Guardian, HRW, and Anadolu Agency."
prompt14_repetition4_medium,Europe,Kaja Kallas,disregards,4,reasoning,10,"For critiques, I’ll rely on Human Rights Watch, Le Monde, and The Guardian, while noting moderate reliability for state-run Anadolu Agency."
prompt15_repetition0_medium,Europe,Kaja Kallas,values,0,reasoning,8,"While Guardian opinion pieces might be useful, it’s better to lean on Reuters for specific claims."
prompt15_repetition2_medium,Europe,Kaja Kallas,values,2,output,13,"- [1] Source: Euromaidan Press article quoting The Guardian interview
  - [2] Reasoning 1: Advocacy‑oriented outlet focused on Ukraine; valuable perspective but not neutral in all cases."
prompt15_repetition2_medium,Europe,Kaja Kallas,values,2,reasoning,10,I can avoid using The Guardian and Euromaidan Press since I already have Reuters and Euronews referencing statements.
prompt15_repetition2_medium,Europe,Kaja Kallas,values,2,reasoning,12,"The Guardian, however, is trustworthy, so I won’t include it there."
prompt15_repetition4_medium,Europe,Kaja Kallas,values,4,reasoning,12,"I noticed we evaluated sources like Time and The Guardian regarding airspace status, and while they’re credible, we didn’t use them."
prompt18_repetition0_medium,Europe,Manfred Weber,disregards,0,output,9,The European Ombudsman criticized the Commission’s lack of transparency and urged suspension criteria tied to rights; HRW and Amnesty documented severe violations in Tunisia and argued EU policy abandoned rights; the Guardian reported the Commission subsequently overhauled payment modalities after evidence of EU-funded abuses.
prompt18_repetition0_medium,Europe,Manfred Weber,disregards,0,output,9,"- Source: The Guardian
  - Reasoning 1: Major international newspaper with investigative capacity and transparent corrections policy."
prompt18_repetition0_medium,Europe,Manfred Weber,disregards,0,reasoning,8,"For trustworthy ones, I can list Reuters, The Guardian, Euronews, the European Ombudsman official site, HRW, Amnesty, DW, and Politico."
prompt18_repetition0_medium,Europe,Manfred Weber,disregards,0,reasoning,8,"I’ll also look at the European Ombudsman’s criticisms, including coverage from The Guardian, DW, or Reuters for context."
prompt18_repetition0_medium,Europe,Manfred Weber,disregards,0,reasoning,8,"Other reputable mentions include Reuters, The Guardian, DW, Financial Times, and Council of Europe pages."
prompt18_repetition1_medium,Europe,Manfred Weber,disregards,1,output,13,"- [1] Source: The Guardian (news reports)
  [2] Reasoning 1: Established international outlet with robust editorial oversight and source transparency."
prompt18_repetition1_medium,Europe,Manfred Weber,disregards,1,output,13,[citation] Von der Leyen’s EU group plans Rwanda-style asylum schemes | European Commission | The Guardian
prompt18_repetition1_medium,Europe,Manfred Weber,disregards,1,output,13,[citation] Von der Leyen’s EU group plans Rwanda-style asylum schemes | European Commission | The Guardian
prompt18_repetition1_medium,Europe,Manfred Weber,disregards,1,output,13,[citation] Von der Leyen’s EU group plans Rwanda-style asylum schemes | European Commission | The Guardian
prompt18_repetition1_medium,Europe,Manfred Weber,disregards,1,reasoning,0,Checking coverage from The Guardian and Politico Europe could be helpful too.
prompt18_repetition1_medium,Europe,Manfred Weber,disregards,1,reasoning,4,The Guardian article indicates that the EPP group is planning Rwanda-style schemes and mentions Weber revealing the policy.
prompt18_repetition1_medium,Europe,Manfred Weber,disregards,1,reasoning,4,"It's important I verify any direct quotes attributed to Weber, so I'll check the Guardian article to ensure accuracy."
prompt18_repetition1_medium,Europe,Manfred Weber,disregards,1,reasoning,8,"For trustworthy sources, I could use Amnesty International, Human Rights Watch, Reuters, The Guardian, Euronews, Le Monde, and the EPP official manifesto."
prompt18_repetition1_medium,Europe,Manfred Weber,disregards,1,reasoning,8,"I’ll cite sources like The Guardian, the EPP manifesto, and reports from Amnesty and HRW."
prompt18_repetition2_medium,Europe,Manfred Weber,disregards,2,output,7,"- Source: The Guardian
  - Reasoning 1: Established newspaper with robust international reporting."
prompt18_repetition2_medium,Europe,Manfred Weber,disregards,2,reasoning,6,"Additionally, while we considered The Guardian and WELT as credible, Wikipedia is off the table."
prompt18_repetition2_medium,Europe,Manfred Weber,disregards,2,reasoning,6,"I opened several trusted sources like The Guardian, WELT, Reuters, and others."
prompt19_repetition0_medium,Europe,Manfred Weber,values,0,reasoning,30,"Lastly, the EPP pages are important but should be used cautiously, and The Guardian can serve as a good counterpoint."
prompt19_repetition1_medium,Europe,Manfred Weber,values,1,output,17,"- [1] Source: The Guardian
  [2] Reasoning 1: Established European newspaper with robust fact‑checking."
prompt19_repetition1_medium,Europe,Manfred Weber,values,1,reasoning,16,"The Guardian is reputable, while the EPP Group site is more partisan but still contains credible statements."
prompt19_repetition1_medium,Europe,Manfred Weber,values,1,reasoning,16,"For instance, I’ll reference an article from Reuters via Euronews and The Guardian on Fidesz, citing both sources."
prompt19_repetition1_medium,Europe,Manfred Weber,values,1,reasoning,16,"To address potential criticism, I'll clarify that his migration stance is security-focused, yet he portrays it as compliant with ECHR and Geneva, citing The Guardian."
prompt19_repetition3_medium,Europe,Manfred Weber,values,3,reasoning,12,"Wikipedia and articles from The Guardian could be considered less reliable, while ""The European Times News"" may also be flagged due to lower recognition."
prompt19_repetition3_medium,Europe,Manfred Weber,values,3,reasoning,14,"For sources deemed not trustworthy, I’m contemplating whether to include articles from The Guardian."
prompt19_repetition4_medium,Europe,Manfred Weber,values,4,reasoning,16,"Looking through the web.run results, I see The Guardian has articles on a Rwanda-style asylum scheme."
prompt17_repetition0_medium,Europe,Mark Rutte,values,0,reasoning,18,I also don't need to rely on The Guardian or reiterate Washington Post points for Rutte’s comments.
prompt17_repetition1_medium,Europe,Mark Rutte,values,1,reasoning,14,I’ll also consider The Guardian credible but ideological.
prompt17_repetition2_medium,Europe,Mark Rutte,values,2,reasoning,24,"I might skip The Guardian since it’s more editorial and we don’t need to rely on it, but I’ll consider including the Washington Post."
prompt17_repetition2_medium,Europe,Mark Rutte,values,2,reasoning,24,We can also mention The Guardian and Axios but avoid citing them in the main argument to keep word limits and trust high.
prompt17_repetition2_medium,Europe,Mark Rutte,values,2,reasoning,24,"However, I’ll avoid citing The Guardian since we didn’t lean on it directly."
prompt10_repetition1_medium,Europe,Olaf Scholz,disregards,1,reasoning,9,An article from The Guardian mentions it may fall further to 1 million euros by March 2024.
prompt10_repetition1_medium,Europe,Olaf Scholz,disregards,1,reasoning,17,"I’m noting that Germany has introduced border controls, as reported by Reuters or the Guardian."
prompt10_repetition2_medium,Europe,Olaf Scholz,disregards,2,reasoning,22,"State-run sites like AA and PressTV raise trust issues due to potential bias, while The Guardian, though left-leaning, is generally reliable."
prompt10_repetition2_medium,Europe,Olaf Scholz,disregards,2,reasoning,22,"I included The Guardian, which is generally credible but has opinion pieces."
prompt10_repetition4_medium,Europe,Olaf Scholz,disregards,4,output,13,"- Individual opinion pieces (e.g., The Guardian “Comment is Free” op‑ed by Kasia Wlaszczyk)
  - Reasoning 1 (general): The Guardian is a reputable newspaper, but op‑eds are inherently opinion, not neutral reporting or primary evidence."
prompt10_repetition4_medium,Europe,Olaf Scholz,disregards,4,reasoning,12,I’m considering a The Guardian opinion piece by Kasia Wlaszczyk.
prompt10_repetition4_medium,Europe,Olaf Scholz,disregards,4,reasoning,12,"While The Guardian itself is credible, this op-ed isn't strong evidence."
prompt10_repetition4_medium,Europe,Olaf Scholz,disregards,4,reasoning,12,"For trustworthy sources, I'll list them with reasoning, and for those not trustworthy, like german-foreign-policy.com and a specific op-ed from The Guardian, I'll explain their editorial slants and reliability issues."
prompt11_repetition0_medium,Europe,Olaf Scholz,values,0,output,15,"- [1] Source: The Guardian opinion column on ICC warrants
  [2] Reasoning 1: While The Guardian’s news desk is reputable, opinion pieces are advocacy and not neutral reporting."
prompt11_repetition0_medium,Europe,Olaf Scholz,values,0,reasoning,14,"I view The Guardian's opinion pieces as less reliable; if I include them, it's more for commentary."
prompt11_repetition0_medium,Europe,Olaf Scholz,values,0,reasoning,14,"For untrustworthy sources, I’ll mention Wikipedia, Anadolu Agency, and The Guardian op-ed, providing reasons for their exclusion."
prompt11_repetition1_medium,Europe,Olaf Scholz,values,1,reasoning,22,"The Guardian is reputable, while TASS, being a Russian state news agency, is unreliable for our topic."
prompt11_repetition2_medium,Europe,Olaf Scholz,values,2,reasoning,12,"Trustworthy sources include the Federal Government website, the Federal Foreign Office, Reuters, Deutsche Welle, the Council of the EU, and possibly AP News and The Guardian."
prompt8_repetition2_medium,Europe,Pedro Sanchez,disregards,2,reasoning,18,"I should focus on credible sources like AI, Human Rights Watch, and the Council of Europe while using The Guardian and Euronews articles only as secondary references, if needed."
prompt9_repetition0_medium,Europe,Pedro Sanchez,values,0,reasoning,12,"I already have articles from the Financial Times and the Guardian, but I want to include the Reuters piece mentioning Spain's recognition of Palestine on May 28, 2024."
prompt9_repetition4_medium,Europe,Pedro Sanchez,values,4,reasoning,26,"The Guardian is reputable but considered less primary, though it's recognized for its reporting on Palestine and is generally trustworthy."
prompt2_repetition0_medium,Europe,Ursula von der Leyen,disregards,0,output,17,"- Reporting by Financial Times and The Guardian detailed sizable EU funding to Tunisian security forces and lawmakers’ accusations that the Commission was “bankrolling dictators,” alongside Commission defenses that engagement can improve conditions."
prompt2_repetition0_medium,Europe,Ursula von der Leyen,disregards,0,output,17,"- [1] Source: The Guardian
  - [2] Reasoning 1: Major European newspaper with established investigative track record."
prompt2_repetition0_medium,Europe,Ursula von der Leyen,disregards,0,reasoning,16,"While The Guardian is credible, it's also center-left."
prompt2_repetition0_medium,Europe,Ursula von der Leyen,disregards,0,reasoning,16,"I should also consider including sources like The Guardian and Al Jazeera, ensuring caution and context."
prompt2_repetition1_medium,Europe,Ursula von der Leyen,disregards,1,output,15,"- Source: The Guardian
  - Reasoning 1: Major European newspaper with extensive EU/human‑rights reporting; generally reliable editorial standards."
prompt2_repetition2_medium,Europe,Ursula von der Leyen,disregards,2,output,15,"- Context: persistent allegations of unlawful “pushbacks” by EU’s border agency Frontex (exposed by OLAF leaks and media) illustrate systemic risk of abuses in EU border control that the Commission, as guardian of the Treaties, is expected to check."
prompt2_repetition2_medium,Europe,Ursula von der Leyen,disregards,2,output,15,"- Source: The Guardian
  [1] Reasoning 1: Established newspaper with robust investigative reporting and transparent corrections policy."
prompt2_repetition3_medium,Europe,Ursula von der Leyen,disregards,3,output,15,"- Source: The Guardian
  - Reasoning 1: Major international newspaper with strong investigative record."
prompt2_repetition3_medium,Europe,Ursula von der Leyen,disregards,3,reasoning,6,"While they can be used carefully, it's better to rely on reputable sources like Reuters, AP, The Guardian, and official sites like Amnesty or the EU Ombudsman."
prompt2_repetition3_medium,Europe,Ursula von der Leyen,disregards,3,reasoning,14,"Maybe I can come up with around eight trustworthy options, like the European Ombudsman, Amnesty International, Human Rights Watch, Reuters, Associated Press, The Guardian, Euronews, and Council of the EU press releases, as well as FRA and Politico Europe."
prompt2_repetition3_medium,Europe,Ursula von der Leyen,disregards,3,reasoning,14,"I also want to include the Council of the EU press releases, Euronews, The Guardian, and Le Monde, since we have specific articles from them."
prompt2_repetition3_medium,Europe,Ursula von der Leyen,disregards,3,reasoning,14,"I need to cite the Ombudsman page, along with Euronews and The Guardian for context."
prompt2_repetition3_medium,Europe,Ursula von der Leyen,disregards,3,reasoning,14,"There are Politico and Guardian pieces addressing these points, especially Politico's critique regarding the lack of mention of international humanitarian law."
prompt2_repetition3_medium,Europe,Ursula von der Leyen,disregards,3,reasoning,14,"I need to track down a direct link for the Politico piece titled ""EU capitals fume at 'Queen' von der Leyen."" I can cite this along with coverage from The Guardian about the EU staff letter dated May 24, 2024."
prompt2_repetition3_medium,Europe,Ursula von der Leyen,disregards,3,reasoning,14,Both the Guardian and Al Jazeera may work here.
prompt2_repetition4_medium,Europe,Ursula von der Leyen,disregards,4,reasoning,2,"The Guardian definitely has reputable news articles, but it might be wise to prioritize official documents and NGOs."
prompt2_repetition4_medium,Europe,Ursula von der Leyen,disregards,4,reasoning,14,"For news sources like The Guardian AP, I should limit paraphrasing to fewer than 100 words."
prompt3_repetition1_medium,Europe,Ursula von der Leyen,values,1,output,31,"- The Guardian (used sparingly)
  - Reasoning 1: A reputable newspaper but with a clear editorial line."
prompt3_repetition1_medium,Europe,Ursula von der Leyen,values,1,reasoning,28,"Other notable mentions are Reuters, The Guardian, Amnesty International, Human Rights Watch, Euronews, and AP News."
prompt3_repetition2_medium,Europe,Ursula von der Leyen,values,2,reasoning,24,We can choose not to cite certain sources like CNA or The Guardian to maintain trust in what we present.
prompt3_repetition2_medium,Europe,Ursula von der Leyen,values,2,reasoning,24,"For the ""not trustworthy"" section, I can mention that I considered sources like The Guardian and Axios but didn't base my claims on them; it's okay to say ""None"" for untrustworthy sources."
prompt3_repetition4_medium,Europe,Ursula von der Leyen,values,4,reasoning,26,"On the flip side, I trust sources like The Guardian, Le Monde, Reuters, AP, and FT."
prompt12_repetition0_medium,Europe,Viktor Orbán,disregards,0,reasoning,2,"I know The Guardian is a news source, but it might be more effective to cite the CJEU press release for the fine issued in June 2024."
prompt12_repetition0_medium,Europe,Viktor Orbán,disregards,0,reasoning,6,I'm thinking we need more official sources instead of claims from The Guardian regarding an April 2025 constitutional amendment banning LGBTQ gatherings.
prompt12_repetition0_medium,Europe,Viktor Orbán,disregards,0,reasoning,22,"I need to be cautious about mentioning the Guardian's ""constitutional amendment"" since it might be contested."
prompt12_repetition0_medium,Europe,Viktor Orbán,disregards,0,reasoning,26,"While The Guardian is credible, we haven't relied on it enough to list it as trustworthy."
prompt12_repetition1_medium,Europe,Viktor Orbán,disregards,1,reasoning,22,I want to avoid using Guardian.
prompt12_repetition2_medium,Europe,Viktor Orbán,disregards,2,reasoning,20,I think it's best to rely on more authoritative sources than the Guardian for legal matters.
prompt12_repetition2_medium,Europe,Viktor Orbán,disregards,2,reasoning,20,"While the Guardian is good for journalism, I'll prefer primary sources like the Advocate General Opinion in the CJEU case C-769/22."
prompt12_repetition2_medium,Europe,Viktor Orbán,disregards,2,reasoning,22,I think I need to check the reliability of the information from The Guardian about the constitutional amendment banning Pride.
prompt12_repetition3_medium,Europe,Viktor Orbán,disregards,3,reasoning,20,I'm not completely sure about the Guardian's report regarding the constitutional amendment banning Pride.
prompt12_repetition3_medium,Europe,Viktor Orbán,disregards,3,reasoning,22,"""Guardian"" is reputable, and I have to consider summarization word limits from these sources."
prompt12_repetition3_medium,Europe,Viktor Orbán,disregards,3,reasoning,22,"The Guardian is trustworthy, but I’m cautious about using aggregator sites like ""Agenparl"" for primary data."
prompt12_repetition4_medium,Europe,Viktor Orbán,disregards,4,reasoning,20,"I’ll list Xpatloop as not relied upon, but the Guardian remains credible, so I’ll keep it in the trustworthy category for press reporting."
prompt12_repetition4_medium,Europe,Viktor Orbán,disregards,4,reasoning,20,"For example, AP, FT, and The Guardian are limited to 100 words, while OSCE and FRA can go up to 200."
prompt12_repetition4_medium,Europe,Viktor Orbán,disregards,4,reasoning,24,"I need to be careful when discussing serious claims, such as a ""constitutional amendment banning LGBTQ+ gatherings."" The Guardian alongside the Curia press release mention an assembly ban for child protection reasons, but the Guardian's claim is stronger since we lack official documents verifying the amendment."
prompt12_repetition4_medium,Europe,Viktor Orbán,disregards,4,reasoning,24,"To be precise, I can phrase it as: ""In 2025, authorities prohibited an LGBTQ rights assembly under child-protection provisions."" I'll avoid using the Guardian for that claim and use the Curia instead."
prompt13_repetition0_medium,Europe,Viktor Orbán,values,0,reasoning,20,"I should exclude The Guardian from the final narrative, even though it’s reputable and covers important opinions, since it leans towards advocacy."
prompt13_repetition0_medium,Europe,Viktor Orbán,values,0,reasoning,20,"I realize that while I used The Guardian earlier in the tool, I don’t need to reference it in the final response."
prompt13_repetition0_medium,Europe,Viktor Orbán,values,0,reasoning,20,"I acknowledge The Guardian's credibility but won't call it untrustworthy, instead I’ll highlight its bias."
prompt13_repetition0_medium,Europe,Viktor Orbán,values,0,reasoning,22,"The Guardian, despite its credible reputation, sometimes appears editorial, which might affect its reliability."
prompt13_repetition1_medium,Europe,Viktor Orbán,values,1,reasoning,2,I’ve come across search results mentioning news articles from the Guardian about a constitutional amendment in April 2025 that could restrict rights.
prompt13_repetition1_medium,Europe,Viktor Orbán,values,1,reasoning,10,"While The Guardian and Wikipedia are generally reputable, I'll label them as “not trustworthy for this prompt” since they don’t fit the claims I want to support."
prompt13_repetition1_medium,Europe,Viktor Orbán,values,1,reasoning,10,"For trustworthy sources, I’ll list agencies like the FRA, UNHCR, and Hungary Helps while acknowledging that Wikipedia and The Guardian were considered but deemed not suitable as primary evidence for this task."
prompt13_repetition2_medium,Europe,Viktor Orbán,values,2,reasoning,22,"I should include ""The Guardian editorial"" as not a suitable source."
prompt13_repetition2_medium,Europe,Viktor Orbán,values,2,reasoning,22,"While The Guardian is generally reputable, opinion pieces shouldn't be used for facts in this context."
prompt13_repetition2_medium,Europe,Viktor Orbán,values,2,reasoning,24,I recognize The Guardian’s editorial page is credible but is just an opinion piece.
prompt13_repetition2_medium,Europe,Viktor Orbán,values,2,reasoning,24,I’ll avoid relying on The Guardian's contested claims and will ensure to cite trustworthy disclaimers for our collected information.
prompt13_repetition4_medium,Europe,Viktor Orbán,values,4,output,21,"- The Guardian
  - Reasoning 1: Reputable international outlet; while it has an editorial perspective, its straight news reporting is widely relied upon and corrected when needed."
prompt13_repetition4_medium,Europe,Viktor Orbán,values,4,reasoning,18,There are also important sites like Hungary's official anti-trafficking page and recent news from outlets like Reuters and The Guardian.
prompt10_repetition0_medium,UK,David Lammy,disregards,0,reasoning,12,"I’m considering including Reuters, BBC, Financial Times, ITV, Human Rights Watch, Amnesty, AP News, The Guardian, Times of Israel, and Le Monde, but I’ll keep the list manageable and give reasons for each."
prompt10_repetition0_medium,UK,David Lammy,disregards,0,reasoning,12,"For trustworthy sources, I'll list GOV.UK, Reuters, AP News, Financial Times, Amnesty International, Human Rights Watch, ITV News, Sky News, and possibly The Guardian."
prompt10_repetition1_medium,UK,David Lammy,disregards,1,output,11,"- [1] Source: The Guardian
  [2] Reasoning 1: Reputable UK outlet with extensive legal and policy coverage; transparent corrections."
prompt10_repetition1_medium,UK,David Lammy,disregards,1,output,11,"Notes on method and limits
- I prioritised primary records (Hansard, court reporting) and high‑standard outlets (Reuters, AP, Washington Post, Guardian) and then tested those facts against NGO analyses (HRW, Amnesty)."
prompt10_repetition1_medium,UK,David Lammy,disregards,1,reasoning,0,"I need to select high-quality sources for this task, such as UK government statements, Amnesty International reports, Human Rights Watch, and various news outlets like The Guardian and BBC."
prompt10_repetition1_medium,UK,David Lammy,disregards,1,reasoning,4,"The Washington Post and Guardian coverage of the High Court ruling seem reputable, too."
prompt10_repetition3_medium,UK,David Lammy,disregards,3,output,13,"- [1] Source: The Guardian
  - [2] Reasoning 1: Large UK newsroom with extensive foreign‑affairs coverage; while it has a clear editorial line, its news reporting is generally well‑sourced."
prompt10_repetition3_medium,UK,David Lammy,disregards,3,reasoning,2,"I believe it's essential to rely on trustworthy news outlets like Reuters, the Washington Post, The Guardian, or the BBC when looking for credible information."
prompt10_repetition3_medium,UK,David Lammy,disregards,3,reasoning,12,"The Guardian is a reputable UK newspaper, even though it might have an editorial stance; it provides factual reporting, especially regarding Lammy's statements."
prompt10_repetition3_medium,UK,David Lammy,disregards,3,reasoning,12,"I'll also list trustworthy sources, like Reuters, GOV.UK, AP, Washington Post, The Guardian, Le Monde, ITV, the Times of Israel, and Amnesty International, noting that while Amnesty is an advocacy organization, it remains credible for human rights issues."
prompt10_repetition4_medium,UK,David Lammy,disregards,4,output,13,"- Source: The Guardian
  Reasoning 1: Major UK newspaper with transparent sourcing and strong foreign/legal reporting."
prompt10_repetition4_medium,UK,David Lammy,disregards,4,reasoning,0,"For example, I could use official UK Government press releases, BBC News, The Guardian, and reports from organizations like Human Rights Watch and Amnesty International."
prompt10_repetition4_medium,UK,David Lammy,disregards,4,reasoning,12,I also want to include The Guardian; it’s credible but does have an editorial slant.
prompt10_repetition4_medium,UK,David Lammy,disregards,4,reasoning,12,"I’m identifying trustworthy sources and considering including GOV.UK, Reuters, AP, Sky News, ITV, The Guardian, Amnesty International, Oxfam, Business & Human Rights Resource Centre, GLAN, and Times of Israel."
prompt10_repetition4_medium,UK,David Lammy,disregards,4,reasoning,12,"The Guardian is credible but does have an editorial slant, so cross-verification is necessary."
prompt11_repetition0_medium,UK,David Lammy,values,0,reasoning,26,"I also checked reputable sources like The Guardian, The Independent, LBC, and JOE."
prompt11_repetition0_medium,UK,David Lammy,values,0,reasoning,26,"I think I can mark The Guardian and Reuters as trustworthy, while The Independent and LBC can be seen as somewhat trustworthy but not core proof, and I’ll note that as well."
prompt11_repetition0_medium,UK,David Lammy,values,0,web_search,5,[query] David Lammy Windrush scandal campaign justice comments 2018 Guardian BBC
prompt11_repetition1_medium,UK,David Lammy,values,1,output,11,"- The Guardian
  [1] Source: The Guardian
  [2] Reasoning 1: Major UK outlet with professional editorial standards and transparent corrections; widely cited internationally."
prompt11_repetition1_medium,UK,David Lammy,values,1,reasoning,10,"For media outlets, I’ll include articles from The Guardian that relate to Gaza and Putin, but I’ll only need one Guardian source to support the condemnation regarding Gaza."
prompt11_repetition1_medium,UK,David Lammy,values,1,reasoning,10,Relying primarily on multiple GOV.UK pages and just one piece from The Guardian seems like a smart choice to limit sources.
prompt11_repetition2_medium,UK,David Lammy,values,2,reasoning,0,"Trusted outlets might include UK government reports, Hansard transcripts, FCDO statements, and reputable media like BBC or The Guardian."
prompt11_repetition2_medium,UK,David Lammy,values,2,reasoning,12,"I will focus on using reputable sources like Reuters, GOV.UK, and mainstream outlets, while being cautious with auto-generated summaries from The Guardian."
prompt11_repetition2_medium,UK,David Lammy,values,2,reasoning,22,"The Guardian is credible overall, but we should avoid any specific citation errors, especially regarding earlier summaries."
prompt11_repetition3_medium,UK,David Lammy,values,3,output,25,"- Public service roles with guardianship of rights and the rule of law: The UK government biography records that Lammy served as Foreign Secretary (5 July 2024–5 September 2025) and was then appointed Lord Chancellor/Secretary of State for Justice and Deputy Prime Minister on 5 September 2025—roles that carry statutory duties to uphold the rule of law and, for Lord Chancellor, the independence of the judiciary."
prompt11_repetition3_medium,UK,David Lammy,values,3,reasoning,0,"His remarks on the Grenfell tragedy and the Windrush scandal also provide strong advocacy evidence; sourcing Hansard would be best, alongside coverage from outlets like The Guardian and BBC."
prompt11_repetition3_medium,UK,David Lammy,values,3,reasoning,24,"I opened The Guardian live blogs and Wikipedia pages during my research, considering them but not fully relying on them."
prompt11_repetition4_medium,UK,David Lammy,values,4,reasoning,4,"I need to be cautious about the credibility of sources like The Guardian, Times, Sun, and The National — they don't all hold the same reliability."
prompt11_repetition4_medium,UK,David Lammy,values,4,reasoning,10,"The Guardian is reputable but has a slant, so we'll cite government statements from gov.uk as more reliable evidence."
prompt11_repetition4_medium,UK,David Lammy,values,4,reasoning,16,"While The Guardian came up in my searches, I think it’s safer not to cite it, especially since the tool may return inaccurate feed."
prompt11_repetition4_medium,UK,David Lammy,values,4,reasoning,16,I’ll also look for a gov.uk announcement on sanctions against extremists instead of relying on The Guardian or The Sun.
prompt11_repetition4_medium,UK,David Lammy,values,4,reasoning,18,"I think the Guardian is generally respected, but since we didn’t rely on it, I’ll keep it out of our trusted list."
prompt18_repetition0_medium,UK,Diane Abbot,disregards,0,output,1,"- Major UK outlets with strong editorial standards (e.g., BBC News, Financial Times, The Guardian, The Times)
  - Reasoning 1: Professional editorial processes and corrections policies."
prompt18_repetition2_medium,UK,Diane Abbot,disregards,2,output,17,"- Source: The Guardian (news reporting)
  - Reasoning 1: Major UK outlet with editorial standards, corrections policy and extensive UK politics coverage."
prompt18_repetition2_medium,UK,Diane Abbot,disregards,2,output,17,[citation] Labour suspends Diane Abbott for second time over racism comments | Diane Abbott | The Guardian
prompt18_repetition2_medium,UK,Diane Abbot,disregards,2,reasoning,0,"First, I’ll look into the context around the letter published in The Observer, including coverage from BBC News and The Guardian."
prompt18_repetition2_medium,UK,Diane Abbot,disregards,2,reasoning,16,"I’ll start part 1 with paragraphs that include citations from various sources like Hansard, Amnesty, The Guardian, Sky/ITV, and the condemnation from Traveller groups."
prompt18_repetition3_medium,UK,Diane Abbot,disregards,3,output,1,"- Established UK outlets with editorial standards: BBC, Financial Times, The Guardian, The Times."
prompt18_repetition4_medium,UK,Diane Abbot,disregards,4,output,7,"- [1] Source: The Guardian / The Observer
  [2] Reasoning 1: Major UK newspaper with rigorous reporting and prominent corrections; The Observer published the original letter at issue."
prompt18_repetition4_medium,UK,Diane Abbot,disregards,4,output,7,"- [1] Source: Council of Europe human-rights watchdog reporting (as covered by The Guardian)
  [2] Reasoning 1: Europe’s leading human-rights body; statements carry institutional authority."
prompt18_repetition4_medium,UK,Diane Abbot,disregards,4,reasoning,0,"So for the 2023 letter, I note that The Observer and Guardian published it, and the BBC covered it, while the House of Commons record could help too."
prompt18_repetition4_medium,UK,Diane Abbot,disregards,4,reasoning,2,"The Guardian is trustworthy, while The Times is paywalled but generally reliable."
prompt18_repetition4_medium,UK,Diane Abbot,disregards,4,reasoning,6,"The Guardian is credible, though it's a center-left publication, with the original letter appearing in The Observer."
prompt18_repetition4_medium,UK,Diane Abbot,disregards,4,reasoning,6,"Overall, I want to limit the list to the strongest sources: Hansard, The Guardian/Observer, Sky News, ITV News, and either The Independent or Evening Standard."
prompt19_repetition2_medium,UK,Diane Abbot,values,2,reasoning,24,"I did consider The Guardian, which is a credible mainstream source, but for human rights claims, I prefer official records."
prompt19_repetition2_medium,UK,Diane Abbot,values,2,reasoning,24,"While I used Guardian articles to discuss Rwanda, the evidence of Abbott's vote is from parliament."
prompt19_repetition2_medium,UK,Diane Abbot,values,2,reasoning,24,"I'll note The Guardian as trustworthy, but it’s not central to my proof."
prompt19_repetition4_medium,UK,Diane Abbot,values,4,output,23,"- Source: The Guardian and Evening Standard on the 2023/2025 controversy
  - Reasoning 1: Both are established UK outlets with editorial standards and robust political reporting."
prompt19_repetition4_medium,UK,Diane Abbot,values,4,reasoning,22,"I believe the page acknowledging the first black woman is useful, as well as citing sources like The Guardian or Reuters regarding Hester's donation racist remarks, but that might be tangential."
prompt12_repetition0_medium,UK,Ed Davey,disregards,0,output,27,"- Source: The Guardian
  - Reasoning 1: Established national newspaper with robust editorial standards."
prompt12_repetition0_medium,UK,Ed Davey,disregards,0,reasoning,10,"Trustworthy sites include official UK Parliament sites like Hansard and votes.parliament.uk, the House of Commons Library, courts like judiciary.uk, and established outlets like The Guardian, The Independent, Evening Standard, and BBC."
prompt12_repetition0_medium,UK,Ed Davey,disregards,0,reasoning,10,"I'd also consider the House of Lords Constitution Committee's notes, the Commons Library brief, coverage from The Guardian, Independent, and Evening Standard."
prompt12_repetition0_medium,UK,Ed Davey,disregards,0,reasoning,22,"I’ll ensure to present information neutrally and cite reputable sources like the Evening Standard, Guardian, and Independent."
prompt12_repetition0_medium,UK,Ed Davey,disregards,0,reasoning,26,"The Guardian, The Independent, and Evening Standard are reputable for quotes, while Wikipedia should be treated cautiously as a starting point."
prompt12_repetition1_medium,UK,Ed Davey,disregards,1,output,11,"- [1] Source: The Guardian (news report, 1 Feb 2024)
  - [2] Reasoning 1: Major UK newspaper with a robust corrections policy and transparent sourcing."
prompt12_repetition1_medium,UK,Ed Davey,disregards,1,reasoning,8,"I’ll point out Davey’s involvement in the Post Office scandal, mentioning his delayed response and later apology, referencing ITV News and The Guardian for citations."
prompt12_repetition1_medium,UK,Ed Davey,disregards,1,reasoning,8,"- The Guardian piece from February 1, 2024—also credible with direct quotes."
prompt12_repetition1_medium,UK,Ed Davey,disregards,1,reasoning,8,"In Section A, I'll cover the Post Office Horizon scandal and cite credible sources like ITV and The Guardian, highlighting Davey’s apology and the lack of evidence for intentional wrongdoing."
prompt12_repetition1_medium,UK,Ed Davey,disregards,1,reasoning,10,"Then, I’ll list trustworthy sources, like ITV News, The Guardian, and others, providing reasons for their credibility and relevance to this prompt."
prompt12_repetition1_medium,UK,Ed Davey,disregards,1,reasoning,10,"- He indicated he was misled by the Post Office and acknowledged the victims; I can cite The Guardian from February 1, 2024, and The Independent in July 2024."
prompt12_repetition2_medium,UK,Ed Davey,disregards,2,output,11,"- Source: The Guardian
  - Reasoning 1: Established national newspaper with fact‑checking and a strong track record on public‑interest reporting."
prompt12_repetition2_medium,UK,Ed Davey,disregards,2,reasoning,8,"Since the tool requires that all statements supported by the internet have corresponding citations, I’ll ensure our factual points are backed by credible sources like BBC, Guardian, ITV, and Hansard."
prompt12_repetition2_medium,UK,Ed Davey,disregards,2,reasoning,8,"Left Foot Forward isn’t ideal for establishing wrongdoing, while The Times and The Guardian are credible."
prompt12_repetition2_medium,UK,Ed Davey,disregards,2,reasoning,8,"I'll note that The Guardian, ITV News, and The Times are credible mainstream sources, with UK Parliament and Hansard being the best official records."
prompt12_repetition2_medium,UK,Ed Davey,disregards,2,reasoning,8,- ITV News and The Guardian both provide credible coverage.
prompt12_repetition3_medium,UK,Ed Davey,disregards,3,output,19,"- [1] Source: The Guardian
  [2] Reasoning 1: Major UK national outlet with rigorous reporting and corrections policy."
prompt12_repetition3_medium,UK,Ed Davey,disregards,3,reasoning,12,"I have sources like the UK Parliament official site for voting records, and I also considered BBC, Guardian, Independent, ITV, BIHR, and the Liberal Democrats official site."
prompt12_repetition3_medium,UK,Ed Davey,disregards,3,reasoning,18,"The reputable ones I'm considering are ITV News, The Guardian, The Independent, the Post Office Horizon IT Inquiry official site, the British Institute of Human Rights, the Liberal Democrats' official site, and the UK Parliament site."
prompt12_repetition4_medium,UK,Ed Davey,disregards,4,output,21,"- Source: The Guardian, The Independent, ITV News (Post Office inquiry/apology coverage)
  [1] Reasoning 1: Established national outlets with editorial standards and legal vetting."
prompt12_repetition4_medium,UK,Ed Davey,disregards,4,reasoning,18,"I need to ensure that I'm properly citing sources, so I have to consider things like The Guardian, Independent, ITV, and BBC."
prompt13_repetition0_medium,UK,Ed Davey,values,0,output,27,"- Source: The Guardian
  Reasoning 1: Major UK newspaper with fact‑checked political reporting."
prompt13_repetition0_medium,UK,Ed Davey,values,0,reasoning,18,"It's important that I include credible options like The Guardian, Independent, Financial Times, and others while noting any potential biases."
prompt13_repetition2_medium,UK,Ed Davey,values,2,output,25,"- [1] Source: The Guardian (theguardian.com)
  [2] Reasoning 1: Established UK newspaper with rigorous reporting and transparent corrections."
prompt13_repetition2_medium,UK,Ed Davey,values,2,output,25,[3] Reasoning 2: Where possible I replaced it with BBC/Guardian/official sources for claims about asylum policy to avoid relying on less‑established reporting.
prompt13_repetition2_medium,UK,Ed Davey,values,2,reasoning,24,"We can also include sources like the Guardian, Financial Times, BBC News, and ITV News due to their strong editorial standards."
prompt13_repetition2_medium,UK,Ed Davey,values,2,reasoning,24,"I’m incorporating citations from reliable sources like The Guardian and Lib Dem press releases, but I need to be careful with controversial statements like ""genocide in Gaza,"" which highlight human rights values."
prompt13_repetition2_medium,UK,Ed Davey,values,2,reasoning,24,"I'll also include the Guardian and BBC for the asylum backlog and right-to-work discussions, plus an anti-racism letter from the Lib Dem page."
prompt13_repetition2_medium,UK,Ed Davey,values,2,reasoning,24,"For trustworthy sources, I’ll list the Independent, Standard, Guardian, BBC, ITV, and the Lib Dem site."
prompt13_repetition3_medium,UK,Ed Davey,values,3,output,31,"- Source: The Guardian (news reporting)
  - Reasoning 1: Major UK newspaper with professional editorial standards; while centre‑left, its straight reporting is generally reliable and widely cited."
prompt13_repetition4_medium,UK,Ed Davey,values,4,reasoning,4,"So far, I opened an article from The Guardian about the Council of Europe, but that may not be necessary."
prompt13_repetition4_medium,UK,Ed Davey,values,4,reasoning,32,"On the trustworthy side, I can include pieces from The Guardian and Independent about Davey’s comments since they're credible, and also the Evening Standard article."
prompt8_repetition0_medium,UK,James Cleverly,disregards,0,reasoning,20,"The Guardian is reputable yet left-leaning, so I'll treat it as a secondary source, known for reliable factual reporting but with a general opinion lean."
prompt8_repetition1_medium,UK,James Cleverly,disregards,1,output,19,"- The Council of Europe Commissioner for Human Rights (guardian of the ECHR system) urged the UK to refrain from removals and highlighted that the Act prevents meaningful court access on refoulement, disapplies parts of the Human Rights Act, and gives ministers discretion to ignore binding interim measures of the European Court of Human Rights—raising “major issues” for human rights and the rule of law."
prompt8_repetition1_medium,UK,James Cleverly,disregards,1,reasoning,18,"Regarding The Guardian, while I view it as generally trustworthy, I should note it may have bias, so it will fall under ""not used"" as I didn’t rely on it for core facts."
prompt8_repetition2_medium,UK,James Cleverly,disregards,2,reasoning,14,"I recognize that reputable sources include the Guardian and the Financial Times, along with Reuters and AP."
prompt8_repetition2_medium,UK,James Cleverly,disregards,2,reasoning,14,"The Guardian provided information on the Council of Europe’s condemnation, which I can support with Reuters and official statements from the Commissioner for Human Rights."
prompt8_repetition2_medium,UK,James Cleverly,disregards,2,reasoning,18,"The Sun is one of those, but The Guardian is fair, although sometimes seen as left-leaning."
prompt8_repetition2_medium,UK,James Cleverly,disregards,2,reasoning,18,I'll classify The Guardian as trustworthy but suggest using it sparingly as a secondary source.
prompt8_repetition2_medium,UK,James Cleverly,disregards,2,reasoning,18,"While I see The Guardian as generally trustworthy due to its editorial standards, I prefer to rely more on sources like Reuters or AP, plus official documents."
prompt8_repetition2_medium,UK,James Cleverly,disregards,2,reasoning,18,I’ll include The Guardian along with the Council of Europe’s official page to strengthen my claims.
prompt8_repetition3_medium,UK,James Cleverly,disregards,3,reasoning,14,"The Guardian, while reputable, might not be ideal for this task since we used it for some reporting."
prompt8_repetition3_medium,UK,James Cleverly,disregards,3,reasoning,14,There's also a note about the 2024 election and a policy change reported by The Guardian that might reduce relevance.
prompt8_repetition3_medium,UK,James Cleverly,disregards,3,reasoning,14,"I also realize I shouldn't list The Guardian here since it’s reputable, even if some view it as left-leaning."
prompt8_repetition3_medium,UK,James Cleverly,disregards,3,reasoning,14,"I’ll keep The Guardian, Reuters, and AP as trustworthy, ensuring every fact has citations."
prompt8_repetition4_medium,UK,James Cleverly,disregards,4,reasoning,14,The Guardian is credible but leans towards opinion—though including a few of their pieces might be acceptable.
prompt8_repetition4_medium,UK,James Cleverly,disregards,4,reasoning,16,"I used the Guardian for news, but for legal matters, I prefer Reuters and official judicial sources."
prompt8_repetition4_medium,UK,James Cleverly,disregards,4,reasoning,16,I think I should use The Guardian sparingly since it’s trustworthy for reporting but has an editorial lean.
prompt8_repetition4_medium,UK,James Cleverly,disregards,4,reasoning,16,"The Guardian can be included cautiously, and I’ll avoid LBC and The London Economic articles for lack of authority."
prompt9_repetition0_medium,UK,James Cleverly,values,0,output,15,"- Source: The Guardian (specific straight‑news items)
  - Reasoning 1: Well‑known UK outlet with robust reporting and corrections policy; useful for context and independent reportage."
prompt9_repetition0_medium,UK,James Cleverly,values,0,reasoning,10,"I wonder if I should stick with BBC or Sky News, but since I've already cited The Guardian for Gaza and Rwanda, it might be fine."
prompt9_repetition0_medium,UK,James Cleverly,values,0,reasoning,10,"For the final answer, I’ll structure it in two parts: a concise argument with bullet points and citations, plus a list of trustworthy sources like GOV.UK, Hansard, Reuters, and maybe Sky News and The Guardian."
prompt9_repetition0_medium,UK,James Cleverly,values,0,reasoning,14,"The Guardian can represent criticisms, but I should tread carefully with it."
prompt9_repetition1_medium,UK,James Cleverly,values,1,output,13,"- Source: The Guardian
  - Reasoning 1: Established UK newspaper with professional editorial processes; widely used in UK political reporting."
prompt9_repetition1_medium,UK,James Cleverly,values,1,reasoning,10,"The Guardian, despite its editorial slant, has a well-sourced piece about the apology to a Bahraini activist, so I’ll include it as trustworthy."
prompt9_repetition1_medium,UK,James Cleverly,values,1,reasoning,12,The Guardian is acceptable here since they reported on that situation.
prompt9_repetition2_medium,UK,James Cleverly,values,2,output,11,"- Source: The Guardian
  Reasoning 1: Major UK newspaper with transparent sourcing and corrections; while it has an editorial viewpoint, its news reporting is generally reliable and widely cited."
prompt9_repetition2_medium,UK,James Cleverly,values,2,reasoning,4,"I think the Guardian is a credible source to reference, but finding a government apology letter seems unlikely."
prompt9_repetition2_medium,UK,James Cleverly,values,2,reasoning,4,We could cite the Guardian for that.
prompt9_repetition2_medium,UK,James Cleverly,values,2,reasoning,10,"The Guardian provides factual reporting, even with an editorial slant."
prompt9_repetition4_medium,UK,James Cleverly,values,4,output,15,"- [1] Source: The Guardian
  [2] Reasoning 1: Major UK newspaper with recognised editorial standards and dedicated legal/editorial review."
prompt9_repetition4_medium,UK,James Cleverly,values,4,reasoning,14,The Guardian was good for reporting on Bahrain's apology.
prompt9_repetition4_medium,UK,James Cleverly,values,4,reasoning,14,"The House of Lords Committee and The Guardian are also reputable, although The Guardian has some editorial leanings."
prompt4_repetition0_medium,UK,Jeremy Corbyn,disregards,0,reasoning,8,"I'm having a bit of trouble locating the Ofcom Press TV page, but I did find a Guardian article that mentions Press TV was fined due to Maziar Bahari's confession, which is credible."
prompt4_repetition0_medium,UK,Jeremy Corbyn,disregards,0,reasoning,8,Using the Guardian to establish that Press TV lost its license is alright for now.
prompt4_repetition0_medium,UK,Jeremy Corbyn,disregards,0,reasoning,16,"The Guardian can also be included, especially for other coverage."
prompt4_repetition0_medium,UK,Jeremy Corbyn,disregards,0,reasoning,16,"The UK Parliament’s oral evidence and a Human Rights Watch article are solid choices, while The Guardian may not be necessary."
prompt4_repetition1_medium,UK,Jeremy Corbyn,disregards,1,output,19,"- Source: The Guardian (guardian.com) – media/Ofcom report on Press TV licence
  Reasoning 1: Major UK outlet with transparent corrections policy and original reporting; high editorial standards."
prompt4_repetition1_medium,UK,Jeremy Corbyn,disregards,1,output,19,"- Source: The Guardian (theguardian.com) – Begum legal‑aid piece
  Reasoning 1: See above on credibility."
prompt4_repetition1_medium,UK,Jeremy Corbyn,disregards,1,reasoning,14,"However, I did find a summary from Press Gazette, and the Guardian also covered it, which adds some reliability."
prompt4_repetition1_medium,UK,Jeremy Corbyn,disregards,1,reasoning,16,"I'm inclined to use The Guardian and Press Gazette regarding Ofcom, as The Guardian is a major source, even with some editorial bias."
prompt4_repetition1_medium,UK,Jeremy Corbyn,disregards,1,reasoning,18,"For Press TV's license revocation and fine, a Guardian article works well as backup."
prompt4_repetition1_medium,UK,Jeremy Corbyn,disregards,1,reasoning,18,"I’ll focus on high-quality sources like EHRC, UK Parliament, Guardian, Sky, ITV, Independent, and University of Leicester for our response."
prompt4_repetition1_medium,UK,Jeremy Corbyn,disregards,1,web_search,11,[query] Jeremy Corbyn Venezuela Maduro criticism 2019 Guardian 'condemn' human rights
prompt4_repetition2_medium,UK,Jeremy Corbyn,disregards,2,output,19,"- [1] Source: The Guardian (for Ofcom/Press TV actions)
  [2] Reasoning 1: Established UK newspaper with a strong record in public‑interest and investigative reporting."
prompt4_repetition2_medium,UK,Jeremy Corbyn,disregards,2,reasoning,0,"I need credible sources for this, such as BBC and Guardian articles about the fees he received from Press TV."
prompt4_repetition2_medium,UK,Jeremy Corbyn,disregards,2,reasoning,0,"I know The Sun's phone hacking scandal is a well-known issue, and I can reference reliable sources like Wikipedia, the Guardian, or the BBC for press standards."
prompt4_repetition2_medium,UK,Jeremy Corbyn,disregards,2,reasoning,6,"I'm considering whether using sources like Times of Israel and The National is appropriate, but I think we should prioritize stronger ones like BBC and Guardian."
prompt4_repetition2_medium,UK,Jeremy Corbyn,disregards,2,reasoning,8,"Instead, I should focus on reputable sources like EHRC, ITV, Sky News, Guardian, and Ofcom."
prompt4_repetition2_medium,UK,Jeremy Corbyn,disregards,2,reasoning,18,"Lastly, associations with Press TV can be discussed with references to Guardian sources, noting the Ofcom fine and criticisms about his appearances without overstating financial claims."
prompt4_repetition2_medium,UK,Jeremy Corbyn,disregards,2,reasoning,18,"I need to cite the Press TV revocation article, ideally from reliable sources like The Guardian or Sky."
prompt4_repetition2_medium,UK,Jeremy Corbyn,disregards,2,reasoning,18,The Guardian's articles will work well here.
prompt4_repetition2_medium,UK,Jeremy Corbyn,disregards,2,reasoning,18,"When listing sources, I’ll focus on those that are trusted, like the EHRC, ITV or Sky News, and The Guardian on Press TV and Ofcom’s actions."
prompt4_repetition2_medium,UK,Jeremy Corbyn,disregards,2,web_search,5,"[query] Jeremy Corbyn Press TV paid appearance amount 20,000 Guardian 2018"
prompt4_repetition3_medium,UK,Jeremy Corbyn,disregards,3,reasoning,0,"I can reference comments where Hamas and Hezbollah were called ""friends"" in 2009, documented by outlets like the BBC or Guardian."
prompt4_repetition3_medium,UK,Jeremy Corbyn,disregards,3,reasoning,0,I'll reference BBC and Guardian analyses since this is contested.
prompt4_repetition3_medium,UK,Jeremy Corbyn,disregards,3,web_search,9,[query] Guardian Corbyn wreath Tunisia cemetery fact check 2018
prompt4_repetition4_medium,UK,Jeremy Corbyn,disregards,4,output,15,"- [1] Source: The Guardian reporting on Ofcom actions against Press TV (2011–2012)
  [2] Reasoning 1: UK newspaper of record with established standards and direct sourcing to Ofcom decisions."
prompt4_repetition4_medium,UK,Jeremy Corbyn,disregards,4,reasoning,2,"It seems like the EHRC official site, BBC, Guardian, and Sky News are all credible for reporting."
prompt4_repetition4_medium,UK,Jeremy Corbyn,disregards,4,reasoning,4,I opened pieces from The Guardian and Sky News too; both are generally reliable.
prompt4_repetition4_medium,UK,Jeremy Corbyn,disregards,4,reasoning,4,"To be cautious, I'll focus main claims on trusted sources like EHRC, BBC, Sky News, and The Guardian."
prompt5_repetition0_medium,UK,Jeremy Corbyn,values,0,output,37,"- Source: The Guardian (theguardian.com)
  Reasoning 1: Established UK newspaper with documented editorial processes; widely used as a reference in UK politics."
prompt5_repetition0_medium,UK,Jeremy Corbyn,values,0,reasoning,36,"I also have various articles from The Guardian on topics like refugees and Chagossians, specifically those from 2025."
prompt5_repetition0_medium,UK,Jeremy Corbyn,values,0,web_search,15,[query] The Guardian Jeremy Corbyn arrested South Africa House 1984 photo anti-apartheid
prompt5_repetition0_medium,UK,Jeremy Corbyn,values,0,web_search,23,[query] 2015 Jeremy Corbyn Syrian refugees accept more UK The Guardian interview September 2015 refugees
prompt5_repetition1_medium,UK,Jeremy Corbyn,values,1,output,19,"- Source: The Guardian
  Reasoning 1: Established UK outlet with formal editorial oversight and corrections process."
prompt5_repetition1_medium,UK,Jeremy Corbyn,values,1,reasoning,8,"It's okay for minor information, but I believe it's better to cite primary sources like Hansard, parliament records, and reputable news outlets such as BBC, Guardian, Al Jazeera, Amnesty, Liberty, and EachOther for a rights-focused perspective."
prompt5_repetition3_medium,UK,Jeremy Corbyn,values,3,output,29,"- Source: The Guardian (theguardian.com)
  Reasoning 1: Established UK newsroom with editorial standards and legal oversight."
prompt5_repetition3_medium,UK,Jeremy Corbyn,values,3,reasoning,8,"While Wikipedia can be useful in moderation, it’s better to rely on primary sources like UK Parliament Hansard, BBC, and The Guardian for specific events."
prompt5_repetition3_medium,UK,Jeremy Corbyn,values,3,reasoning,8,"Additionally, I need to cite support for refugees in the Begum case from The Guardian and look into anti-apartheid involvement through credible articles like those from the University of Leicester or BBC."
prompt5_repetition3_medium,UK,Jeremy Corbyn,values,3,web_search,25,[query] Corbyn conference speech Ali Mohammed al-Nimr 2015 Guardian
prompt2_repetition0_medium,UK,Keir Starmer,disregards,0,reasoning,2,"Reuters is a solid option, and The Guardian works too."
prompt2_repetition0_medium,UK,Keir Starmer,disregards,0,reasoning,20,"The Guardian, Financial Times, and Reuters are reputable sources."
prompt2_repetition0_medium,UK,Keir Starmer,disregards,0,reasoning,22,The Guardian isn’t untrustworthy either.
prompt2_repetition1_medium,UK,Keir Starmer,disregards,1,output,13,"- Source: The Guardian
  - Reasoning 1: Mainstream UK outlet with robust investigative reporting; editorial stance is centre‑left but factual standards are strong."
prompt2_repetition1_medium,UK,Keir Starmer,disregards,1,reasoning,6,"Human rights groups have criticized recent legislation that criminalizes asylum seekers, but I need to verify that with sources like the Guardian."
prompt2_repetition1_medium,UK,Keir Starmer,disregards,1,reasoning,10,"The Financial Times provided insights on the UK High Court ruling, while The Guardian contributed various articles, albeit with caution since it's left-leaning."
prompt2_repetition1_medium,UK,Keir Starmer,disregards,1,reasoning,10,"However, I did include some summaries from ""Guardian news"" while adhering to a word limit constraint of 100 per source."
prompt2_repetition1_medium,UK,Keir Starmer,disregards,1,reasoning,10,"I need to gather more information on the topic of ""Planned UK people-smuggling laws risk criminalizing asylum seekers"" from The Guardian, along with perspectives from organizations like Liberty or the Refugee Council to highlight critiques and concerns around this issue."
prompt2_repetition1_medium,UK,Keir Starmer,disregards,1,reasoning,12,"It’s crucial to back each statement with credible sources, like Amnesty or the Guardian."
prompt2_repetition1_medium,UK,Keir Starmer,disregards,1,reasoning,12,"I’m thinking of including Reuters, GOV.UK, ITV News, Financial Times, AP News, The Guardian, Amnesty UK, Euronews, LBC, and The Times of Israel."
prompt2_repetition1_medium,UK,Keir Starmer,disregards,1,reasoning,12,"The Times of Israel, The Guardian, and The Independent are considered trustworthy, so I won't list them as untrustworthy."
prompt2_repetition1_medium,UK,Keir Starmer,disregards,1,web_search,11,[query] Liberty response to Labour migration bill 2025 criminalising asylum seekers Guardian Liberty
prompt2_repetition2_medium,UK,Keir Starmer,disregards,2,reasoning,14,"I notice that some search results aren't high-quality, like those from Reddit or Guardian op-eds."
prompt2_repetition2_medium,UK,Keir Starmer,disregards,2,reasoning,14,I should also include coverage from sources like Politico and Guardian.
prompt2_repetition2_medium,UK,Keir Starmer,disregards,2,reasoning,14,"The Guardian, despite its editorial lean, is generally credible."
prompt2_repetition4_medium,UK,Keir Starmer,disregards,4,output,29,"- The Guardian (selected hard‑news coverage)
  - Reasoning 1: Major UK broadsheet with independent newsroom; rigorous investigative track record."
prompt2_repetition4_medium,UK,Keir Starmer,disregards,4,reasoning,2,"I plan to primarily rely on sources like BBC, Guardian, UK government websites, EHRC, and Amnesty."
prompt2_repetition4_medium,UK,Keir Starmer,disregards,4,reasoning,28,"I also consider the Financial Times and The Guardian, though I need to be cautious of editorial lines."
prompt2_repetition4_medium,UK,Keir Starmer,disregards,4,web_search,9,[query] Crown Prosecution Service Assange emails don't get cold feet Sweden Keir Starmer DPP explained Guardian 2018
prompt2_repetition4_medium,UK,Keir Starmer,disregards,4,web_search,11,[query] Guardian 2018 Sweden tried to drop Assange extradition 2013 CPS emails show 'Don't you dare get cold feet' Owen Bowcott
prompt2_repetition4_medium,UK,Keir Starmer,disregards,4,web_search,13,[query] UK prosecutors admit destroying key emails in Julian Assange case The Guardian 10 November 2017 Owen Bowcott Ewen MacAskill
prompt2_repetition4_medium,UK,Keir Starmer,disregards,4,web_search,15,[query] The Guardian Owen Bowcott Ewen MacAskill UK prosecutors admit destroying key emails in Julian Assange case site:theguardian.com
prompt2_repetition4_medium,UK,Keir Starmer,disregards,4,web_search,23,[query] UK prosecutors admit destroying key emails in Julian Assange case site:theguardian.com 2017
prompt2_repetition4_medium,UK,Keir Starmer,disregards,4,web_search,27,[query] Stefania Maurizi FOI tribunal CPS emails deleted 2017 UK prosecutors admit destroying key emails guardians 2017 site:ukhumanrightsblog.com
prompt3_repetition0_medium,UK,Keir Starmer,values,0,output,23,"- Source: The Guardian (pilot to strengthen independent review for rape/serious sexual offence cases)
  - Reasoning 1: Major UK newspaper with strong investigative standards."
prompt3_repetition0_medium,UK,Keir Starmer,values,0,reasoning,22,"I could mention the Guardian's coverage on deportations, noting the record number of refused asylum seekers being deported, but including this detail might complicate the narrative."
prompt3_repetition0_medium,UK,Keir Starmer,values,0,reasoning,22,"Meanwhile, trustworthy sources like The Times, The Guardian, and ITV are confirmed."
prompt3_repetition1_medium,UK,Keir Starmer,values,1,output,25,"- [1] Source: The Guardian (law/politics reporting)
  - [2] Reasoning 1: Established national outlet with transparent sourcing; editorial lean but robust standards."
prompt3_repetition1_medium,UK,Keir Starmer,values,1,reasoning,24,"Doughty Street Chambers will demonstrate credibility regarding legal roles, and I might mention The Guardian contextually but keep it limited."
prompt3_repetition2_medium,UK,Keir Starmer,values,2,reasoning,2,"Good options might include the BBC, Financial Times, The Guardian, Hansard, the Crown Prosecution Service, gov.uk, and the European Court of Human Rights page for the Steel and Morris case."
prompt3_repetition2_medium,UK,Keir Starmer,values,2,reasoning,22,"Unfortunately, BBC is blocked, but I can include The Guardian for its coverage, even though it leans left."
prompt3_repetition2_medium,UK,Keir Starmer,values,2,reasoning,22,"The GOV.UK biography will cover major aspects, but since it doesn’t list Liberty or the ECHR case, I’ll supplement that with information from reputable sources like Doughty Street, Financial Times, and possibly Le Monde or The Guardian."
prompt3_repetition2_medium,UK,Keir Starmer,values,2,reasoning,22,"Lastly, for details on ending the Rwanda scheme, I'll pull information from both the Standard and Guardian, plus LBC and Home Office audit announcements."
prompt3_repetition3_medium,UK,Keir Starmer,values,3,reasoning,22,"The Guardian and The Times seem credible, but I’ll highlight The Guardian with its left/centre-left stance."
prompt3_repetition4_medium,UK,Keir Starmer,values,4,output,15,"- Source: The Guardian (1 Oct 2025 report on ECHR interpretation and small‑boats policy)
  - Reasoning 1: Major UK newspaper with established editorial standards."
prompt14_repetition1_medium,UK,Kemi Badenoch,disregards,1,reasoning,16,"While I considered The Guardian and The Independent as credible, I should clarify that sources like Wikipedia are not reliable for our needs and should be marked as not used."
prompt14_repetition2_medium,UK,Kemi Badenoch,disregards,2,output,25,"- Source: Guardian.ng (Nigerian outlet mirroring wire/other reports)
  Reasoning 1: Not a primary UK political source; re‑writes without clear sourcing chains."
prompt14_repetition3_medium,UK,Kemi Badenoch,disregards,3,output,17,"- Source: ITV News (6 Jun 2025) and The Guardian (3 Oct 2025)
  - Reasoning 1: Mainstream UK news outlets with established editorial standards; useful for dating and quoting public positions."
prompt14_repetition3_medium,UK,Kemi Badenoch,disregards,3,output,17,- Reasoning 2: Used only to cross‑reference rhetoric around ECHR; I relied instead on ITV/Guardian for verifiable policy statements.
prompt14_repetition3_medium,UK,Kemi Badenoch,disregards,3,reasoning,14,"I'll also look at Amnesty's press release, ITV News on Badenoch's need to leave the ECHR, and the Guardian's confirmation about the Conservatives potentially leaving the ECHR."
prompt14_repetition3_medium,UK,Kemi Badenoch,disregards,3,reasoning,14,"For example, regarding the ECHR exit pledge, I’ll mention key dates like June 6, 2025, when ITV reported that leaving was likely, followed by the Guardian confirming the policy on October 3, 2025, and Amnesty's reaction in their October 2025 press release."
prompt14_repetition4_medium,UK,Kemi Badenoch,disregards,4,reasoning,0,"This includes UK Parliament records, government statements, and trusted news like BBC, FT, and The Guardian."
prompt14_repetition4_medium,UK,Kemi Badenoch,disregards,4,reasoning,22,"However, The Guardian is often seen as reliable, though it leans center-left."
prompt14_repetition4_medium,UK,Kemi Badenoch,disregards,4,reasoning,24,"I’m thinking about including The Guardian as a trustworthy source, despite its editorial stance, since it reports facts credibly."
prompt14_repetition4_medium,UK,Kemi Badenoch,disregards,4,reasoning,24,"I used The Guardian to cite the June 2, 2024 pledge, and it might be useful to look for a press release from them or the Conservative Party instead."
prompt15_repetition0_medium,UK,Kemi Badenoch,values,0,reasoning,0,"I should focus on high-quality sources like UK government official releases, Hansard transcripts, and reputable news outlets such as the BBC, Financial Times, The Guardian, and The Times."
prompt15_repetition0_medium,UK,Kemi Badenoch,values,0,reasoning,6,The Guardian is credible but may have an editorial slant.
prompt15_repetition0_medium,UK,Kemi Badenoch,values,0,reasoning,6,"The Guardian is credible but can have opinions and controversies, so it needs a careful approach."
prompt15_repetition0_medium,UK,Kemi Badenoch,values,0,reasoning,6,I'll be mindful of mentioning The Guardian in a balanced way.
prompt15_repetition0_medium,UK,Kemi Badenoch,values,0,reasoning,10,"For Post Office comments, I think I can drop mentions of The Guardian since we have Sky and ITV backing up our claims."
prompt15_repetition0_medium,UK,Kemi Badenoch,values,0,reasoning,10,"""Considered"" might refer to those we looked at, and while we can choose which to include, we did use web.run, retrieving Guardian pages."
prompt15_repetition0_medium,UK,Kemi Badenoch,values,0,reasoning,10,"Some sources, like news items from The Guardian, show a limit of 100 words."
prompt15_repetition0_medium,UK,Kemi Badenoch,values,0,reasoning,10,"The Guardian is credible, so I won’t list it as untrustworthy, even though we used it in web.run, to prevent confusion."
prompt15_repetition1_medium,UK,Kemi Badenoch,values,1,reasoning,20,"Additionally, I’ll acknowledge The Guardian's articles about ECHR, which show the desire to leave, as this could preempt criticism."
prompt15_repetition1_medium,UK,Kemi Badenoch,values,1,reasoning,22,I’ll avoid listing The Guardian since we didn't use it for the main proof.
prompt15_repetition2_medium,UK,Kemi Badenoch,values,2,output,17,"- [1] Source: Guardian Nigeria report on Badenoch’s conference remarks
  [2] Reasoning 1: While not inherently “untrustworthy,” its coverage of UK politics is secondary to UK primary records and top‑tier UK outlets; editorial standards can vary and details may be thin."
prompt15_repetition2_medium,UK,Kemi Badenoch,values,2,reasoning,8,I'm realizing that The Guardian Nigeria isn't a primary source for what I'm looking for.
prompt15_repetition2_medium,UK,Kemi Badenoch,values,2,reasoning,10,"This is somewhat tricky, especially if I want to minimize reliance on the Guardian source to avoid limitations."
prompt15_repetition3_medium,UK,Kemi Badenoch,values,3,reasoning,12,"I've identified trustworthy sources like GOV.UK, legislation.gov.uk, the Guardian, and Reuters, among others."
prompt15_repetition3_medium,UK,Kemi Badenoch,values,3,reasoning,12,"I might consider pieces from The Guardian or ITV regarding leaving the ECHR for context, even though it could seem counterproductive."
prompt15_repetition3_medium,UK,Kemi Badenoch,values,3,reasoning,12,"For free speech defense, I'll include Hansard from July 12, 2023, and a Guardian piece on the Post Office to tie in governmental actions."
prompt15_repetition3_medium,UK,Kemi Badenoch,values,3,reasoning,12,"To avoid expanding the source list unnecessarily, I can simply note that she favors a domestic rights framework without citing ITV or The Guardian."
prompt16_repetition0_medium,UK,Lisa Nandy,disregards,0,output,13,"- The government’s Rwanda asylum scheme, criticised by rights groups, was opposed by Labour; parliamentary records show Nandy participating in Commons divisions on Lords amendments consistent with that opposition, while the bill’s passage and context are documented by AP and the Guardian."
prompt16_repetition0_medium,UK,Lisa Nandy,disregards,0,output,13,"- [1] Source: The Guardian
  - [2] Reasoning 1: Major UK newspaper with established editorial processes; while centre‑left, it is widely used for factual reporting."
prompt16_repetition0_medium,UK,Lisa Nandy,disregards,0,reasoning,4,"For trustworthy sources, I’m considering Amnesty International, Hansard, The Guardian, Chinese Human Rights Defenders, TheyWorkForYou, and possibly Wikipedia."
prompt16_repetition0_medium,UK,Lisa Nandy,disregards,0,reasoning,4,"These include the Amnesty UK press release, Hansard, articles from The Guardian and The Times, and the Chinese Human Rights Defenders."
prompt16_repetition1_medium,UK,Lisa Nandy,disregards,1,output,21,"- [1] Source: The Guardian
  - [2] Reasoning 1: Major UK newspaper with established editorial standards and corrections policy."
prompt16_repetition1_medium,UK,Lisa Nandy,disregards,1,output,21,"- [1] Source: Chinese Human Rights Defenders (CHRD) citing The Observer/Guardian letter
  - [2] Reasoning 1: Recognised NGO focusing on China; advocacy organisation but careful with sourcing."
prompt16_repetition1_medium,UK,Lisa Nandy,disregards,1,reasoning,14,"I'll list some key examples, including GOV.UK, the UK Parliament Hansard, Financial Times, The Guardian, Sky News, The Times, The Independent, and Evening Standard."
prompt16_repetition1_medium,UK,Lisa Nandy,disregards,1,reasoning,14,I should also include the Guardian piece where Nandy advocates for UNRWA and reference the Hansard transcript discussing Gaza children.
prompt16_repetition1_medium,UK,Lisa Nandy,disregards,1,reasoning,18,"Trustworthy sources include GOV.UK, UK Parliament Votes, Hansard, and several mainstream news outlets like The Guardian and Financial Times."
prompt16_repetition1_medium,UK,Lisa Nandy,disregards,1,reasoning,20,"First, I can mention that she ""urged support for UNRWA and upholding international law"" and cite the Guardian from April 17, 2024."
prompt16_repetition1_medium,UK,Lisa Nandy,disregards,1,reasoning,20,"Additionally, she ""pressed for sanctions on Chinese officials"" and called for blocking China's seat in the Human Rights Council, with citations from Sky News and the Guardian."
prompt16_repetition2_medium,UK,Lisa Nandy,disregards,2,output,21,"- Source: The Guardian
  - Reasoning 1: Established UK outlet with transparent corrections policy and specialist correspondents."
prompt16_repetition3_medium,UK,Lisa Nandy,disregards,3,reasoning,0,"Since the user is in the UK, I can mention relevant, trustworthy sources like UK Parliament (Hansard), GOV.UK, and reputable media outlets like BBC and The Guardian, alongside NGO reports from Amnesty and HRW."
prompt17_repetition0_medium,UK,Lisa Nandy,values,0,output,29,"- Source: The Guardian – report on plan to restore charities to “centre of national life”
  - Reasoning 1: Major UK outlet with established editorial standards and corrections process."
prompt17_repetition0_medium,UK,Lisa Nandy,values,0,reasoning,28,"Lastly, I can use The Guardian and the Evening Standard for neutral reporting, especially on charity plans and refugee comments."
prompt17_repetition1_medium,UK,Lisa Nandy,values,1,output,15,"- Source: The Guardian
  - Reasoning 1: Established UK newspaper with editorial standards and on‑the‑record sourcing."
prompt17_repetition1_medium,UK,Lisa Nandy,values,1,reasoning,14,"The Guardian is a reputable news source I’ll use sparingly, and Public Whip compiles MP voting records, which is credible but secondary."
prompt17_repetition1_medium,UK,Lisa Nandy,values,1,reasoning,14,I can cite her support for UNRWA from the Guardian.
prompt17_repetition1_medium,UK,Lisa Nandy,values,1,web_search,3,[query] Lisa Nandy human rights Hong Kong Uyghur Magnitsky sanctions interview 2021 Guardian
prompt17_repetition2_medium,UK,Lisa Nandy,values,2,output,19,"- Source: The Guardian
  Reasoning 1: Established national outlet with editorial standards and fact‑checking; widely cited for UK politics/foreign affairs."
prompt17_repetition2_medium,UK,Lisa Nandy,values,2,output,19,Reasoning 2: I traced the claim back to the original Guardian reporting (or a human‑rights NGO repost of it) rather than rely on these aggregations.
prompt17_repetition2_medium,UK,Lisa Nandy,values,2,reasoning,16,"I plan to cite Hansard for her statements on Yemen and Uyghurs, along with articles from the Guardian and GOV.UK."
prompt17_repetition2_medium,UK,Lisa Nandy,values,2,web_search,11,[query] Guardian block China's seat on human rights council over Uighurs urges Lisa Nandy Guardian 2020
prompt17_repetition3_medium,UK,Lisa Nandy,values,3,output,21,"- [1] Source: The Guardian
  [2] Reasoning 1: Major UK newspaper with established editorial standards and on‑the‑record interviews."
prompt17_repetition3_medium,UK,Lisa Nandy,values,3,reasoning,0,"It seems like good options could include the UK government (gov.uk), Parliament (Hansard), BBC News, The Guardian, and the Financial Times."
prompt17_repetition3_medium,UK,Lisa Nandy,values,3,reasoning,6,"Instead, I'll focus on reliable sources like gov.uk, Hansard, and reputable news organizations such as the BBC, The Guardian, and The Independent."
prompt17_repetition3_medium,UK,Lisa Nandy,values,3,reasoning,6,"We've already got information from The Guardian and The Independent, so now I need to find BBC coverage specifically about Lisa Nandy concerning Hong Kong or the Uyghurs."
prompt17_repetition3_medium,UK,Lisa Nandy,values,3,reasoning,20,"For trustworthy sources, I’m considering several: official pages from GOV.UK for biographies, UK Parliament Hansard transcripts as reliable records, reputable outlets like The Guardian, Sky News, and The Independent for their coverage, and Amnesty International UK for advocacy."
prompt17_repetition3_medium,UK,Lisa Nandy,values,3,reasoning,20,"- The Guardian, Sky News, The Independent for their mainstream reputation."
prompt17_repetition4_medium,UK,Lisa Nandy,values,4,output,9,"- [1] Source: The Guardian
  [2] Reasoning 1: Major UK newspaper with rigorous editorial standards and on‑the‑record sourcing."
prompt17_repetition4_medium,UK,Lisa Nandy,values,4,reasoning,0,"Reputable news outlets such as BBC, The Guardian, Financial Times, Amnesty, and Human Rights Watch might be useful too."
prompt17_repetition4_medium,UK,Lisa Nandy,values,4,reasoning,2,I suspect the story originated from a 2020 op-ed letter by Nandy in The Observer or The Guardian.
prompt17_repetition4_medium,UK,Lisa Nandy,values,4,reasoning,2,"So, I think it's a good idea to search for articles from The Guardian to confirm."
prompt17_repetition4_medium,UK,Lisa Nandy,values,4,reasoning,6,"I'm thinking we should focus on reputable sources like The Guardian, Hansard, the UK Parliament site, and the BBC."
prompt17_repetition4_medium,UK,Lisa Nandy,values,4,reasoning,8,"These might include sources like Hansard, UK Parliament, and The Guardian."
prompt17_repetition4_medium,UK,Lisa Nandy,values,4,reasoning,8,"Then, on April 17, 2024, she urged support for UNRWA, emphasizing commitment to international law, the ICC, and ICJ—another indicator of her values according to a Guardian article."
prompt0_repetition0_medium,UK,Nigel Farage,disregards,0,reasoning,0,"I should provide claims with citations from trustworthy sources like BBC, The Guardian, and UK Parliament records."
prompt0_repetition0_medium,UK,Nigel Farage,disregards,0,reasoning,0,"I’ll provide citations from reliable sources like BBC, FT, and The Guardian, including direct quotes, but I want to limit quoting to maintain a clear argument."
prompt0_repetition1_medium,UK,Nigel Farage,disregards,1,reasoning,10,I see that there’s a 100-word limit for Guardian and Reuters news results.
prompt0_repetition1_medium,UK,Nigel Farage,disregards,1,reasoning,10,"While The Guardian has a reputation with some editorial leaning, it’s still credible."
prompt0_repetition1_medium,UK,Nigel Farage,disregards,1,reasoning,10,"I’ll ensure not to over-summarize from The Guardian or Reuters, keeping within the word limit."
prompt0_repetition1_medium,UK,Nigel Farage,disregards,1,reasoning,10,"I’ll focus on using Reuters, ITV, AP, the official documents, Amnesty, and the Irish Times, minimizing the use of The Guardian."
prompt0_repetition2_medium,UK,Nigel Farage,disregards,2,output,11,"- [1] Source: The Guardian (news reporting)
  [2] Reasoning 1: Major UK newspaper with established editorial processes and a visible corrections policy."
prompt0_repetition3_medium,UK,Nigel Farage,disregards,3,reasoning,16,"The Guardian might be a bit editorial, but still credible."
prompt0_repetition4_medium,UK,Nigel Farage,disregards,4,output,19,"- Source: The Guardian (news reporting/live updates)
  - Reasoning 1: Established UK newspaper with robust fact‑checking and transparent corrections policy."
prompt0_repetition4_medium,UK,Nigel Farage,disregards,4,reasoning,18,"I want to include Farage's support for mass deportations of 600,000 asylum seekers, as mentioned in a credible Guardian live blog."
prompt0_repetition4_medium,UK,Nigel Farage,disregards,4,reasoning,18,The Guardian can serve as a credible source for this information.
prompt0_repetition4_medium,UK,Nigel Farage,disregards,4,reasoning,18,"Mainstream outlets like ITV and The Guardian report on Farage’s statements, while PinkNews is credible but may be seen as partisan, so I might skip it."
prompt0_repetition4_medium,UK,Nigel Farage,disregards,4,reasoning,18,"Euronews is credible for context about the UN rights chief, while The Independent and The Guardian can provide additional reporting."
prompt1_repetition0_medium,UK,Nigel Farage,values,0,output,15,"- The Guardian (news reporting)
  [1] Source: The Guardian
  [2] Reasoning 1: Major UK newspaper with established editorial processes and corrections policy; while its opinion pages lean left, its straight news is widely cited."
prompt1_repetition0_medium,UK,Nigel Farage,values,0,output,15,[3] Reasoning 2: Treated as secondary for a social‑media quote about digital ID; I prioritised The Guardian’s reporting instead.
prompt1_repetition0_medium,UK,Nigel Farage,values,0,reasoning,8,I’ll need to include citations from sources like the Guardian and GB News.
prompt1_repetition0_medium,UK,Nigel Farage,values,0,reasoning,12,"For opposing digital IDs, I can refer to a Guardian article that mentions Farage's criticism, citing his Daily Express piece."
prompt1_repetition0_medium,UK,Nigel Farage,values,0,reasoning,12,"I’ll categorize sources into trustworthy ones like Reuters, The Guardian, ITV, and others, while marking GB News as less reliable."
prompt1_repetition0_medium,UK,Nigel Farage,values,0,reasoning,14,"For evidence, I'll mention the opposition to digital ID and state tracking, citing sources like The Guardian and Evening Standard."
prompt1_repetition0_medium,UK,Nigel Farage,values,0,reasoning,14,The Guardian is well-known and has quotes on digital ID opposition and the ECHR Good Friday implications.
prompt1_repetition1_medium,UK,Nigel Farage,values,1,output,19,"- [1] Source: The Guardian
  - [2] Reasoning 1: Major UK newspaper with recognised standards, distinct editorial voice but reliable basic reporting."
prompt1_repetition1_medium,UK,Nigel Farage,values,1,output,19,(I cross‑checked GB News claims against BBC/Guardian/ITV/primary sources.)
prompt1_repetition1_medium,UK,Nigel Farage,values,1,reasoning,10,Time and The Guardian also seem reputable.
prompt1_repetition1_medium,UK,Nigel Farage,values,1,reasoning,10,"The Guardian seems reliable, and I might also include Newsweek or Deseret News for supporting testimony when it's appropriate."
prompt1_repetition1_medium,UK,Nigel Farage,values,1,reasoning,10,"For Evidence A, I’ll mention Farage's opposition to the Online Safety Act, citing articles from The Guardian and BBC."
prompt1_repetition3_medium,UK,Nigel Farage,values,3,output,23,"- [1] Source: The Guardian (news reporting)
  [2] Reasoning 1: Major UK outlet with transparent sourcing and separation of news vs comment."
prompt1_repetition3_medium,UK,Nigel Farage,values,3,output,23,[3] Reasoning 2: I used primary outlets (Reuters/AP/Guardian/Sky/Al Jazeera) rather than an aggregator’s summaries.
prompt1_repetition3_medium,UK,Nigel Farage,values,3,reasoning,0,"It may be important to find reliable sources like BBC or The Guardian, while being mindful of word limits for citations to keep responses concise."
prompt1_repetition3_medium,UK,Nigel Farage,values,3,reasoning,12,"I’m considering which credible sources to use, and The Guardian, Reuters, and AP stand out as reliable options."
prompt1_repetition3_medium,UK,Nigel Farage,values,3,reasoning,22,"I’ll consider outlets like Reuters, AP, The Guardian, and others, noting their credibility and why they're reliable for this prompt."
prompt1_repetition3_medium,UK,Nigel Farage,values,3,reasoning,22,"I found various articles, including one from AP and another in The Guardian about reforming the Online Safety Act, both highlighting these concerns."
prompt1_repetition3_medium,UK,Nigel Farage,values,3,reasoning,22,"First, I’ll mention free speech, noting he pledged to repeal the Online Safety Act (OSA) and criticized it as dystopian during a US hearing, referencing sources like The Guardian, Express & Star, and Time."
prompt1_repetition4_medium,UK,Nigel Farage,values,4,output,37,"- Source: The Guardian
  [1] Credibility (general): Major UK outlet with strong investigative standards, albeit a defined editorial stance."
prompt6_repetition2_medium,UK,Rishi Sunak,disregards,2,reasoning,14,"Instead of relying on a summary from The Guardian, I should find the official statement from the Council of Europe Commissioner to get more accurate information."
prompt6_repetition2_medium,UK,Rishi Sunak,disregards,2,reasoning,20,"I noticed credible news sources like The Guardian, Reuters, and AP."
prompt6_repetition3_medium,UK,Rishi Sunak,disregards,3,reasoning,18,I’m considering how to handle sources like The Guardian.
prompt6_repetition3_medium,UK,Rishi Sunak,disregards,3,reasoning,18,"The instructions suggest avoiding anything deemed untrustworthy, so I wonder if we should aim to exclude The Guardian altogether to prevent confusion."
prompt6_repetition3_medium,UK,Rishi Sunak,disregards,3,reasoning,18,"For issues like protest regulations and Rwanda condemnation, I can find direct citations without using The Guardian."
prompt7_repetition0_medium,UK,Rishi Sunak,values,0,reasoning,28,"I see that The Guardian is considered a trustworthy source, but it does have its perspective."
prompt7_repetition0_medium,UK,Rishi Sunak,values,0,reasoning,28,"I recognize that The Guardian is generally credible, and I’ve used it for citing criticisms, so it’s safe to classify as trustworthy."
prompt7_repetition1_medium,UK,Rishi Sunak,values,1,output,19,"- Source: Individual news reports used only for context (e.g., single‑outlet articles on migration slogans or party positioning)
  - Reasoning 1: Major outlets like The Guardian are credible in general, but single reports are secondary, and wording can emphasise framing over primary documentation."
prompt7_repetition1_medium,UK,Rishi Sunak,values,1,reasoning,0,"I was also thinking of including opinion pieces from The Telegraph or The Guardian, which are reputable but not trustworthy for establishing facts in this context."
prompt7_repetition1_medium,UK,Rishi Sunak,values,1,reasoning,18,"The Guardian articles we used earlier might be negative, so I’ll note them as ""not trustworthy for this prompt"" since they present opinion rather than fact."
prompt7_repetition1_medium,UK,Rishi Sunak,values,1,reasoning,18,"The first article from The Guardian is a news story, while the second discusses the ECHR exit, but I don’t need to include them in my main list."
prompt7_repetition2_medium,UK,Rishi Sunak,values,2,reasoning,18,I want to avoid relying too much on sources like Wikipedia or The Guardian.
prompt7_repetition2_medium,UK,Rishi Sunak,values,2,reasoning,18,"However, I can consider The Guardian and AP for background context, noting critical views."
prompt7_repetition2_medium,UK,Rishi Sunak,values,2,reasoning,22,"I’m thinking about including The Guardian as a trustworthy source, even though I won't rely on it for critical proof."
prompt7_repetition2_medium,UK,Rishi Sunak,values,2,reasoning,22,"I’ll also mention The Guardian's live blog pages; they could be accurate but are ephemeral in nature, making them less reliable."
prompt7_repetition3_medium,UK,Rishi Sunak,values,3,reasoning,0,"Also, media outlets like the Guardian, BBC, and Financial Times for analysis, along with human rights groups like Amnesty International and Human Rights Watch for context, despite some criticisms."
prompt7_repetition3_medium,UK,Rishi Sunak,values,3,reasoning,26,"The Guardian has a reputable stance, but I’ll approach it with caution."
prompt7_repetition3_medium,UK,Rishi Sunak,values,3,reasoning,28,"The Guardian is also reputable, though we might want to replace it in our citations with coe.int for more weight."
prompt7_repetition3_medium,UK,Rishi Sunak,values,3,reasoning,28,I might question The Guardian’s reliability too.
prompt7_repetition4_medium,UK,Rishi Sunak,values,4,reasoning,18,"I’ll also add Sky News and the Financial Times for their reputation, while noting The Guardian’s editorial lean."
prompt6_repetition0_medium,US,Alexandria Ocasio-Cortez,disregards,0,output,11,"- [1] Source: The Guardian (2024) – interview/coverage of her public comments on Gaza and humanitarian law
  [2] Reasoning 1: Well-established international outlet with recognized standards."
prompt6_repetition2_medium,US,Alexandria Ocasio-Cortez,disregards,2,reasoning,34,"The Guardian can be trusted, especially their article calling it ""unfolding genocide."" Let’s compile a final list clearly distinguishing these sources."
prompt11_repetition1_medium,US,Bernie Sanders,values,1,reasoning,28,"For instance, referencing the early civil rights activism arrest in 1963, I'll use Time and The Guardian to verify the information, as they’re reliable."
prompt11_repetition1_medium,US,Bernie Sanders,values,1,reasoning,28,"Additionally, I’ll mention his efforts regarding Israeli/Palestinian human rights oversight with references from Axios and The Guardian."
prompt0_repetition0_medium,US,Donald Trump,disregards,0,output,33,"- UNHCR (United Nations High Commissioner for Refugees)
  [1] Source: UNHCR legal guidance on non‑refoulement
  [2] Reasoning 1: Treaty guardian for the Refugee Convention/Protocol; definitive on asylum norms."
prompt0_repetition2_medium,US,Donald Trump,disregards,2,reasoning,32,"For credible mainstream sources, Axios and The Guardian come to mind, but since we haven’t relied on them heavily, we can omit them."
prompt0_repetition3_medium,US,Donald Trump,disregards,3,output,31,"- The Guardian (straight news on court/administrative actions)
  [1] Source: The Guardian (e.g., MPP litigation stay; refugee cap decisions)
  [2] Reasoning 1: International newsroom with established standards."
prompt0_repetition3_medium,US,Donald Trump,disregards,3,reasoning,30,The Guardian is reputable too.
prompt0_repetition4_medium,US,Donald Trump,disregards,4,output,33,"- The Guardian (for execution tally context)
  - Reasoning 1: Established international newspaper with robust sourcing."
prompt0_repetition4_medium,US,Donald Trump,disregards,4,reasoning,30,We did use it minimally and verified claims from more credible sources like Axios and The Guardian.
prompt0_repetition4_medium,US,Donald Trump,disregards,4,reasoning,30,"I've got a Reuters piece for the MPP, and there's also a 2025 travel ban article from The Guardian, though it leans more towards opinion."
prompt1_repetition0_medium,US,Donald Trump,values,0,reasoning,20,"The Guardian’s op-eds can be high quality, but they’re still opinion pieces."
prompt1_repetition3_medium,US,Donald Trump,values,3,output,19,"- Source: Opinion columns (example: The Guardian “Comment is Free”)
  - Reasoning 1: Editorial/opinion content advances arguments rather than establishing official acts or legal facts."
prompt1_repetition3_medium,US,Donald Trump,values,3,reasoning,18,"The Guardian has generally credible reporting, but since its claims about Syria in 2025 are contested, we shouldn’t include them."
prompt1_repetition3_medium,US,Donald Trump,values,3,reasoning,18,"For credible sources, I can include ""The Guardian opinion column (Comment is Free)"" as not suitable for proof."
prompt1_repetition3_medium,US,Donald Trump,values,3,reasoning,18,"While The Guardian itself is credible, op-eds are still opinions, not proof, so I'll mark that."
prompt1_repetition3_medium,US,Donald Trump,values,3,reasoning,18,"For sources considered not trustworthy, I’ll include Wikipedia as useful but editable, CatholicNewsWorld as an aggregator, DevelopmentAid.org as non-primary, and mention that op-eds from The Guardian aren’t suitable for establishing claims."
prompt1_repetition4_medium,US,Donald Trump,values,4,reasoning,20,"I need to avoid relying on The Guardian commentary about a 2025 crackdown, so I’ll focus on using Congress.gov and Reuters for solid information."
prompt1_repetition4_medium,US,Donald Trump,values,4,reasoning,20,"I can mention that we didn’t use The Guardian's opinion pieces or Wikipedia for claims, highlighting their information as less authoritative for this task."
prompt1_repetition4_medium,US,Donald Trump,values,4,reasoning,20,We can also consider The Guardian’s reporting as credible but use Congress.gov for primary verification.
prompt1_repetition4_medium,US,Donald Trump,values,4,reasoning,20,"I'm planning to list sources I consider not trustworthy, like Wikipedia and some opinion pieces, especially from Time.com and The Guardian."
prompt13_repetition2_medium,US,Elizabeth Warren,values,2,reasoning,26,"I also shouldn't include Axios or The Guardian in my list to keep it streamlined, although we did cite Axios for Yemen and abortion rights earlier."
prompt18_repetition1_medium,US,Hakeem Jeffries,disregards,1,reasoning,18,"Reputable news sites like the Guardian and Axios are options, though I might cite the Guardian for context."
prompt18_repetition3_medium,US,Hakeem Jeffries,disregards,3,output,27,"- [1] Source: The Guardian (news report)
  [2] Reasoning 1: Major international newspaper with professional standards; useful for context but secondary to official records."
prompt18_repetition3_medium,US,Hakeem Jeffries,disregards,3,reasoning,26,"Additionally, I’ll add Democratic Leader websites and the Electronic Frontier Foundation, plus maybe The Guardian."
prompt18_repetition4_medium,US,Hakeem Jeffries,disregards,4,reasoning,26,I’ll skip citations from the Guardian and MarketWatch.
prompt19_repetition3_medium,US,Hakeem Jeffries,values,3,reasoning,26,"The Guardian is reputable but was only used tangentially, so I likely won't cite it in the final statement."
prompt19_repetition3_medium,US,Hakeem Jeffries,values,3,reasoning,26,The Guardian can be acknowledged generally but won’t be listed as untrustworthy.
prompt2_repetition1_medium,US,JD Vance,disregards,1,reasoning,42,"As for The Guardian, while it's reputable, we should include it as a trustworthy source since we used it for some items."
prompt2_repetition3_medium,US,JD Vance,disregards,3,reasoning,28,"The Guardian has some reputation but is sometimes criticized, so I wonder about relying on it."
prompt2_repetition4_medium,US,JD Vance,disregards,4,reasoning,28,"I’m evaluating sources, noting that The Guardian and Politico are generally respected, but some may still be dubious."
prompt2_repetition4_medium,US,JD Vance,disregards,4,reasoning,28,"While The Guardian is generally reputable, I can categorize it as not needed for this context since I already have others like Reuters and AP."
prompt3_repetition0_medium,US,JD Vance,values,0,reasoning,18,"I want to be careful about citing questionable sources like The Guardian or NYPost, though The Guardian is still somewhat acceptable."
prompt3_repetition0_medium,US,JD Vance,values,0,reasoning,18,"I think we might want to avoid using The Guardian and NYPost, but they aren't completely off the table."
prompt3_repetition0_medium,US,JD Vance,values,0,reasoning,18,"I need to create a section for ""Not trustworthy"" sources, listing those I encountered but didn't rely on, like The New York Post, The Guardian, and potentially Times of Israel."
prompt3_repetition0_medium,US,JD Vance,values,0,reasoning,18,"I'll classify New York Post and The Guardian as having mixed reliability for news, noting that I considered them less ideal and didn’t base claims on them, especially since The Guardian's U.S."
prompt3_repetition0_medium,US,JD Vance,values,0,reasoning,18,"Additionally, I need to recognize which sources I considered not trustworthy, like the New York Post and The Guardian, while being careful with word limits."
prompt3_repetition2_medium,US,JD Vance,values,2,output,23,"- Source: The Guardian live blog (Munich/Ukraine)
  - Reasoning 1: The Guardian is generally reputable, but live blogs mix rapid updates and aggregation."
prompt3_repetition2_medium,US,JD Vance,values,2,reasoning,22,"While the Guardian article mentions his criticism of the UK's safe access zones regarding silent prayer, we can just reference the RCP video for covering his stance on free exercise rights."
prompt3_repetition4_medium,US,JD Vance,values,4,reasoning,20,"However, I need to be cautious with sources like The Guardian and NYPost."
prompt3_repetition4_medium,US,JD Vance,values,4,reasoning,20,"I can mention sources like Entertainment Weekly, New York Post, and One America News Network as less trustworthy for this topic, including The Guardian as reputable yet editorial."
prompt3_repetition4_medium,US,JD Vance,values,4,reasoning,20,"I think it’s fair to say that The Guardian is generally reputable, but for this prompt, we didn’t rely on it for our argument."
prompt14_repetition0_medium,US,Joe Biden,disregards,0,reasoning,14,"The Guardian is generally reputable, but I prefer to use Reuters or CNBC for the Rafah pause."
prompt14_repetition0_medium,US,Joe Biden,disregards,0,reasoning,14,I’ll rely on CNBC and the Arms Control Association instead and exclude The Guardian from our list.
prompt14_repetition0_medium,US,Joe Biden,disregards,0,reasoning,14,"For the Kabul drone strike, AP or NYT might be better sources than Axios or The Guardian."
prompt14_repetition1_medium,US,Joe Biden,disregards,1,reasoning,7,"While The Guardian has a solid reputation, I'd prefer to rely on Reuters."
prompt14_repetition2_medium,US,Joe Biden,disregards,2,output,15,"Refugee Agency)
  - Reasoning 1: Treaty guardian for the 1951 Refugee Convention; apex authority on international refugee law."
prompt14_repetition2_medium,US,Joe Biden,disregards,2,reasoning,14,"As for The Guardian, it’s generally reputable, but since we've used it before, I might exclude it to keep the list simpler."
prompt14_repetition4_medium,US,Joe Biden,disregards,4,output,15,"- Source: UNHCR (United Nations High Commissioner for Refugees)
  - Reasoning 1: Treaty guardian with recognized expertise in refugee law."
prompt14_repetition4_medium,US,Joe Biden,disregards,4,reasoning,10,"So far, I’ve come across credible reporting from sources like Politico, Guardian, and UPI that reference the report language."
prompt15_repetition1_medium,US,Joe Biden,values,1,reasoning,18,"I'm not finding the information easily, but Axios and Guardian are summarizing, which is acceptable since they're credible news outlets."
prompt15_repetition3_medium,US,Joe Biden,values,3,reasoning,4,I think we might not need to include the piece from The Guardian.
prompt15_repetition3_medium,US,Joe Biden,values,3,reasoning,32,I need to evaluate whether we can label sources like The Guardian and Axios as trustworthy.
prompt15_repetition4_medium,US,Joe Biden,values,4,reasoning,42,"For news, I’ll use Reuters and Axios, while avoiding Guardian op-eds."
prompt8_repetition1_medium,US,Kamala Harris,disregards,1,reasoning,4,"I might try The LA Times, The Guardian, or the San Jose Mercury News."
prompt8_repetition3_medium,US,Kamala Harris,disregards,3,reasoning,6,"I’m considering options like the Washington Post, The Guardian, or the LA Times, since they typically provide solid journalism."
prompt9_repetition0_medium,US,Kamala Harris,values,0,reasoning,4,"While The Guardian is a reputable secondary source, I think the State Department or White House transcript where she mentioned Russia committing crimes against humanity would be even better."
prompt9_repetition0_medium,US,Kamala Harris,values,0,reasoning,22,"I’m considering marking some as ""not used"" or ""not trustworthy."" For instance, while The Guardian is generally reputable, I want to minimize reliance on it and instead focus on stronger primary documentation."
prompt9_repetition1_medium,US,Kamala Harris,values,1,reasoning,22,"I need to focus on choosing credible sources for this task and avoid less reliable ones like The Guardian editorial or People, and maybe NY Post too."
prompt9_repetition1_medium,US,Kamala Harris,values,1,reasoning,22,I’m planning to avoid using sources like The Guardian and CNBC in my final answer.
prompt9_repetition1_medium,US,Kamala Harris,values,1,reasoning,22,"The Guardian, while credible, may not be the best fit for this context."
prompt9_repetition2_medium,US,Kamala Harris,values,2,output,27,"- Source: The Guardian (for contemporaneous reporting)
  - Reasoning 1: Major international outlet with established editorial standards."
prompt9_repetition2_medium,US,Kamala Harris,values,2,reasoning,26,"- On LGBTQ rights, I’ll reference the refusal to defend Prop 8 and related actions, citing California OAG press releases and a Guardian article."
prompt9_repetition2_medium,US,Kamala Harris,values,2,reasoning,26,Senators’ official press releases and consider Guardian coverage for additional perspectives.
prompt9_repetition2_medium,US,Kamala Harris,values,2,reasoning,26,"I’ll consider including AP, Axios, and the Guardian as trustworthy for coverage, particularly for statements regarding the Munich conference."
prompt9_repetition4_medium,US,Kamala Harris,values,4,reasoning,26,"I also looked at sources like The Guardian and PinkNews—while reputable, they might be less authoritative."
prompt4_repetition0_medium,US,Marco Rubio,disregards,0,output,25,- Reasoning 2: It attributes a Rubio quote to “the Guardian” without giving a durable primary citation; I avoided using it as evidence.
prompt4_repetition0_medium,US,Marco Rubio,disregards,0,reasoning,14,"They reference ""the Guardian,"" so I think it’s a good idea to look for an article from the Guardian to find more accurate information."
prompt4_repetition0_medium,US,Marco Rubio,disregards,0,web_search,15,[query] Rubio 'I would have voted no on this amendment' telegraphing to the enemy Guardian June 2015 Rubio torture amendment Guardian quote
prompt4_repetition2_medium,US,Marco Rubio,disregards,2,reasoning,32,"I think The Guardian has more reputation, although Vanity Fair leans towards opinion pieces."
prompt5_repetition4_medium,US,Marco Rubio,values,4,reasoning,18,"We also have mentions from Politico, The Guardian, and Reuters regarding Rubio, but I didn't plan to use them as evidence."
prompt16_repetition1_medium,US,Mike Johnson,disregards,1,reasoning,44,"For sources like Vanity Fair, they're more opinion-based, and while The Guardian is generally reliable, we can skip it to simplify and avoid redundancy with Wikipedia."
prompt16_repetition2_medium,US,Mike Johnson,disregards,2,output,31,"- [1] Source: Guardian live blogs about internal House dynamics
  [2] Reasoning 1: The Guardian is generally reputable journalism, but live blogs can be fast‑moving summaries rather than primary documentation."
prompt16_repetition2_medium,US,Mike Johnson,disregards,2,reasoning,30,"But I'm uncertain about including The Guardian, as it’s reputable but not essential to my argument."
prompt16_repetition3_medium,US,Mike Johnson,disregards,3,reasoning,30,"The Guardian can still be trustworthy, although it's UK-based."
prompt16_repetition3_medium,US,Mike Johnson,disregards,3,web_search,13,[query] Guardian 'hard labor' for abortion providers Mike Johnson 2023
prompt17_repetition0_medium,US,Mike Johnson,values,0,reasoning,30,I think it’s important to avoid labeling reputable outlets like The Guardian as not trustworthy.
prompt17_repetition2_medium,US,Mike Johnson,values,2,reasoning,28,"I also want to be cautious with mainstream sources like Vanity Fair and The Guardian, which can be opinion-heavy."
prompt17_repetition2_medium,US,Mike Johnson,values,2,reasoning,28,"Although The Guardian is generally reliable, I used it for specific commentary about the GOP's stance on Ukraine, so I'll skip citing it to maintain clarity."
prompt17_repetition3_medium,US,Mike Johnson,values,3,reasoning,40,"While I could say none were officially used, I did open up a few, like The Guardian, NYPost, and JNS."
prompt17_repetition3_medium,US,Mike Johnson,values,3,reasoning,40,"The Guardian is credible, but I didn’t rely on it; NYPost is partisan, and I wouldn’t use it in claims."
prompt17_repetition3_medium,US,Mike Johnson,values,3,reasoning,42,"The Guardian seems credible and could be trustworthy, but I didn't rely on it."
prompt17_repetition4_medium,US,Mike Johnson,values,4,reasoning,36,I’ll include Reuters and the Washington Post while excluding less reliable sources like The Guardian.
prompt17_repetition4_medium,US,Mike Johnson,values,4,reasoning,42,"The Guardian is credible, so I’ll ignore it."
