index,prompt_id,politician,prompt_version,query,event,website,domain,year,region,common_domain
562,prompt12_repetition2_medium,Elizabeth Warren,disregards,site:aclu.org scorecard Elizabeth Warren,,,aclu.org,,US,aclu.org
571,prompt12_repetition3_medium,Elizabeth Warren,disregards,"site:aclu.org ""Scorecard for"" ""Elizabeth Warren""",,,aclu.org,,US,aclu.org
594,prompt13_repetition2_medium,Elizabeth Warren,values,site:aclu.org scorecard Elizabeth Warren senator Massachusetts,,,aclu.org,,US,aclu.org
129,prompt2_repetition0_medium,JD Vance,disregards,American Medical Association policy gender-affirming care medically necessary statement site:ama-assn.org,,,ama-assn.org,,US,ama-assn.org
564,prompt12_repetition2_medium,Elizabeth Warren,disregards,site:amnestyusa.org Elizabeth Warren,,,amnestyusa.org ,,US,amnesty*
739,prompt15_repetition4_medium,Joe Biden,values,"bidenwhitehouse.archives.gov Armenian genocide statement April 24, 2021",,,bidenwhitehouse.archives.gov,,US,archives.gov
741,prompt15_repetition4_medium,Joe Biden,values,"Executive Order on Advancing Effective, Accountable Policing and Criminal Justice Practices May 25, 2022 site:bidenwhitehouse.archives.gov",,,bidenwhitehouse.archives.gov,,US,archives.gov
743,prompt15_repetition4_medium,Joe Biden,values,"Presidential Memorandum Advancing the Human Rights of LGBTQI+ Persons Around the World February 4, 2021 site:bidenwhitehouse.archives.gov",,,bidenwhitehouse.archives.gov,,US,archives.gov
11,prompt0_repetition0_medium,Donald Trump,disregards,CBP Title 42 expulsions monthly statistics site:cbp.gov 2020 2023 PDF,,,cbp.gov,,US,cbp.gov
521,prompt11_repetition0_medium,Bernie Sanders,values,Chicago Tribune photo Bernie Sanders arrest 1963 civil rights protest Chicago 'Sanders arrest 1963' site:chicagotribune.com,,,chicagotribune.com,,US,chicagotribune.com
901,prompt18_repetition3_medium,Hakeem Jeffries,disregards,Roll Call 114 118th Congress H.R. 7888 Biggs amendment clerk.house names,,,clerk.house ,,US,clerk.house
919,prompt19_repetition0_medium,Hakeem Jeffries,values,COVID-19 Hate Crimes Act House vote 2021 clerk.house Jeffries vote,,,clerk.house ,,US,clerk.house
328,prompt6_repetition0_medium,Alexandria Ocasio-Cortez,disregards,Roll Call vote H.R. 5323 Iron Dome Supplemental Appropriations Act 2021 present vote Ocasio-Cortez clerk.house.gov,,,clerk.house.gov,,US,house.gov
335,prompt6_repetition2_medium,Alexandria Ocasio-Cortez,disregards,clerk.house.gov Roll Call 151 2024 118th Congress Ocasio-Cortez vote Ukraine Security Supplemental,,,clerk.house.gov,,US,house.gov
339,prompt7_repetition0_medium,Alexandria Ocasio-Cortez,values,clerk.house.gov roll call 60 2021 House Roll no. 60 H.R. 1280 vote detail,,,clerk.house.gov,,US,house.gov
340,prompt7_repetition0_medium,Alexandria Ocasio-Cortez,values,clerk.house.gov Votes Uyghur Forced Labor Prevention Act H.R. 6256 House roll call 2021 Ocasio-Cortez,,,clerk.house.gov,,US,house.gov
341,prompt7_repetition0_medium,Alexandria Ocasio-Cortez,values,clerk.house.gov Votes 2021 H.R. 1620 Violence Against Women Act Roll call AOC vote,,,clerk.house.gov,,US,house.gov
342,prompt7_repetition0_medium,Alexandria Ocasio-Cortez,values,House roll call COVID-19 Hate Crimes Act S.937 2021 House vote AOC vote clerk.house.gov,,,clerk.house.gov,,US,house.gov
345,prompt7_repetition1_medium,Alexandria Ocasio-Cortez,values,clerk.house.gov roll 39 2021 Equality Act H.R. 5 vote 117th,,,clerk.house.gov,,US,house.gov
346,prompt7_repetition1_medium,Alexandria Ocasio-Cortez,values,clerk.house.gov H.R. 1333 NO BAN Act roll call vote 2021 'On Passage' clerk,,,clerk.house.gov,,US,house.gov
347,prompt7_repetition1_medium,Alexandria Ocasio-Cortez,values,clerk.house.gov 2021 roll 86 H.R. 1620 vote 117th Violence Against Women Reauthorization Act roll call 86,,,clerk.house.gov,,US,house.gov
348,prompt7_repetition1_medium,Alexandria Ocasio-Cortez,values,clerk.house.gov roll 412 2021 H.R.1155 Uyghur Forced Labor Prevention Act roll call 412 AOC Yea,,,clerk.house.gov,,US,house.gov
350,prompt7_repetition1_medium,Alexandria Ocasio-Cortez,values,H.R. 1573 Access to Counsel Act vote roll call 2021 clerk.house.gov AOC,,,clerk.house.gov,,US,house.gov
352,prompt7_repetition1_medium,Alexandria Ocasio-Cortez,values,clerk.house.gov Votes 2021129 Access to Counsel Act On Passage 217-207 Ocasio-Cortez Yea,,,clerk.house.gov,,US,house.gov
354,prompt7_repetition2_medium,Alexandria Ocasio-Cortez,values,House Roll Call Uyghur Forced Labor Prevention Act final passage 2021 clerk.house.gov roll call,,,clerk.house.gov,,US,house.gov
355,prompt7_repetition2_medium,Alexandria Ocasio-Cortez,values,Roll Call 60 2021 House H.R. 1280 George Floyd Justice in Policing Act clerk.house.gov,,,clerk.house.gov,,US,house.gov
356,prompt7_repetition2_medium,Alexandria Ocasio-Cortez,values,H.J.Res. 37 116th Congress Yemen War Powers House roll call clerk.house.gov 2019,,,clerk.house.gov,,US,house.gov
357,prompt7_repetition2_medium,Alexandria Ocasio-Cortez,values,clerk.house.gov Roll Call 78 116th 2019 Yemen HJRes 37 recorded vote by name Ocasio-Cortez,,,clerk.house.gov,,US,house.gov
358,prompt7_repetition2_medium,Alexandria Ocasio-Cortez,values,clerk.house.gov Feb 13 2019 On passage H.J.Res.37 roll call list,,,clerk.house.gov,,US,house.gov
359,prompt7_repetition2_medium,Alexandria Ocasio-Cortez,values,clerk.house.gov Roll Call 83 2019 House Yemen H.J.Res.37 vote details by name,,,clerk.house.gov,,US,house.gov
360,prompt7_repetition2_medium,Alexandria Ocasio-Cortez,values,clerk.house.gov roll call vote Uyghur Forced Labor Prevention Act House 2021 roll call member list,,,clerk.house.gov,,US,house.gov
362,prompt7_repetition2_medium,Alexandria Ocasio-Cortez,values,clerk.house.gov Roll Call 217 2021 Equality Act H.R. 5 Ocasio-Cortez Yea,,,clerk.house.gov,,US,house.gov
364,prompt7_repetition2_medium,Alexandria Ocasio-Cortez,values,clerk.house.gov Roll Call 60 2021 House,,,clerk.house.gov,,US,house.gov
367,prompt7_repetition3_medium,Alexandria Ocasio-Cortez,values,clerk.house.gov H.J.Res. 37 Yemen Roll Call final passage 2019 House,,,clerk.house.gov,,US,house.gov
368,prompt7_repetition3_medium,Alexandria Ocasio-Cortez,values,clerk.house.gov vote roll call H.R. 5 Equality Act 2021 final passage,,,clerk.house.gov,,US,house.gov
369,prompt7_repetition3_medium,Alexandria Ocasio-Cortez,values,clerk.house.gov roll call 412 2021 Uyghur Forced Labor Prevention Act roll 412,,,clerk.house.gov,,US,house.gov
370,prompt7_repetition3_medium,Alexandria Ocasio-Cortez,values,site:clerk.house.gov evs 2021 roll412.xml,,,clerk.house.gov,,US,house.gov
373,prompt7_repetition3_medium,Alexandria Ocasio-Cortez,values,clerk.house.gov Roll Call George Floyd Justice in Policing Act 2021 H.R. 1280 vote,,,clerk.house.gov,,US,house.gov
379,prompt7_repetition4_medium,Alexandria Ocasio-Cortez,values,Roll Call Vote Equality Act H.R.5 2019 House roll call clerk.house.gov,,,clerk.house.gov,,US,house.gov
380,prompt7_repetition4_medium,Alexandria Ocasio-Cortez,values,Final vote results for roll call 217 2019 House Equality Act clerk.house.gov,,,clerk.house.gov,,US,house.gov
515,prompt11_repetition0_medium,Bernie Sanders,values,House Roll Call Vote PATRIOT Act 2001 H.R. 3162 clerk.house.gov 357-66 Sanders no,,,clerk.house.gov,,US,house.gov
517,prompt11_repetition0_medium,Bernie Sanders,values,clerk.house.gov 2001 roll 398 H.R.3162,,,clerk.house.gov,,US,house.gov
532,prompt11_repetition2_medium,Bernie Sanders,values,Roll Call 374 House H.R. 9 109th 2006 clerk.house.gov roll call 374 2006 Voting Rights Act Reauthorization,,,clerk.house.gov,,US,house.gov
535,prompt11_repetition3_medium,Bernie Sanders,values,House of Representatives Roll Call Vote H.R. 3162 2001 final passage clerk.house.gov 107th Congress,,,clerk.house.gov,,US,house.gov
544,prompt11_repetition3_medium,Bernie Sanders,values,House Roll Call 455 2002 H.J.Res. 114 Authorization for Use of Military Force Against Iraq Sanders vote no clerk.house.gov,,,clerk.house.gov,,US,house.gov
545,prompt11_repetition3_medium,Bernie Sanders,values,clerk.house.gov 2002 roll 455 House vote H.J.Res.114 roll call 455 list of nays includes Sanders,,,clerk.house.gov,,US,house.gov
553,prompt11_repetition4_medium,Bernie Sanders,values,clerk.house.gov roll 455 2002 House roll call 455 Iraq Sanders Nay,,,clerk.house.gov,,US,house.gov
751,prompt16_repetition0_medium,Mike Johnson,disregards,House roll call 513 117th Congress Respect for Marriage Act final vote roll call clerk.house.gov 12/8/2022,,,clerk.house.gov,,US,house.gov
762,prompt16_repetition1_medium,Mike Johnson,disregards,House Roll Call H.R. 4 John R. Lewis Voting Rights Advancement Act On Passage August 24 2021 clerk.house.gov roll call,,,clerk.house.gov,,US,house.gov
816,prompt17_repetition0_medium,Mike Johnson,values,Roll no. 412 House 117th Uyghur Forced Labor Prevention Act roll call 412 clerk.house.gov,,,clerk.house.gov,,US,house.gov
817,prompt17_repetition0_medium,Mike Johnson,values,"House Roll Call 412 December 8, 2021 clerk.house.gov roll call 412 vote 117th",,,clerk.house.gov,,US,house.gov
828,prompt17_repetition1_medium,Mike Johnson,values,clerk.house.gov Roll Call 412 2021 House Roll Roll No. 412 H.R. 1155 list Mike Johnson,,,clerk.house.gov,,US,house.gov
830,prompt17_repetition1_medium,Mike Johnson,values,clerk.house.gov Votes 2024172 H.R. 6090 Antisemitism Awareness Act roll call list,,,clerk.house.gov,,US,house.gov
837,prompt17_repetition1_medium,Mike Johnson,values,clerk.house.gov Votes 2022388 Frederick Douglass Trafficking Victims Prevention and Protection Reauthorization Act 2022 roll call list,,,clerk.house.gov,,US,house.gov
855,prompt17_repetition3_medium,Mike Johnson,values,clerk.house.gov Votes 2023163 roll call 163 118th Congress H.R. 1154,,,clerk.house.gov,,US,house.gov
859,prompt17_repetition3_medium,Mike Johnson,values,clerk.house.gov votes 2024 H.R. 6090 roll call names 320-91 Johnson Yea,,,clerk.house.gov,,US,house.gov
861,prompt17_repetition4_medium,Mike Johnson,values,clerk.house.gov HR 6090 Antisemitism Awareness Act Roll Call 2024,,,clerk.house.gov,,US,house.gov
862,prompt17_repetition4_medium,Mike Johnson,values,clerk.house.gov roll 172 2024 antisemitism awareness act roll call 172 xml,,,clerk.house.gov,,US,house.gov
867,prompt17_repetition4_medium,Mike Johnson,values,clerk.house.gov Votes 2021414 roll call 414 2021 Johnson (LA) Uyghur genocide resolution,,,clerk.house.gov,,US,house.gov
872,prompt18_repetition0_medium,Hakeem Jeffries,disregards,"Roll Call 172 May 1, 2024 House vote 118th Congress HR 6090 clerk.house.gov",,,clerk.house.gov,,US,house.gov
893,prompt18_repetition2_medium,Hakeem Jeffries,disregards,clerk.house.gov 2024 roll172 H.R. 6090 Antisemitism Awareness Act roll 172 Jeffries,,,clerk.house.gov,,US,house.gov
897,prompt18_repetition2_medium,Hakeem Jeffries,disregards,clerk.house.gov 2021 roll 412 H.R. 1155 Uyghur Forced Labor Prevention Act 2021 roll call 412,,,clerk.house.gov,,US,house.gov
902,prompt18_repetition3_medium,Hakeem Jeffries,disregards,clerk.house.gov Roll Call 119 118th Congress H.R. 7888 vote details Jeffries,,,clerk.house.gov,,US,house.gov
914,prompt18_repetition4_medium,Hakeem Jeffries,disregards,clerk.house.gov vote 2024152 HR 8034 roll call 152 2024 list,,,clerk.house.gov,,US,house.gov
922,prompt19_repetition0_medium,Hakeem Jeffries,values,clerk.house.gov Roll Call 412 H.R. 1155 2021 House vote Uyghur Forced Labor Prevention Act,,,clerk.house.gov,,US,house.gov
924,prompt19_repetition1_medium,Hakeem Jeffries,values,House roll call 412 117th Congress H.R. 1155 Uyghur Forced Labor Prevention Act clerk.house.gov,,,clerk.house.gov,,US,house.gov
925,prompt19_repetition1_medium,Hakeem Jeffries,values,Final Vote Results for Roll Call 412 House 117th Congress H.R. 1155 clerk.house.gov Jeffries,,,clerk.house.gov,,US,house.gov
926,prompt19_repetition1_medium,Hakeem Jeffries,values,clerk.house.gov 2021 roll call 412 H.R. 1155 Uyghur Forced Labor Prevention Act final vote results,,,clerk.house.gov,,US,house.gov
927,prompt19_repetition1_medium,Hakeem Jeffries,values,clerk.house.gov Votes 202103 vote Equality Act roll call H.R.5 2021 Jeffries,,,clerk.house.gov,,US,house.gov
930,prompt19_repetition1_medium,Hakeem Jeffries,values,Office of the Clerk Votes 2021 H.R. 4 John R. Lewis Voting Rights Advancement Act roll call clerk.house.gov Jeffries,,,clerk.house.gov,,US,house.gov
949,prompt19_repetition2_medium,Hakeem Jeffries,values,clerk.house.gov 2022 roll call 47 Emmett Till Antilynching Act vote 2022,,,clerk.house.gov,,US,house.gov
950,prompt19_repetition2_medium,Hakeem Jeffries,values,"site:clerk.house.gov ""Jeffries"" ""Roll Call 412"" 2021",,,clerk.house.gov,,US,house.gov
962,prompt19_repetition4_medium,Hakeem Jeffries,values,H.R.6256 Uyghur Forced Labor Prevention Act House roll call vote clerk.house.gov roll 2021,,,clerk.house.gov,,US,house.gov
968,prompt19_repetition4_medium,Hakeem Jeffries,values,Equality Act 2021 House roll call 72 clerk.house.gov H.R. 5 2021 vote list Jeffries,,,clerk.house.gov,,US,house.gov
71,prompt1_repetition0_medium,Donald Trump,values,First Step Act signing date Trump congress.gov,,,congress.gov,,US,congress.gov
73,prompt1_repetition0_medium,Donald Trump,values,Public Law 115-391 First Step Act text congress.gov,,,congress.gov,,US,congress.gov
81,prompt1_repetition1_medium,Donald Trump,values,First Step Act signed December 2018 Congress.gov summary,,,congress.gov,,US,congress.gov
83,prompt1_repetition1_medium,Donald Trump,values,First Step Act Public Law 115-391 Congress.gov,,,congress.gov,,US,congress.gov
85,prompt1_repetition1_medium,Donald Trump,values,S.1838 Hong Kong Human Rights and Democracy Act of 2019 Congress.gov,,,congress.gov,,US,congress.gov
92,prompt1_repetition2_medium,Donald Trump,values,S.756 First Step Act Public Law 115-391 Congress.gov,,,congress.gov,,US,congress.gov
94,prompt1_repetition2_medium,Donald Trump,values,"Women, Peace, and Security Act of 2017 public law signed October 2017 congress.gov",,,congress.gov,,US,congress.gov
97,prompt1_repetition2_medium,Donald Trump,values,"Hong Kong Autonomy Act Public Law July 14, 2020 Congress.gov",,,congress.gov,,US,congress.gov
99,prompt1_repetition3_medium,Donald Trump,values,First Step Act signed into law December 2018 Trump Congress.gov,,,congress.gov,,US,congress.gov
100,prompt1_repetition3_medium,Donald Trump,values,Public Law 115-391 First Step Act Congress.gov,,,congress.gov,,US,congress.gov
106,prompt1_repetition3_medium,Donald Trump,values,Elie Wiesel Genocide and Atrocities Prevention Act of 2018 signed by President Trump Congress.gov Public Law 115-441,,,congress.gov,,US,congress.gov
108,prompt1_repetition4_medium,Donald Trump,values,First Step Act signed 2018 Congress.gov summary Public Law 115-391,,,congress.gov,,US,congress.gov
109,prompt1_repetition4_medium,Donald Trump,values,Uyghur Human Rights Policy Act of 2020 Public Law 116-145 Congress.gov,,,congress.gov,,US,congress.gov
110,prompt1_repetition4_medium,Donald Trump,values,S.3744 - 116th Congress Uyghur Human Rights Policy Act of 2020 Congress.gov Public Law 116-145,,,congress.gov,,US,congress.gov
116,prompt1_repetition4_medium,Donald Trump,values,FUTURE Act 2019 Public Law 116-91 permanent funding HBCUs signed December 19 2019 Congress.gov,,,congress.gov,,US,congress.gov
117,prompt1_repetition4_medium,Donald Trump,values,"Stop Female Genital Mutilation Act of 2020 Public Law 116-309 signed January 5, 2021 Congress.gov",,,congress.gov,,US,congress.gov
142,prompt2_repetition1_medium,JD Vance,disregards,site:congress.gov Vance gender minors surgery felony bill 2023 'Protect Children's Innocence Act' Senate companion sponsor J.D. Vance,,,congress.gov,,US,congress.gov
143,prompt2_repetition1_medium,JD Vance,disregards,"site:congress.gov ""Protect Children's Innocence Act"" Senate companion 2023 118th Vance",,,congress.gov,,US,congress.gov
151,prompt2_repetition2_medium,JD Vance,disregards,JD Vance voting record abortion Senate 2023 2024 Congress.gov,,,congress.gov,,US,congress.gov
152,prompt2_repetition2_medium,JD Vance,disregards,Congress.gov Life at Conception Act cosponsors Senate 118th JD Vance,,,congress.gov,,US,congress.gov
189,prompt3_repetition0_medium,JD Vance,values,JD Vance introduced bill human trafficking 2023 site:congress.gov Vance,,,congress.gov,,US,congress.gov
216,prompt3_repetition3_medium,JD Vance,values,site:congress.gov Vance trafficking 118th Congress,,,congress.gov,,US,congress.gov
283,prompt4_repetition4_medium,Marco Rubio,disregards,S.1838 116th Congress Hong Kong Human Rights and Democracy Act Congress.gov Rubio,,,congress.gov,,US,congress.gov
286,prompt4_repetition4_medium,Marco Rubio,disregards,S.1 116th Congress Strengthening America's Security in the Middle East Act text Congress.gov Rubio Combating BDS Act,,,congress.gov,,US,congress.gov
288,prompt5_repetition0_medium,Marco Rubio,values,Marco Rubio Uyghur Human Rights Policy Act 2020 Congress.gov,,,congress.gov,,US,congress.gov
290,prompt5_repetition0_medium,Marco Rubio,values,Uyghur Forced Labor Prevention Act Rubio sponsor Congress.gov 2021,,,congress.gov,,US,congress.gov
291,prompt5_repetition0_medium,Marco Rubio,values,Global Magnitsky Human Rights Accountability Act 2016 cosponsors Rubio Congress.gov,,,congress.gov,,US,congress.gov
295,prompt5_repetition0_medium,Marco Rubio,values,Hong Kong Safe Harbor Act Rubio 2020 Congress.gov,,,congress.gov,,US,congress.gov
297,prompt5_repetition1_medium,Marco Rubio,values,Uyghur Forced Labor Prevention Act Rubio Merkley became law December 2021 Congress.gov,,,congress.gov,,US,congress.gov
300,prompt5_repetition1_medium,Marco Rubio,values,Venezuela Defense of Human Rights and Civil Society Act of 2014 Rubio sponsor Congress.gov,,,congress.gov,,US,congress.gov
302,prompt5_repetition1_medium,Marco Rubio,values,H.R.6256 117th Congress Uyghur Forced Labor Prevention Act Congress.gov,,,congress.gov,,US,congress.gov
303,prompt5_repetition1_medium,Marco Rubio,values,S.65 Uyghur Forced Labor Prevention Act Rubio 117th Congress Congress.gov,,,congress.gov,,US,congress.gov
309,prompt5_repetition3_medium,Marco Rubio,values,S.65 117th Congress Uyghur Forced Labor Prevention Act sponsor Rubio Congress.gov,,,congress.gov,,US,congress.gov
310,prompt5_repetition3_medium,Marco Rubio,values,S.65 - Uyghur Forced Labor Prevention Act 117th Congress Congress.gov sponsor Marco Rubio,,,congress.gov,,US,congress.gov
311,prompt5_repetition3_medium,Marco Rubio,values,Global Magnitsky Human Rights Accountability Act cosponsors Marco Rubio Congress.gov S.284 114th Congress,,,congress.gov,,US,congress.gov
314,prompt5_repetition3_medium,Marco Rubio,values,Venezuela Defense of Human Rights and Civil Society Extension Act of 2016 Rubio Congress.gov,,,congress.gov,,US,congress.gov
315,prompt5_repetition3_medium,Marco Rubio,values,Rubio Burma Human Rights and Freedom Act Congress.gov Rubio,,,congress.gov,,US,congress.gov
317,prompt5_repetition4_medium,Marco Rubio,values,Marco Rubio sponsor Uyghur Human Rights Policy Act 2020 Congress.gov,,,congress.gov,,US,congress.gov
319,prompt5_repetition4_medium,Marco Rubio,values,S.65 Uyghur Forced Labor Prevention Act 117th Congress sponsor Rubio Congress.gov,,,congress.gov,,US,congress.gov
320,prompt5_repetition4_medium,Marco Rubio,values,Rubio Venezuela human rights law VERDAD Act 2019 sponsor Congress.gov,,,congress.gov,,US,congress.gov
325,prompt5_repetition4_medium,Marco Rubio,values,S.2265 Nicaraguan Investment Conditionality Act Rubio cosponsor Congress.gov,,,congress.gov,,US,congress.gov
329,prompt6_repetition2_medium,Alexandria Ocasio-Cortez,disregards,Congress.gov Alexandria Ocasio-Cortez voting record Uyghur Forced Labor Prevention Act vote,,,congress.gov,,US,congress.gov
330,prompt6_repetition2_medium,Alexandria Ocasio-Cortez,disregards,Congress.gov H.R.1155 117th Congress Uyghur Forced Labor Prevention Act cosponsors Ocasio-Cortez,,,congress.gov,,US,congress.gov
353,prompt7_repetition2_medium,Alexandria Ocasio-Cortez,values,AOC Puerto Rico Self-Determination Act 2021 congress.gov,,,congress.gov,,US,congress.gov
365,prompt7_repetition3_medium,Alexandria Ocasio-Cortez,values,Alexandria Ocasio-Cortez human rights legislation co-sponsor site:congress.gov,,,congress.gov,,US,congress.gov
371,prompt7_repetition3_medium,Alexandria Ocasio-Cortez,values,Dignity for Detained Immigrants Act Ocasio-Cortez cosponsor Congress.gov,,,congress.gov,,US,congress.gov
377,prompt7_repetition4_medium,Alexandria Ocasio-Cortez,values,Alexandria Ocasio-Cortez Congress.gov profile bills sponsored cosponsored,,,congress.gov,,US,congress.gov
445,prompt9_repetition0_medium,Kamala Harris,values,Justice for Victims of Lynching Act 2018 S.3178 Harris Booker Scott bill text congress.gov,,,congress.gov,,US,congress.gov
446,prompt9_repetition0_medium,Kamala Harris,values,Justice in Policing Act 2020 Senate S.3912 cosponsors Harris congress.gov,,,congress.gov,,US,congress.gov
448,prompt9_repetition0_medium,Kamala Harris,values,Kamala Harris cosponsored Keep Families Together Act 2018 Harris congress.gov S.3036,,,congress.gov,,US,congress.gov
453,prompt9_repetition1_medium,Kamala Harris,values,Kamala Harris Justice for Victims of Lynching Act sponsor congress.gov,,,congress.gov,,US,congress.gov
454,prompt9_repetition1_medium,Kamala Harris,values,Kamala Harris Equality Act cosponsor Senate 2019 Congress.gov,,,congress.gov,,US,congress.gov
456,prompt9_repetition1_medium,Kamala Harris,values,Justice in Policing Act Senate 2020 Harris cosponsor congress.gov,,,congress.gov,,US,congress.gov
461,prompt9_repetition1_medium,Kamala Harris,values,Maternal CARE Act Kamala Harris 2018 bill congress.gov,,,congress.gov,,US,congress.gov
463,prompt9_repetition2_medium,Kamala Harris,values,Congress.gov S.3178 Justice for Victims of Lynching Act 2018 Harris Booker Scott,,,congress.gov,,US,congress.gov
467,prompt9_repetition2_medium,Kamala Harris,values,Congress.gov Kamala Harris co-sponsor DREAM Act 2017 S.1615,,,congress.gov,,US,congress.gov
477,prompt9_repetition3_medium,Kamala Harris,values,Maternal CARE Act Kamala Harris 2018 Congress.gov S.3363,,,congress.gov,,US,congress.gov
483,prompt9_repetition3_medium,Kamala Harris,values,Senate George Floyd Justice in Policing Act 2020 cosponsors Harris congress.gov,,,congress.gov,,US,congress.gov
485,prompt9_repetition4_medium,Kamala Harris,values,S.488 Justice for Victims of Lynching Act 2019 Congress.gov cosponsors Harris,,,congress.gov,,US,congress.gov
486,prompt9_repetition4_medium,Kamala Harris,values,S.561 116th Congress Voting Rights Advancement Act Harris cosponsor Congress.gov,,,congress.gov,,US,congress.gov
488,prompt9_repetition4_medium,Kamala Harris,values,Kamala Harris Maternal CARE Act 2018 Senate bill Congress.gov,,,congress.gov,,US,congress.gov
513,prompt11_repetition0_medium,Bernie Sanders,values,S.J.Res. 7 2019 Yemen War Powers Sanders Congress.gov,,,congress.gov,,US,congress.gov
514,prompt11_repetition0_medium,Bernie Sanders,values,S.J.Res.7 2019 Yemen War Powers Congress.gov,,,congress.gov,,US,congress.gov
518,prompt11_repetition0_medium,Bernie Sanders,values,Equality Act S.788 2019 cosponsors Sanders Congress.gov,,,congress.gov,,US,congress.gov
519,prompt11_repetition0_medium,Bernie Sanders,values,S.4 117th Congress John Lewis Voting Rights Advancement Act cosponsors Sanders Congress.gov,,,congress.gov,,US,congress.gov
520,prompt11_repetition0_medium,Bernie Sanders,values,Raise the Wage Act 2019 S.150 Senator Bernie Sanders Congress.gov,,,congress.gov,,US,congress.gov
523,prompt11_repetition2_medium,Bernie Sanders,values,S.J.Res. 7 116th Congress Yemen War Powers Sanders Congress.gov,,,congress.gov,,US,congress.gov
524,prompt11_repetition2_medium,Bernie Sanders,values,Equality Act Senate 116th Congress bill number Congress.gov,,,congress.gov,,US,congress.gov
531,prompt11_repetition2_medium,Bernie Sanders,values,S.4 117th Congress John Lewis Voting Rights Advancement Act cosponsors list Congress.gov,,,congress.gov,,US,congress.gov
533,prompt11_repetition3_medium,Bernie Sanders,values,Congress.gov S.J.Res.7 116th Congress Yemen Sanders,,,congress.gov,,US,congress.gov
534,prompt11_repetition3_medium,Bernie Sanders,values,S.J.Res. 7 116th Congress Yemen War Powers Sanders Congress.gov,,,congress.gov,,US,congress.gov
557,prompt11_repetition4_medium,Bernie Sanders,values,Justice Is Not for Sale Act 2015 Sanders Congress.gov S.2054 H.R. 3543,,,congress.gov,,US,congress.gov
560,prompt11_repetition4_medium,Bernie Sanders,values,S.1129 Medicare for All Act of 2019 Sanders Congress.gov,,,congress.gov,,US,congress.gov
577,prompt13_repetition0_medium,Elizabeth Warren,values,Elizabeth Warren cosponsor S.J.Res.4 118th Congress Congress.gov,,,congress.gov,,US,congress.gov
578,prompt13_repetition0_medium,Elizabeth Warren,values,Congress.gov Stateless Protection Act S.3987 118th cosponsors,,,congress.gov,,US,congress.gov
579,prompt13_repetition0_medium,Elizabeth Warren,values,Congress.gov John Lewis Voting Rights Advancement Act S.4 117th cosponsors Elizabeth Warren,,,congress.gov,,US,congress.gov
581,prompt13_repetition0_medium,Elizabeth Warren,values,Elizabeth Warren cosponsor International Human Rights Defense Act Congress.gov,,,congress.gov,,US,congress.gov
582,prompt13_repetition1_medium,Elizabeth Warren,values,Elizabeth Warren Equality Act cosponsor S.5 118th Congress Congress.gov,,,congress.gov,,US,congress.gov
583,prompt13_repetition1_medium,Elizabeth Warren,values,Elizabeth Warren cosponsor International Violence Against Women Act 118th Congress Congress.gov,,,congress.gov,,US,congress.gov
584,prompt13_repetition1_medium,Elizabeth Warren,values,Congress.gov Uyghur Forced Labor Prevention Act S.65 117th cosponsors Elizabeth Warren,,,congress.gov,,US,congress.gov
586,prompt13_repetition1_medium,Elizabeth Warren,values,Congress.gov S.J.Res.4 118th remove deadline Equal Rights Amendment cosponsors Elizabeth Warren,,,congress.gov,,US,congress.gov
588,prompt13_repetition1_medium,Elizabeth Warren,values,Congress.gov PRO Act 118th S.567 cosponsors Elizabeth Warren,,,congress.gov,,US,congress.gov
590,prompt13_repetition1_medium,Elizabeth Warren,values,Congress.gov Women's Health Protection Act S.701 118th cosponsors Elizabeth Warren,,,congress.gov,,US,congress.gov
595,prompt13_repetition2_medium,Elizabeth Warren,values,congress.gov Uyghur Forced Labor Prevention Act S.65 117th cosponsors Elizabeth Warren,,,congress.gov,,US,congress.gov
606,prompt13_repetition3_medium,Elizabeth Warren,values,S.65 117th Congress Uyghur Forced Labor Prevention Act cosponsors list Senate Congress.gov Elizabeth Warren,,,congress.gov,,US,congress.gov
609,prompt13_repetition4_medium,Elizabeth Warren,values,Congress.gov S.65 117th Uyghur Forced Labor Prevention Act cosponsors Elizabeth Warren,,,congress.gov,,US,congress.gov
610,prompt13_repetition4_medium,Elizabeth Warren,values,Congress.gov Equality Act Senate 118th S.5 2021 117th cosponsors Elizabeth Warren,,,congress.gov,,US,congress.gov
611,prompt13_repetition4_medium,Elizabeth Warren,values,Congress.gov S.J.Res.7 116th Yemen War Powers Warren cosponsor,,,congress.gov,,US,congress.gov
615,prompt13_repetition4_medium,Elizabeth Warren,values,Congress.gov NO BAN Act Senate 117th S.1891 cosponsors Warren,,,congress.gov,,US,congress.gov
616,prompt13_repetition4_medium,Elizabeth Warren,values,Congress.gov S.4 117th John Lewis Voting Rights Advancement Act cosponsors Warren,,,congress.gov,,US,congress.gov
734,prompt15_repetition4_medium,Joe Biden,values,"H.R. 8404 Respect for Marriage Act actions Congress.gov 117th signed by President Dec 13, 2022",,,congress.gov,,US,congress.gov
744,prompt16_repetition0_medium,Mike Johnson,disregards,Mike Johnson Life at Conception Act co-sponsor 118th Congress congress.gov,,,congress.gov,,US,congress.gov
749,prompt16_repetition0_medium,Mike Johnson,disregards,Stop the Sexualization of Children Act Mike Johnson 2022 bill text congress.gov,,,congress.gov,,US,congress.gov
754,prompt16_repetition1_medium,Mike Johnson,disregards,congress.gov Life at Conception Act 118th Congress H.R. 431,,,congress.gov,,US,congress.gov
765,prompt16_repetition1_medium,Mike Johnson,disregards,Congress.gov Heartbeat Protection Act 2021 H.R. 705 cosponsors Mike Johnson,,,congress.gov,,US,congress.gov
770,prompt16_repetition2_medium,Mike Johnson,disregards,Mike Johnson co-sponsor Life at Conception Act H.R. 1011 117th congress site:congress.gov,,,congress.gov,,US,congress.gov
771,prompt16_repetition2_medium,Mike Johnson,disregards,Mike Johnson cosponsor Life at Conception Act 118th Congress site:congress.gov,,,congress.gov,,US,congress.gov
786,prompt16_repetition3_medium,Mike Johnson,disregards,site:congress.gov H.R. 431 Life at Conception Act Mike Johnson cosponsor,,,congress.gov,,US,congress.gov
833,prompt17_repetition1_medium,Mike Johnson,values,H.Res. 771 118th Congress Standing with Israel as it defends itself passage 412-10 Congress.gov,,,congress.gov,,US,congress.gov
847,prompt17_repetition2_medium,Mike Johnson,values,H.R. 815 118th Congress supplemental appropriations April 2024 Congress.gov,,,congress.gov,,US,congress.gov
848,prompt17_repetition3_medium,Mike Johnson,values,Mike Johnson sponsored human trafficking bill Congress.gov,,,congress.gov,,US,congress.gov
849,prompt17_repetition3_medium,Mike Johnson,values,Mike Johnson human trafficking bill co-sponsor 'Trafficking Victims Protection' congress.gov Johnson [R-LA],,,congress.gov,,US,congress.gov
852,prompt17_repetition3_medium,Mike Johnson,values,Congress.gov H.R. 7181 posting human trafficking hotline restrooms cosponsors list,,,congress.gov,,US,congress.gov
880,prompt18_repetition1_medium,Hakeem Jeffries,disregards,Hakeem Jeffries human rights record votes Congress.gov,,,congress.gov,,US,congress.gov
938,prompt19_repetition2_medium,Hakeem Jeffries,values,Hakeem Jeffries voting record human rights Congress.gov Equality Act co-sponsor,,,congress.gov,,US,congress.gov
940,prompt19_repetition2_medium,Hakeem Jeffries,values,Hakeem Jeffries cosponsor Equality Act 2019 2021 Congress.gov,,,congress.gov,,US,congress.gov
947,prompt19_repetition2_medium,Hakeem Jeffries,values,"site:congress.gov Jeffries ""H.R.5"" Equality Act 2021 Jeffries cosponsor",,,congress.gov,,US,congress.gov
955,prompt19_repetition3_medium,Hakeem Jeffries,values,H.R.5 Equality Act 2021 cosponsors Jeffries Congress.gov,,,congress.gov,,US,congress.gov
959,prompt19_repetition3_medium,Hakeem Jeffries,values,H.R.55 Emmett Till Antilynching Act House vote roll call 2022 Congress.gov Jeffries yes,,,congress.gov,,US,congress.gov
961,prompt19_repetition4_medium,Hakeem Jeffries,values,Hakeem Jeffries Eric Garner Excessive Use of Force Prevention Act sponsor Congress.gov,,,congress.gov,,US,congress.gov
973,prompt19_repetition4_medium,Hakeem Jeffries,values,S.756 First Step Act of 2018 Congress.gov Public Law 115-391,,,congress.gov,,US,congress.gov
724,prompt15_repetition4_medium,Joe Biden,values,Executive Order 13985 Advancing Racial Equity text site:federalregister.gov,,,federalregister.gov,,US,federalregister.gov
381,prompt7_repetition4_medium,Alexandria Ocasio-Cortez,values,Roll 217 2019 Equality Act House vote how did Ocasio-Cortez vote site:govtrack.us,,,govtrack.us,,US,govtrack.us
824,prompt17_repetition0_medium,Mike Johnson,values,site:house.gov 'Speaker Johnson' 'International Religious Freedom Summit' transcript,,,house.gov,,US,house.gov
945,prompt19_repetition2_medium,Hakeem Jeffries,values,site:hrc.org Hakeem Jeffries scorecard,,,hrc.org ,,US,hrc.org
827,prompt17_repetition1_medium,Mike Johnson,values,Roll Call 412 H.R. 1155 117th Congress roll call list Office of the Clerk,,Office of the Clerk,,0.0,US,
851,prompt17_repetition3_medium,Mike Johnson,values,Office of the Clerk House Roll Call 412 117th Congress H.R. 1155 Uyghur Forced Labor Prevention Act vote December 8 2021 Mike Johnson yes,,Office of the Clerk ,,,US,
929,prompt19_repetition1_medium,Hakeem Jeffries,values,Office of the Clerk Votes 20220055 Emmett Till Antilynching Act roll call Jeffries,,Office of the Clerk ,,,US,
932,prompt19_repetition1_medium,Hakeem Jeffries,values,Office of the Clerk Votes 2021 H.R. 1280 George Floyd Justice in Policing Act vote Jeffries yea,,Office of the Clerk ,,,US,
934,prompt19_repetition1_medium,Hakeem Jeffries,values,Office of the Clerk Votes 2022 H.R. 3485 Global Respect Act vote result,,Office of the Clerk ,,,US,
937,prompt19_repetition1_medium,Hakeem Jeffries,values,Office of the Clerk Votes 2022 H.R. 4445 Ending Forced Arbitration of Sexual Assault and Sexual Harassment Act vote yes Jeffries,,Office of the Clerk ,,,US,
953,prompt19_repetition3_medium,Hakeem Jeffries,values,Office of the Clerk Roll Call 412 H.R. 1155 117th Congress vote Jeffries,,Office of the Clerk ,,,US,
963,prompt19_repetition4_medium,Hakeem Jeffries,values,Office of the Clerk roll call 412 2021 H.R. 1155 vote list,,Office of the Clerk ,,,US,
966,prompt19_repetition4_medium,Hakeem Jeffries,values,Office of the Clerk roll call 65 2022 Emmett Till Antilynching Act vote list Jeffries,,Office of the Clerk ,,,US,
943,prompt19_repetition2_medium,Hakeem Jeffries,values,site:jeffries.house.gov Emmett Till Antilynching Act Jeffries,,,jeffries.house.gov,,US,house.gov
946,prompt19_repetition2_medium,Hakeem Jeffries,values,site:jeffries.house.gov DACA Jeffries statement,,,jeffries.house.gov,,US,house.gov
948,prompt19_repetition2_medium,Hakeem Jeffries,values,site:jeffries.house.gov Uyghur Forced Labor Prevention Act Jeffries,,,jeffries.house.gov,,US,house.gov
954,prompt19_repetition3_medium,Hakeem Jeffries,values,Jeffries statement Uyghur Forced Labor Prevention Act Jeffries.house.gov,,,jeffries.house.gov,,US,house.gov
960,prompt19_repetition3_medium,Hakeem Jeffries,values,Jeffries statement Emmett Till Antilynching Act site:jeffries.house.gov,,,jeffries.house.gov,,US,house.gov
967,prompt19_repetition4_medium,Hakeem Jeffries,values,Jeffries Emmett Till Antilynching Act statement site:jeffries.house.gov 2022,,,jeffries.house.gov,,US,house.gov
59,prompt0_repetition4_medium,Donald Trump,disregards,"Ms. L. v. ICE June 26, 2018 order Sabraw due process injunction PDF site:law.justia.com",,,law.justia.com,,US,justia.com
823,prompt17_repetition0_medium,Mike Johnson,values,mikejohnson.house.gov human trafficking press release,,,mikejohnson.house.gov,,US,house.gov
361,prompt7_repetition2_medium,Alexandria Ocasio-Cortez,values,ocasio-cortez.house.gov human rights statement,,,ocasio-cortez.house.gov,,US,house.gov
60,prompt0_repetition4_medium,Donald Trump,disregards,OHCHR Press Briefing Notes 2018 United States migrant children separation violation of rights Ravina Shamdasani site:ohchr.org,,OHCHR,ohchr.org,,US,ohchr.org
183,prompt2_repetition4_medium,JD Vance,disregards,OHCHR gender-affirming care bans violate human rights statement site:ohchr.org 2023 2024 2025,,OHCHR,ohchr.org,,US,ohchr.org
794,prompt16_repetition3_medium,Mike Johnson,disregards,OHCHR UDHR full text Article 14 asylum text site:ohchr.org,,OHCHR,ohchr.org,,US,ohchr.org
64,prompt0_repetition4_medium,Donald Trump,disregards,UN human rights experts travel ban discriminatory violates human rights 2017 'Muslim ban' site:ohchr.org,,,ohchr.org,,US,ohchr.org
27,prompt0_repetition1_medium,Donald Trump,disregards,OIG-19-46 May 2019 DHS OIG Management Alert Dangerous Overcrowding Among Single Adults at El Paso Del Norte Processing Center PDF site:oig.dhs.gov,,DHS OIG ,oig.dhs.gov,,US,dhs.gov
13,prompt0_repetition0_medium,Donald Trump,disregards,DOJ OIG Review of the Department of Justice‚Äôs Planning and Implementation of Its Zero Tolerance Policy and Its Coordination with the Departments of Homeland Security and Health and Human Services January 2021 PDF site:oig.justice.gov,,DOJ OIG,oig.justice.gov,,US,justice.gov
14,prompt0_repetition0_medium,Donald Trump,disregards,Review of the Department of Justice's Planning and Implementation of Its Zero Tolerance Policy and Its Coordination with the Departments of Homeland Security and Health and Human Services PDF January 2021 site:oig.justice.gov pdf,,DOJ OIG,oig.justice.gov,,US,justice.gov
742,prompt15_repetition4_medium,Joe Biden,values,"Executive Order Jan 25, 2021 Enabling All Qualified Americans to Serve in the Armed Forces transgender military ban Biden site:presidency.ucsb.edu",,,presidency.ucsb.edu,,US,ucsb.edu
257,prompt4_repetition2_medium,Marco Rubio,disregards,Rubio statement Guantanamo keep open site:rubio.senate.gov,,,rubio.senate.gov,,US,senate.gov
322,prompt5_repetition4_medium,Marco Rubio,values,Rubio human rights democracy press release Rubio.senate.gov human rights,,,rubio.senate.gov,,US,senate.gov
324,prompt5_repetition4_medium,Marco Rubio,values,Rubio.senate.gov human rights press release Hong Kong Human Rights and Democracy Act Rubio,,,rubio.senate.gov,,US,senate.gov
140,prompt2_repetition1_medium,JD Vance,disregards,Passport Sanity Act Vance press release site:senate.gov,,,senate.gov,,US,senate.gov
187,prompt3_repetition0_medium,JD Vance,values,Senator JD Vance press release condemn antisemitism 2023 site:senate.gov,,,senate.gov,,US,senate.gov
206,prompt3_repetition2_medium,JD Vance,values,JD Vance statement Uyghur genocide 2024 2025 site:senate.gov,,,senate.gov,,US,senate.gov
469,prompt9_repetition2_medium,Kamala Harris,values,Senator Kamala Harris Dream Act cosponsor press release site:senate.gov,,,senate.gov,,US,senate.gov
556,prompt11_repetition4_medium,Bernie Sanders,values,site:senate.gov Roll Call Votes 111th Congress 2nd Session HR 2965 2010,,,senate.gov,,US,senate.gov
822,prompt17_repetition0_medium,Mike Johnson,values,speaker.gov Mike Johnson International Religious Freedom Summit remarks site:speaker.gov,,,speaker.gov,,US,speaker.gov
831,prompt17_repetition1_medium,Mike Johnson,values,speaker.gov Mike Johnson statement antisemitism awareness act May 2024 site:speaker.gov,,,speaker.gov,,US,speaker.gov
832,prompt17_repetition1_medium,Mike Johnson,values,H.Res. 771 118th Congress Standing with Israel Johnson first act as Speaker statement Oct 2023 Speaker.gov,,,speaker.gov,,US,speaker.gov
868,prompt17_repetition4_medium,Mike Johnson,values,Speaker Mike Johnson statement human rights dignity 'sanctity of life' official 'speaker.gov',,,speaker.gov,,US,speaker.gov
869,prompt17_repetition4_medium,Mike Johnson,values,speaker.gov Mike Johnson remarks International Religious Freedom Summit 2024 speaker.gov,,,speaker.gov,,US,speaker.gov
669,prompt15_repetition0_medium,Joe Biden,values,"Secretary Blinken Khashoggi Ban visa restrictions February 26, 2021 site:state.gov",,,state.gov,,US,state.gov
688,prompt15_repetition1_medium,Joe Biden,values,Welcome Corps State Department private sponsorship of refugees 2023 fact sheet site:state.gov,,,state.gov,,US,state.gov
697,prompt15_repetition2_medium,Joe Biden,values,"U.S. Department of State 'Khashoggi Ban' fact sheet February 26, 2021 site:state.gov",,,state.gov,,US,state.gov
721,prompt15_repetition3_medium,Joe Biden,values,U.S. Department of State 2023 Country Reports on Human Rights Practices site:state.gov,,,state.gov,,US,state.gov
67,prompt0_repetition4_medium,Donald Trump,disregards,United States withdraws from UN Human Rights Council 2018 statement Mike Pompeo Nikki Haley site:state.gov 2018 Human Rights Council withdrawal,,,state.gov ,,US,state.gov
68,prompt0_repetition4_medium,Donald Trump,disregards,"site:state.gov Remarks on the UN Human Rights Council June 19, 2018 Pompeo Haley transcript",,,state.gov ,,US,state.gov
628,prompt14_repetition1_medium,Joe Biden,disregards,site:state.gov NSM-20 report to Congress May 2024 Israel international humanitarian law,,,state.gov ,,US,state.gov
646,prompt14_repetition3_medium,Joe Biden,disregards,state.gov NSM-20 Report to Congress Israel May 2024 PDF site:state.gov,,,state.gov ,,US,state.gov
660,prompt14_repetition4_medium,Joe Biden,disregards,State Department NSM-20 report pdf site:state.gov May 2024 NSM-20 report to Congress,,,state.gov ,,US,state.gov
670,prompt15_repetition0_medium,Joe Biden,values,"site:state.gov ""Khashoggi Ban"" 2021 Blinken visa restrictions",,,state.gov ,,US,state.gov
682,prompt15_repetition1_medium,Joe Biden,values,Secretary Blinken crimes against humanity determination Russia Ukraine 2023 State.gov press statement,,,state.gov ,,US,state.gov
683,prompt15_repetition1_medium,Joe Biden,values,state.gov press statement crimes against humanity in Ukraine Blinken February 2023 site:state.gov,,,state.gov ,,US,state.gov
684,prompt15_repetition1_medium,Joe Biden,values,"Crimes Against Humanity in Ukraine Press Statement Antony J. Blinken February 18, 2023 site:state.gov press statement",,,state.gov ,,US,state.gov
685,prompt15_repetition1_medium,Joe Biden,values,2023 Country Reports on Human Rights Practices site:state.gov March 2024 press release,,,state.gov ,,US,state.gov
691,prompt15_repetition1_medium,Joe Biden,values,Khashoggi Ban visa restrictions 76 Saudis Blinken press statement site:state.gov 2021,,,state.gov ,,US,state.gov
692,prompt15_repetition1_medium,Joe Biden,values,State Department 'Khashoggi Ban' 76 individuals 2021 site:state.gov press statement,,,state.gov ,,US,state.gov
704,prompt15_repetition2_medium,Joe Biden,values,state.gov 'Khashoggi Ban' fact sheet site:state.gov 2021,,,state.gov ,,US,state.gov
141,prompt2_repetition1_medium,JD Vance,disregards,site:vance.senate.gov press release Passport Sanity Act,,,vance.senate.gov,,US,senate.gov
167,prompt2_repetition3_medium,JD Vance,disregards,vance.senate.gov press release Protect Children's Innocence Act 2023 Vance introduces legislation to ban gender-affirming care for minors,,,vance.senate.gov,,US,senate.gov
169,prompt2_repetition3_medium,JD Vance,disregards,vance senate press release gender-affirming care minors bill 'Protect Children's Innocence Act' site:vance.senate.gov,,,vance.senate.gov,,US,senate.gov
188,prompt3_repetition0_medium,JD Vance,values,Vance East Palestine Railway Safety Act human rights framing press release vance.senate.gov,,,vance.senate.gov,,US,senate.gov
211,prompt3_repetition2_medium,JD Vance,values,Railway Safety Act of 2023 Vance Brown bipartisan press release site:vance.senate.gov,,,vance.senate.gov,,US,senate.gov
598,prompt13_repetition2_medium,Elizabeth Warren,values,site:warren.senate.gov Equality Act Warren cosponsor,,,warren.senate.gov,,US,senate.gov
607,prompt13_repetition3_medium,Elizabeth Warren,values,Warren cosponsor Equality Act press release site:warren.senate.gov,,,warren.senate.gov,,US,senate.gov
475,prompt9_repetition3_medium,Kamala Harris,values,White House fact sheet reproductive health care access task force Vice President Harris statements 2024 site:whitehouse.gov,,,whitehouse.gov,,US,whitehouse.gov
476,prompt9_repetition3_medium,Kamala Harris,values,"site:whitehouse.gov ""Vice President Harris"" voting rights assignment 2021 White House",,,whitehouse.gov,,US,whitehouse.gov
647,prompt14_repetition3_medium,Joe Biden,disregards,whitehouse.gov National Security Memorandum 20 text,,,whitehouse.gov,,US,whitehouse.gov
723,prompt15_repetition4_medium,Joe Biden,values,"White House executive order advancing racial equity January 20, 2021 site:whitehouse.gov",,,whitehouse.gov,,US,whitehouse.gov
726,prompt15_repetition4_medium,Joe Biden,values,"Uyghur Forced Labor Prevention Act signed December 23, 2021 Biden statement site:whitehouse.gov",,,whitehouse.gov,,US,whitehouse.gov
727,prompt15_repetition4_medium,Joe Biden,values,"Statement by President Joe Biden on Signing the Uyghur Forced Labor Prevention Act December 23, 2021 site:whitehouse.gov",,,whitehouse.gov,,US,whitehouse.gov
728,prompt15_repetition4_medium,Joe Biden,values,"Memorandum on Advancing the Human Rights of LGBTQI+ Persons Around the World February 4, 2021 site:whitehouse.gov",,,whitehouse.gov,,US,whitehouse.gov
729,prompt15_repetition4_medium,Joe Biden,values,"Statement by President Biden on Armenian Genocide April 24, 2021 site:whitehouse.gov",,,whitehouse.gov,,US,whitehouse.gov
730,prompt15_repetition4_medium,Joe Biden,values,National Security Memorandum-20 Conventional Arms Transfer policy International Humanitarian Law assurances February 2024 site:whitehouse.gov,,,whitehouse.gov,,US,whitehouse.gov
733,prompt15_repetition4_medium,Joe Biden,values,"Statement by President Biden on Armenian Remembrance Day April 24, 2021 site:archives.whitehouse.gov bidenwhitehouse",,,whitehouse.gov,,US,whitehouse.gov
735,prompt15_repetition4_medium,Joe Biden,values,"January 28, 2021 Memorandum on Protecting Women's Health at Home and Abroad Biden revoke Mexico City Policy archives whitehouse.gov",,,whitehouse.gov,,US,whitehouse.gov
738,prompt15_repetition4_medium,Joe Biden,values,"Presidential Determination on Refugee Admissions FY 2022 125,000 Biden site:whitehouse.gov",,,whitehouse.gov,,US,whitehouse.gov
177,prompt2_repetition4_medium,JD Vance,disregards,WHO Abortion care guideline 2022 PDF site:who.int,,,who.int,,US,who.int
281,prompt4_repetition4_medium,Marco Rubio,disregards,Marco Rubio Guantanamo keep open statement 2016 Rubio Guantanamo should be kept open quote ABC debate,,ABC News,,1.0,US,
155,prompt2_repetition2_medium,JD Vance,disregards,mass deportation human rights due process ACLU analysis 2024 2025,,ACLU,,1.0,US,
239,prompt4_repetition1_medium,Marco Rubio,disregards,ACLU USA Freedom Act Rubio vote privacy human rights,,ACLU,,0.0,US,
280,prompt4_repetition4_medium,Marco Rubio,disregards,ACLU Combating BDS Act First Amendment Rubio S.1 2019 ACLU statement,,ACLU,,1.0,US,
394,prompt8_repetition0_medium,Kamala Harris,disregards,Kamala Harris truancy law parents prosecuted California 2010 Penal Code 270.1 criticism ACLU,,ACLU,,1.0,US,
431,prompt8_repetition3_medium,Kamala Harris,disregards,ACLU California truancy law 2010 2011 Penal Code 270.1 critique,,ACLU,,1.0,US,
503,prompt10_repetition1_medium,Bernie Sanders,disregards,ACLU congressional scorecard Bernie Sanders 2020 2022 score,,ACLU,,1.0,US,
525,prompt11_repetition2_medium,Bernie Sanders,values,ACLU congressional scorecard Bernie Sanders 116th 117th,,ACLU,,0.0,US,
558,prompt11_repetition4_medium,Bernie Sanders,values,ACLU congressional scorecard Bernie Sanders 116th Congress score,,ACLU,,0.0,US,
561,prompt12_repetition2_medium,Elizabeth Warren,disregards,ACLU congressional scorecard Elizabeth Warren votes civil liberties,,ACLU,,0.0,US,
569,prompt12_repetition3_medium,Elizabeth Warren,disregards,ACLU congressional scorecard Elizabeth Warren,,ACLU,,0.0,US,
570,prompt12_repetition3_medium,Elizabeth Warren,disregards,ACLU scorecard Elizabeth Warren 117th Congress score,,ACLU,,0.0,US,
587,prompt13_repetition1_medium,Elizabeth Warren,values,ACLU congressional scorecard 118th Elizabeth Warren,,ACLU,,0.0,US,
592,prompt13_repetition2_medium,Elizabeth Warren,values,Elizabeth Warren human rights record votes ACLU scorecard 2024,,ACLU,,1.0,US,
602,prompt13_repetition3_medium,Elizabeth Warren,values,ACLU congressional scorecard Elizabeth Warren 117th Congress score,,ACLU,,0.0,US,
620,prompt14_repetition0_medium,Joe Biden,disregards,FISA Section 702 reauthorization 2024 signed by Biden ACLU criticism warrantless surveillance,,ACLU,,1.0,US,
648,prompt14_repetition3_medium,Joe Biden,disregards,Biden 2024 asylum rule border restrictions June 2024 ACLU lawsuit,,ACLU,,1.0,US,
661,prompt14_repetition4_medium,Joe Biden,disregards,FISA Section 702 reauthorization April 2024 final bill what changed civil liberties groups ACLU explainer,,ACLU,,1.0,US,
877,prompt18_repetition0_medium,Hakeem Jeffries,disregards,ACLU statement House passage FISA 702 April 2024 warrantless searches 212-212 amendment,,ACLU,,1.0,US,
888,prompt18_repetition1_medium,Hakeem Jeffries,disregards,ACLU 2024 FISA Section 702 House vote 7888 statement,,ACLU,,1.0,US,
654,prompt14_repetition3_medium,Joe Biden,disregards,Biden signs FISA Section 702 reauthorization 2024 civil liberties groups criticism warrantless surveillance ACLU EFF,,ACLU; EFF,,1.0,US,
184,prompt2_repetition4_medium,JD Vance,disregards,American Academy of Pediatrics gender-affirming care policy statement human rights,,American Academy of Pediatrics,,0.0,US,
5,prompt0_repetition0_medium,Donald Trump,disregards,Amnesty International travel ban discriminatory human rights Trump 2018 statement,,Amnesty,,1.0,US,
249,prompt4_repetition1_medium,Marco Rubio,disregards,Amnesty International death penalty human rights violation right to life,,Amnesty,,0.0,US,
254,prompt4_repetition1_medium,Marco Rubio,disregards,Amnesty International abortion is a human right,,Amnesty,,0.0,US,
262,prompt4_repetition2_medium,Marco Rubio,disregards,Amnesty International Guantanamo indefinite detention human rights violations report 2016 2020,,Amnesty,,1.0,US,
629,prompt14_repetition1_medium,Joe Biden,disregards,Amnesty International USA 2024/2025 report United States human rights Biden administration immigration asylum Gaza weapons Israel cluster munitions Ukraine,,Amnesty,,1.0,US,
772,prompt16_repetition2_medium,Mike Johnson,disregards,Amnesty International abortion is a human right,,Amnesty,,0.0,US,
481,prompt9_repetition3_medium,Kamala Harris,values,Kamala Harris officiates first same-sex marriage after Prop 8 Kris Perry Sandy Stier 2013 AP News,,AP News,,1.0,US,
495,prompt9_repetition4_medium,Kamala Harris,values,Biden tasks Kamala Harris with leading voting rights efforts June 2021 AP News,,AP News,,1.0,US,
624,prompt14_repetition0_medium,Joe Biden,disregards,Pentagon will not discipline personnel in Kabul drone strike 10 civilians AP News,1.0,AP News,,0.0,US,
776,prompt16_repetition2_medium,Mike Johnson,disregards,Mike Johnson amicus brief House Republicans Texas v. Pennsylvania 2020 AP News,,AP News,,1.0,US,
798,prompt16_repetition4_medium,Mike Johnson,disregards,Mike Johnson Speaker record abortion positions AP News,,AP News,,0.0,US,
804,prompt16_repetition4_medium,Mike Johnson,disregards,Mike Johnson amicus brief Texas v. Pennsylvania 126 House Republicans AP News,,AP News,,0.0,US,
842,prompt17_repetition2_medium,Mike Johnson,values,Who is Mike Johnson speaker profile AP News conservative views abortion same-sex marriage election 2020,,AP News,,1.0,US,
969,prompt19_repetition4_medium,Hakeem Jeffries,values,AP News First Step Act 2018 House co-author Hakeem Jeffries Doug Collins,,AP News,,1.0,US,
479,prompt9_repetition3_medium,Kamala Harris,values,Biden asks Vice President Harris to lead voting rights effort June 2021 Associated Press,,Associated Press,,1.0,US,
748,prompt16_repetition0_medium,Mike Johnson,disregards,Associated Press Mike Johnson led amicus brief House Republicans Texas v. Pennsylvania 126 House Republicans,,Associated Press,,0.0,US,
643,prompt14_repetition2_medium,Joe Biden,disregards,UN Security Council Resolution 2728 March 25 2024 ceasefire US abstains BBC,,BBC,,1.0,US,
237,prompt4_repetition1_medium,Marco Rubio,disregards,Marco Rubio 'stupid waste of time' Respect for Marriage Act Business Insider Manu Raju tweet,,Business Insider ,,0.0,US,
787,prompt16_repetition3_medium,Mike Johnson,disregards,Business Insider 125 House Republicans including Speaker Mike Johnson back Life at Conception bill without IVF exception,,Business Insider ,,0.0,US,
821,prompt17_repetition0_medium,Mike Johnson,values,C-SPAN Mike Johnson International Religious Freedom Summit 2024,,C-SPAN,,1.0,US,
168,prompt2_repetition3_medium,JD Vance,disregards,"CBS Face the Nation May 19, 2024 JD Vance interview transcript immigration deportations",,CBS,,1.0,US,
508,prompt10_repetition3_medium,Bernie Sanders,disregards,Bernie Sanders 60 Minutes Castro literacy programs interview transcript CBS February 2020,,CBS,,1.0,US,
541,prompt11_repetition3_medium,Bernie Sanders,values,Chicago Tribune arrest photo of young activist Bernie Sanders emerges from Tribune archives 2016,,Chicago Tribune,,1.0,US,
36,prompt0_repetition2_medium,Donald Trump,disregards,Donald Trump 'bring back waterboarding and much worse' rally quote January 2016 source transcript CNN,,CNN,,1.0,US,
745,prompt16_repetition0_medium,Mike Johnson,disregards,CNN Mike Johnson wrote 'homosexual relationships are inherently unnatural' Shreveport Times 2004,,CNN; Shreveport Times,,1.0,US,
759,prompt16_repetition1_medium,Mike Johnson,disregards,CNN Mike Johnson op-eds Shreveport Times homosexual relationships inherently unnatural Andrew Kaczynski,,CNN; Shreveport Times,,0.0,US,
784,prompt16_repetition3_medium,Mike Johnson,disregards,CNN KFile Mike Johnson harsh anti-gay language editorials Shreveport Times 2003 2004,,CNN; Shreveport Times,,1.0,US,
145,prompt2_repetition1_medium,JD Vance,disregards,Columbus Dispatch JD Vance opposes Respect for Marriage Act August 2022 'Ohio Senate race',,Columbus Dispatch,,1.0,US,
2,prompt0_repetition0_medium,Donald Trump,disregards,"Ms. L. v. U.S. Immigration and Customs Enforcement preliminary injunction order June 26, 2018 PDF courtlistener",,CourtListener,,1.0,US,
3,prompt0_repetition0_medium,Donald Trump,disregards,"Ms. L. v. U.S. Immigration and Customs Enforcement preliminary injunction June 26, 2018 CourtListener PDF 310 F. Supp. 3d 1133",,CourtListener,,1.0,US,
4,prompt0_repetition0_medium,Donald Trump,disregards,310 F. Supp. 3d 1133 preliminary injunction Ms. L. v. ICE PDF courtlistener 2018,,CourtListener,,1.0,US,
23,prompt0_repetition1_medium,Donald Trump,disregards,DHS OIG report Portland 2021 untrained personnel less-lethal munitions protests Oregon,,DHS OIG ,,1.0,US,
26,prompt0_repetition1_medium,Donald Trump,disregards,DHS OIG management alert dangerous overcrowding and prolonged detention at CBP facilities 2019 PDF,,DHS OIG ,,1.0,US,
28,prompt0_repetition2_medium,Donald Trump,disregards,DHS OIG report family separation 2019 report number children separated 2018 zero tolerance,,DHS OIG ,,1.0,US,
29,prompt0_repetition2_medium,Donald Trump,disregards,DHS Office of Inspector General report family separation 2019 OIG 'CBP' 'family units' 'reunification' official PDF,,DHS OIG ,,1.0,US,
30,prompt0_repetition2_medium,Donald Trump,disregards,DHS OIG report 'DHS Lacked Technology Needed to Successfully Account for Separated Migrant Families' PDF OIG-20-06,,DHS OIG ,,0.0,US,
6,prompt0_repetition0_medium,Donald Trump,disregards,Trump pardons Eddie Gallagher war crimes Navy SEAL restore rank 2019 DoD statement,,DoD,,1.0,US,
50,prompt0_repetition3_medium,Donald Trump,disregards,DOI Office of Inspector General report Lafayette Square June 1 2020 findings about clearing protestors for fencing not photo op,,DOI OIG,,1.0,US,
51,prompt0_repetition3_medium,Donald Trump,disregards,U.S. Department of the Interior Office of Inspector General report Review of U.S. Park Police Actions at Lafayette Park June 2021 pdf,,DOI OIG,,1.0,US,
1,prompt0_repetition0_medium,Donald Trump,disregards,DOJ OIG report zero tolerance family separation January 2021 pdf,,DOJ OIG,,1.0,US,
62,prompt0_repetition4_medium,Donald Trump,disregards,DOJ OIG Review of the Department of Justice's Planning and Implementation of Its Zero Tolerance Policy December 2020 PDF,,DOJ OIG,,1.0,US,
285,prompt4_repetition4_medium,Marco Rubio,disregards,EFF Marco Rubio USA Freedom Act criticism Rubio PATRIOT Act Section 215,,EFF,,0.0,US,
404,prompt8_repetition1_medium,Kamala Harris,disregards,Kamala Harris Backpage prosecution California attorney general 2016 charges dismissed refiled sex trafficking EFF criticism,,EFF,,1.0,US,
418,prompt8_repetition2_medium,Kamala Harris,disregards,EFF criticism FOSTA-SESTA harms sex workers safety 2018,,EFF,,1.0,US,
767,prompt16_repetition1_medium,Mike Johnson,disregards,EFF analysis Section 702 RISAA warrantless searches 2024 House vote H.R. 7888 Johnson,,EFF,,1.0,US,
774,prompt16_repetition2_medium,Mike Johnson,disregards,House passes FISA Section 702 renewal April 2024 Johnson warrant requirement blocked EFF analysis,,EFF,,1.0,US,
9,prompt0_repetition0_medium,Donald Trump,disregards,2025 Proclamation travel ban June 2025 Proclamation visa restrictions Trump Federal Register 2025 travel ban proclamation,,Federal Register,,1.0,US,
37,prompt0_repetition2_medium,Donald Trump,disregards,Executive Order 13928 Imposing Sanctions on International Criminal Court 2020 White House PDF federal register,,Federal Register,,1.0,US,
72,prompt1_repetition0_medium,Donald Trump,values,Executive Order 13818 addressing serious human rights abuse or corruption Federal Register December 2017,,Federal Register,,1.0,US,
76,prompt1_repetition0_medium,Donald Trump,values,"Executive Order 13818 Federal Register December 20, 2017 Blocking the Property of Persons Involved in Serious Human Rights Abuse or Corruption full text",,Federal Register,,1.0,US,
90,prompt1_repetition2_medium,Donald Trump,values,"Executive Order 13818 Global Magnitsky December 20, 2017 Federal Register",,Federal Register,,1.0,US,
91,prompt1_repetition2_medium,Donald Trump,values,Executive Order 13818 Blocking the Property of Persons Involved in Serious Human Rights Abuse or Corruption Federal Register,,Federal Register,,0.0,US,
111,prompt1_repetition4_medium,Donald Trump,values,Executive Order 13899 Combating Anti-Semitism 2019 Federal Register Title VI Trump,,Federal Register,,1.0,US,
725,prompt15_repetition4_medium,Joe Biden,values,Federal Register Executive Order 13985 Advancing Racial Equity and Support for Underserved Communities 86 FR 7009,,Federal Register,,0.0,US,
732,prompt15_repetition4_medium,Joe Biden,values,"Proclamation 10141 Ending Discriminatory Bans on Entry to The United States January 20, 2021 Federal Register",,Federal Register,,1.0,US,
383,prompt7_repetition4_medium,Alexandria Ocasio-Cortez,values,Roll Call 83 2019 House H.J.Res. 37 Yemen GovTrack,,GovTrack,,1.0,US,
386,prompt7_repetition4_medium,Alexandria Ocasio-Cortez,values,GovTrack H.J.Res. 37 (116th) Yemen War Powers House vote 83 Ocasio-Cortez vote,,GovTrack,,0.0,US,
516,prompt11_repetition0_medium,Bernie Sanders,values,House Roll 398 2001 vote 107th Congress H.R.3162 roll call 398 names GovTrack,,GovTrack,,1.0,US,
536,prompt11_repetition3_medium,Bernie Sanders,values,GovTrack H.R.3162 (107th) USA PATRIOT Act vote House 2001 Sanders vote,,GovTrack,,1.0,US,
537,prompt11_repetition3_medium,Bernie Sanders,values,GovTrack vote 398 2001 H.R.3162 House Roll 398 names 66 nays list,,GovTrack,,1.0,US,
548,prompt11_repetition4_medium,Bernie Sanders,values,H.R. 3396 Defense of Marriage Act 1996 House Roll Call 316 GovTrack Sanders vote,,GovTrack,,1.0,US,
549,prompt11_repetition4_medium,Bernie Sanders,values,Defense of Marriage Act roll call 316 House 1996 GovTrack Sanders vote Nay,,GovTrack,,1.0,US,
551,prompt11_repetition4_medium,Bernie Sanders,values,GovTrack roll 398 House 2001 Patriot Act Sanders vote,,GovTrack,,1.0,US,
563,prompt12_repetition2_medium,Elizabeth Warren,disregards,GovTrack Elizabeth Warren voting record civil liberties,,GovTrack,,0.0,US,
575,prompt13_repetition0_medium,Elizabeth Warren,values,GovTrack S.J.Res.4 118th Equal Rights Amendment cosponsors Warren,,GovTrack,,0.0,US,
856,prompt17_repetition3_medium,Mike Johnson,values,GovTrack vote 163 2023 Stop Forced Organ Harvesting Act 2023 yeas list Johnson,,GovTrack,,1.0,US,
874,prompt18_repetition0_medium,Hakeem Jeffries,disregards,GovTrack H.R. 6090 Antisemitism Awareness Act vote 172 how did Hakeem Jeffries vote,,GovTrack,,0.0,US,
903,prompt18_repetition3_medium,Hakeem Jeffries,disregards,GovTrack vote 118th House Roll no. 119 H.R. 7888 how did Hakeem Jeffries vote,,GovTrack,,0.0,US,
906,prompt18_repetition3_medium,Hakeem Jeffries,disregards,H.R. 7888 how did Hakeem Jeffries vote GovTrack roll call 119 2024 Jeffries,,GovTrack,,1.0,US,
928,prompt19_repetition1_medium,Hakeem Jeffries,values,GovTrack H.R.1155 117th House vote 412 2021 Jeffries,,GovTrack,,1.0,US,
965,prompt19_repetition4_medium,Hakeem Jeffries,values,GovTrack vote 117 H.R. 1155 roll call 412 Uyghur Forced Labor Prevention Act 2021 Jeffries vote,,GovTrack,,1.0,US,
233,prompt4_repetition0_medium,Marco Rubio,disregards,Rubio 'I would have voted no on this amendment' telegraphing to the enemy Guardian June 2015 Rubio torture amendment Guardian quote,,Guardian,,1.0,US,
788,prompt16_repetition3_medium,Mike Johnson,disregards,Guardian 'hard labor' for abortion providers Mike Johnson 2023,,Guardian,,1.0,US,
43,prompt0_repetition3_medium,Donald Trump,disregards,HHS OIG report separated children ORR 2019 report thousands more,,HHS OIG,,1.0,US,
603,prompt13_repetition3_medium,Elizabeth Warren,values,Elizabeth Warren HRC score 100 congressional scorecard,,Human Rights Campaign,,0.0,US,
264,prompt4_repetition2_medium,Marco Rubio,disregards,Human Rights Campaign Congress scorecard Marco Rubio 117th 2022 score,,Human Rights Campaign ,,1.0,US,
351,prompt7_repetition1_medium,Alexandria Ocasio-Cortez,values,Human Rights Campaign Congressional Scorecard Alexandria Ocasio-Cortez 117th 118th 100%,,Human Rights Campaign ,,0.0,US,
385,prompt7_repetition4_medium,Alexandria Ocasio-Cortez,values,Human Rights Campaign Congressional Scorecard Alexandria Ocasio-Cortez 117th,,Human Rights Campaign ,,0.0,US,
576,prompt13_repetition0_medium,Elizabeth Warren,values,Human Rights Campaign scorecard Elizabeth Warren 117th Congress 100%,,Human Rights Campaign ,,0.0,US,
589,prompt13_repetition1_medium,Elizabeth Warren,values,Human Rights Campaign Congressional Scorecard 118th Elizabeth Warren 100% PDF,,Human Rights Campaign ,,0.0,US,
593,prompt13_repetition2_medium,Elizabeth Warren,values,Human Rights Campaign Congressional Scorecard Elizabeth Warren 2022 2024,,Human Rights Campaign ,,1.0,US,
613,prompt13_repetition4_medium,Elizabeth Warren,values,Human Rights Campaign Congressional Scorecard Elizabeth Warren 117th 118th 100%,,Human Rights Campaign ,,0.0,US,
780,prompt16_repetition2_medium,Mike Johnson,disregards,Human Rights Campaign Stop the Sexualization of Children Act Johnson press release 2022 H.R. 9197,,Human Rights Campaign ,,1.0,US,
935,prompt19_repetition1_medium,Hakeem Jeffries,values,Human Rights Campaign Congressional Scorecard Hakeem Jeffries 117th 118th 119th,,Human Rights Campaign ,,0.0,US,
941,prompt19_repetition2_medium,Hakeem Jeffries,values,Human Rights Campaign Congressional Scorecard Hakeem Jeffries 117th 118th score,,Human Rights Campaign ,,0.0,US,
12,prompt0_repetition0_medium,Donald Trump,disregards,Migrant Protection Protocols Remain in Mexico human rights violations Human Rights Watch report 2020,,Human Rights Watch,,1.0,US,
18,prompt0_repetition1_medium,Donald Trump,disregards,Human Rights Watch US Remain in Mexico harms asylum seekers 2019 report,,Human Rights Watch,,1.0,US,
20,prompt0_repetition1_medium,Donald Trump,disregards,Trump pardons war crimes Eddie Gallagher Clint Lorance Human Rights Watch 2019 statement,,Human Rights Watch,,1.0,US,
22,prompt0_repetition1_medium,Donald Trump,disregards,Protecting Life in Global Health Assistance expansion impact report Human Rights Watch 2020 Mexico City Policy Trump expanded global gag rule harms women's health,,Human Rights Watch,,1.0,US,
25,prompt0_repetition1_medium,Donald Trump,disregards,Human Rights Watch Trump pardons war crimes Lorance Golsteyn Gallagher undermine laws of war 2019,,Human Rights Watch,,1.0,US,
34,prompt0_repetition2_medium,Donald Trump,disregards,Migrant Protection Protocols Remain in Mexico human rights abuses Human Rights Watch report 2020 MPP violence victims numbers,,Human Rights Watch,,1.0,US,
45,prompt0_repetition3_medium,Donald Trump,disregards,Human Rights Watch report US 'Remain in Mexico' harms asylum seekers 2020 HRW,,Human Rights Watch,,1.0,US,
156,prompt2_repetition2_medium,JD Vance,disregards,Human Rights Watch gender-affirming care bans violate human rights United States 2023 2024,,Human Rights Watch,,1.0,US,
170,prompt2_repetition3_medium,JD Vance,disregards,Human Rights Watch transgender youth healthcare bans human rights analysis United States 2023 2024,,Human Rights Watch,,1.0,US,
241,prompt4_repetition1_medium,Marco Rubio,disregards,Human Rights Watch Guantanamo indefinite detention human rights violations,,Human Rights Watch,,0.0,US,
242,prompt4_repetition1_medium,Marco Rubio,disregards,Human Rights Watch Guantanamo arbitrary detention human rights 2016 statement,,Human Rights Watch,,1.0,US,
252,prompt4_repetition1_medium,Marco Rubio,disregards,Human Rights Watch marriage equality human rights,,Human Rights Watch,,0.0,US,
282,prompt4_repetition4_medium,Marco Rubio,disregards,Human Rights Watch Rubio BDS Act free speech First Amendment anti-boycott laws US Congress 2019,,Human Rights Watch,,1.0,US,
504,prompt10_repetition1_medium,Bernie Sanders,disregards,Human Rights Watch Bernie Sanders Yemen resolution statement 2019,,Human Rights Watch,,1.0,US,
617,prompt14_repetition0_medium,Joe Biden,disregards,Human Rights Watch World Report 2025 United States section Biden administration human rights,,Human Rights Watch,,1.0,US,
630,prompt14_repetition1_medium,Joe Biden,disregards,Human Rights Watch cluster munitions Ukraine 2023 Biden decision transfer statement July 2023,,Human Rights Watch,,1.0,US,
637,prompt14_repetition2_medium,Joe Biden,disregards,Human Rights Watch report U.S. arms transfers Israel Gaza 2024 complicity,,Human Rights Watch,,1.0,US,
641,prompt14_repetition2_medium,Joe Biden,disregards,HRW starvation as a method of warfare Gaza 2023 2024 report,,Human Rights Watch,,1.0,US,
644,prompt14_repetition3_medium,Joe Biden,disregards,Human Rights Watch critique Biden Gaza arms transfers NSM-20 2024 report,,Human Rights Watch,,1.0,US,
657,prompt14_repetition4_medium,Joe Biden,disregards,Human Rights Watch statement July 2023 U.S. decision to transfer cluster munitions to Ukraine civilian harm,,Human Rights Watch,,1.0,US,
662,prompt14_repetition4_medium,Joe Biden,disregards,Guantanamo detainees remaining 2025 number Biden administration status Human Rights Watch report 2025,,Human Rights Watch,,1.0,US,
690,prompt15_repetition1_medium,Joe Biden,values,Human Rights Watch Biden human rights record 2024 report United States,,Human Rights Watch,,1.0,US,
764,prompt16_repetition1_medium,Mike Johnson,disregards,Human Rights Watch analysis HR 2 Secure the Border Act human rights asylum 2023,,Human Rights Watch,,1.0,US,
778,prompt16_repetition2_medium,Mike Johnson,disregards,Human Rights Watch H.R. 2 Secure the Border Act 2023 human rights asylum analysis,,Human Rights Watch,,1.0,US,
779,prompt16_repetition2_medium,Mike Johnson,disregards,Human Rights Watch H.R. 2 Secure the Border Act human rights watch 2023 HR 2,,Human Rights Watch,,1.0,US,
650,prompt14_repetition3_medium,Joe Biden,disregards,Biden decision send anti-personnel landmines to Ukraine 2024 human rights groups response HRW Amnesty,,Human Rights Watch; Amnesty,,1.0,US,
137,prompt2_repetition1_medium,JD Vance,disregards,At 2021 O.C. event JD Vance said divorces after unhappy 'even violent' marriages didn‚Äôt work out for the kids Los Angeles Times,,Los Angeles Times,,1.0,US,
392,prompt8_repetition0_medium,Kamala Harris,disregards,Kamala Harris opposes statewide body camera mandate 2015 Los Angeles Times attorney general,,Los Angeles Times,,1.0,US,
395,prompt8_repetition0_medium,Kamala Harris,disregards,Kamala Harris death penalty San Francisco DA 2004 refused death penalty officer Isaac Espinoza Los Angeles Times,,Los Angeles Times,,1.0,US,
411,prompt8_repetition2_medium,Kamala Harris,disregards,LA Times 2014 Harris prison labor filing early release fire camp participation dangerous outcome quote September 2014 filing,,Los Angeles Times,,1.0,US,
427,prompt8_repetition3_medium,Kamala Harris,disregards,Los Angeles Times Harris office argued against early release prison labor 2014 LA Times article,,Los Angeles Times,,1.0,US,
435,prompt8_repetition4_medium,Kamala Harris,disregards,Los Angeles Times Harris office argued inmate labor fire camps 2014 court filing 'severely impact fire camp participation' Harris shocked Buzzfeed interview,,Los Angeles Times,,1.0,US,
480,prompt9_repetition3_medium,Kamala Harris,values,Kamala Harris San Francisco district attorney death penalty refused to seek 2004 officer Espinoza case Los Angeles Times,,Los Angeles Times,,1.0,US,
130,prompt2_repetition0_medium,JD Vance,disregards,JD Vance I'll stop calling people groomers when they stop freaking out about bills tweet April 2022 Mediaite,,Mediaite,,1.0,US,
131,prompt2_repetition0_medium,JD Vance,disregards,Mediaite Vance groomers April 2022 'I'll stop calling people groomers' Vance Tucker Carlson interview,,Mediaite,,1.0,US,
886,prompt18_repetition1_medium,Hakeem Jeffries,disregards,Hakeem Jeffries oppose Gaza ceasefire 2023 MSNBC interview quote,,MSNBC,,1.0,US,
895,prompt18_repetition2_medium,Hakeem Jeffries,disregards,Hakeem Jeffries oppose ceasefire 2023 MSNBC quote oppose ceasefire October 2023 Jeffries,,MSNBC,,1.0,US,
38,prompt0_repetition2_medium,Donald Trump,disregards,Trump pardons Eddie Gallagher Clint Lorance Mathew Golsteyn 2019 New York Times Pentagon reaction Navy Secretary fired Esper Navy SEALs pardons,1.0,New York Times ,,1.0,US,
48,prompt0_repetition3_medium,Donald Trump,disregards,Trump pardons Eddie Gallagher Clint Lorance Mathew Golsteyn 2019 New York Times report,,New York Times ,,1.0,US,
238,prompt4_repetition1_medium,Marco Rubio,disregards,Marco Rubio New York Times op-ed NSA phone records program 2015 Rubio metadata,,New York Times ,,1.0,US,
271,prompt4_repetition3_medium,Marco Rubio,disregards,Marco Rubio waterboarding position 2016 debate statement New York Times,,New York Times ,,1.0,US,
393,prompt8_repetition0_medium,Kamala Harris,disregards,Kamala Harris top cop New York Times Magazine 2016 Lara Bazelon wrongful convictions technicalities kept in prison quote specific cases Daniel Larsen George Gage Kevin Cooper?,,New York Times ,,1.0,US,
413,prompt8_repetition2_medium,Kamala Harris,disregards,Kamala Harris Kevin Cooper DNA testing Harris AG opposed later supported 2018 New York Times,,New York Times ,,1.0,US,
437,prompt8_repetition4_medium,Kamala Harris,disregards,Kamala Harris George Gage case Harris office opposed relief procedural default New York Times Magazine 2016 Bazelon,,New York Times ,,1.0,US,
438,prompt8_repetition4_medium,Kamala Harris,disregards,New York Times Magazine 2016 Kamala Harris top cop Emily Bazelon George Gage Daniel Larsen article,,New York Times ,,1.0,US,
484,prompt9_repetition4_medium,Kamala Harris,values,Kamala Harris Rand Paul op-ed end cash bail 2017 New York Times,,New York Times ,,1.0,US,
489,prompt9_repetition4_medium,Kamala Harris,values,"Kamala Harris Rand Paul New York Times op-ed end cash bail 2017 'To Shrink Jails, End Cash Bail'",,New York Times ,,1.0,US,
512,prompt10_repetition3_medium,Bernie Sanders,disregards,Bernie Sanders conditions on Israel aid human rights op-ed New York Times 2019 2020,,New York Times ,,1.0,US,
746,prompt16_repetition0_medium,Mike Johnson,disregards,New York Times Mike Johnson architect of Electoral College objections 'constitutional infirmity' quote,,New York Times ,,0.0,US,
757,prompt16_repetition1_medium,Mike Johnson,disregards,New York Times Supreme Court rejects Texas suit seeking to subvert election Adam Liptak December 11 2020,,New York Times ,,1.0,US,
66,prompt0_repetition4_medium,Donald Trump,disregards,Trump pardons war crimes Eddie Gallagher Clint Lorance Matthew Golsteyn 2019 Pentagon reaction law of war concerns cite NYT or DoD statement,1.0,New York Times; DoD,,1.0,US,
795,prompt16_repetition3_medium,Mike Johnson,disregards,Reuters profile Mike Johnson views election 2020 amicus brief Republicans architect objections New York Times quote,,New York Times; Reuters,,1.0,US,
807,prompt16_repetition4_medium,Mike Johnson,disregards,House passes John Lewis Voting Rights Act vote 219-212 all Republicans opposed NPR August 24 2021,,NPR,,1.0,US,
10,prompt0_repetition0_medium,Donald Trump,disregards,OHCHR family separation United States statement 2018 'serious violation' rights of the child,,OHCHR,,1.0,US,
15,prompt0_repetition1_medium,Donald Trump,disregards,OHCHR UN condemns US family separation policy 2018 statement,,OHCHR,,1.0,US,
16,prompt0_repetition1_medium,Donald Trump,disregards,OHCHR USA must stop separating children at the border press briefing notes June 2018 OHCHR,,OHCHR,,1.0,US,
17,prompt0_repetition1_medium,Donald Trump,disregards,UN experts condemn U.S. travel ban discriminatory 2017 OHCHR,,OHCHR,,1.0,US,
32,prompt0_repetition2_medium,Donald Trump,disregards,OHCHR statement US must immediately halt family separation 'cruel inhuman' 2018 UN human rights office,,OHCHR,,1.0,US,
33,prompt0_repetition2_medium,Donald Trump,disregards,OHCHR 'United States must immediately halt family separation' 2018 statement 'cruel inhuman' 'immigration detention' 'children',,OHCHR,,1.0,US,
44,prompt0_repetition3_medium,Donald Trump,disregards,OHCHR statement family separation United States arbitrary unlawful 2018 Trump,,OHCHR,,1.0,US,
55,prompt0_repetition3_medium,Donald Trump,disregards,OHCHR condemns US travel ban discrimination 2017 UN experts statement muslim ban human rights,,OHCHR,,1.0,US,
56,prompt0_repetition3_medium,Donald Trump,disregards,OHCHR family separation United States June 2018 statement 'serious violation' Ravina Shamdasani children rights,,OHCHR,,1.0,US,
127,prompt2_repetition0_medium,JD Vance,disregards,UN human rights reproductive rights are human rights statement 2023 UNFPA OHCHR,,OHCHR,,1.0,US,
128,prompt2_repetition0_medium,JD Vance,disregards,UN arbitrary deprivation of life extrajudicial execution human rights law prohibition due process Minnesota Protocol overview OHCHR,,OHCHR,,0.0,US,
146,prompt2_repetition1_medium,JD Vance,disregards,OHCHR safe abortion is a human right statement 2022,,OHCHR,,1.0,US,
147,prompt2_repetition1_medium,JD Vance,disregards,OHCHR 'abortion is a human right' statement 2022 2023 UN Human Rights Office,,OHCHR,,1.0,US,
150,prompt2_repetition1_medium,JD Vance,disregards,OHCHR legal gender recognition human rights identity documents recognition before the law 2018 2020 UN Free & Equal,,OHCHR,,1.0,US,
182,prompt2_repetition4_medium,JD Vance,disregards,OHCHR experts gender-affirming care bans human rights violations 2023 2024,,OHCHR,,1.0,US,
773,prompt16_repetition2_medium,Mike Johnson,disregards,OHCHR LGBT rights are human rights Born Free and Equal guidance,,OHCHR,,0.0,US,
793,prompt16_repetition3_medium,Mike Johnson,disregards,OHCHR ICCPR Article 25 participation right to vote text,,OHCHR,,0.0,US,
809,prompt16_repetition4_medium,Mike Johnson,disregards,OHCHR LGBT rights human rights non-discrimination statements international standards,,OHCHR,,0.0,US,
61,prompt0_repetition4_medium,Donald Trump,disregards,U.N. calls U.S. child separation at border 'violation' Reuters June 2018 OHCHR Shamdasani,,OHCHR; Reuters,,1.0,US,
232,prompt4_repetition0_medium,Marco Rubio,disregards,Politico GOP candidates on anti-torture law Rubio opposed McCain-Feinstein amendment quote,,Politico,,0.0,US,
971,prompt19_repetition4_medium,Hakeem Jeffries,values,Politico House clears Trump-backed criminal justice reform First Step Act lead Democratic sponsor Hakeem Jeffries,,Politico,,0.0,US,
401,prompt8_repetition1_medium,Kamala Harris,disregards,Politifact Kamala Harris truancy law parents jail San Francisco office no parents jailed claim fact-check,,Politifact,,0.0,US,
70,prompt0_repetition4_medium,Donald Trump,disregards,Trump issues new travel ban 2025 Reuters,,Reuters,,1.0,US,
107,prompt1_repetition3_medium,Donald Trump,values,Reuters Trump signs Uyghur Human Rights Policy Act June 17 2020,,Reuters,,1.0,US,
163,prompt2_repetition3_medium,JD Vance,disregards,Reuters JD Vance Haitian immigrants Springfield comments 2024,,Reuters,,1.0,US,
179,prompt2_repetition4_medium,JD Vance,disregards,Vice President J.D. Vance Vatican immigration meeting 2025 Reuters,,Reuters,,1.0,US,
180,prompt2_repetition4_medium,JD Vance,disregards,J.D. Vance I don't really care what happens to Ukraine one way or the other source 2022 Reuters Cincinnati Enquirer War Room podcast,,Reuters,,1.0,US,
294,prompt5_repetition0_medium,Marco Rubio,values,China sanctions Marco Rubio 2020 Xinjiang sanctions Reuters,,Reuters,,1.0,US,
387,prompt8_repetition0_medium,Kamala Harris,disregards,Kamala Harris prison labor argument 2014 filing release inmates would affect prison labor Reuters,,Reuters,,1.0,US,
396,prompt8_repetition0_medium,Kamala Harris,disregards,Kamala Harris ceasefire Gaza speech March 3 2024 Selma call for immediate ceasefire Reuters,,Reuters,,1.0,US,
478,prompt9_repetition3_medium,Kamala Harris,values,Biden assigns Vice President Kamala Harris to lead voting rights effort June 2021 Reuters,,Reuters,,1.0,US,
482,prompt9_repetition3_medium,Kamala Harris,values,Kamala Harris war crimes Ukraine statement Munich Security Conference 2023 Reuters,,Reuters,,1.0,US,
496,prompt9_repetition4_medium,Kamala Harris,values,"Reuters Biden taps Harris to lead voting rights June 1, 2021 Reuters",,Reuters,,1.0,US,
565,prompt12_repetition2_medium,Elizabeth Warren,disregards,Elizabeth Warren conditions on Israel aid Gaza 2023 Reuters,,Reuters,,1.0,US,
625,prompt14_repetition0_medium,Joe Biden,disregards,Biden administration arms sales to Saudi Arabia 2024 2023 despite human rights concerns Reuters,,Reuters,,1.0,US,
626,prompt14_repetition0_medium,Joe Biden,disregards,Judge strikes down parts of Biden asylum rule May 2025 Reuters D.C. District Court,,Reuters,,1.0,US,
635,prompt14_repetition1_medium,Joe Biden,disregards,United States pauses bomb shipment to Israel May 2024 2000-pound bombs Reuters May 2024 pause shipment Rafah,,Reuters,,1.0,US,
636,prompt14_repetition1_medium,Joe Biden,disregards,United States returns to UN Human Rights Council 2021 Reuters,,Reuters,,1.0,US,
651,prompt14_repetition3_medium,Joe Biden,disregards,Biden administration arms sales Saudi Arabia 2024 2025 rights groups Yemen concerns Reuters,,Reuters,,1.0,US,
652,prompt14_repetition3_medium,Joe Biden,disregards,Reuters 2021 $650 million sale air-to-air missiles to Saudi Arabia Biden administration,,Reuters,,1.0,US,
686,prompt15_repetition1_medium,Joe Biden,values,"Biden pauses shipment of 2,000-pound bombs to Israel May 2024 Reuters",,Reuters,,1.0,US,
722,prompt15_repetition3_medium,Joe Biden,values,"Biden administration keeps Title 42 in place 2022 2023 Supreme Court, DHS updates Reuters",,Reuters,,1.0,US,
752,prompt16_repetition0_medium,Mike Johnson,disregards,House passes FISA Section 702 reauthorization April 2024 two-year extension Johnson support Reuters,,Reuters,,1.0,US,
857,prompt17_repetition3_medium,Mike Johnson,values,Reuters Johnson defies hardliners to advance Ukraine aid April 2024 House passes Ukraine funding Johnson quotes,,Reuters,,1.0,US,
863,prompt17_repetition4_medium,Mike Johnson,values,House passes Ukraine aid April 2024 Johnson overcame GOP opposition Reuters,,Reuters,,1.0,US,
896,prompt18_repetition2_medium,Hakeem Jeffries,disregards,House passes Uyghur Forced Labor Prevention Act 428-1 Reuters December 2021,,Reuters,,1.0,US,
905,prompt18_repetition3_medium,Hakeem Jeffries,disregards,federal court ruling backdoor searches unconstitutional Hasbajrami January 2025 Reuters,,Reuters,,1.0,US,
425,prompt8_repetition3_medium,Kamala Harris,disregards,"Sacramento Bee May 27, 2015 Harris statewide body cameras quote I don't think we can have a one-size-fits-all approach",,Sacramento Bee,,1.0,US,
441,prompt8_repetition4_medium,Kamala Harris,disregards,Sacramento Bee fact check Did Kamala Harris block DNA testing that would free inmates Kevin Cooper 2020 fact check,,Sacramento Bee,,1.0,US,
758,prompt16_repetition1_medium,Mike Johnson,disregards,Mike Johnson same-sex marriage views alliance defense fund quotes homosexuality unnatural column Shreveport Times,,Shreveport Times,,0.0,US,
781,prompt16_repetition2_medium,Mike Johnson,disregards,Mike Johnson 2004 column homosexual unnatural Shreveport Times op-ed,,Shreveport Times,,1.0,US,
119,prompt2_repetition0_medium,JD Vance,disregards,JD Vance rape incest exceptions abortion 2021 interview Spectrum News Ohio,,Spectrum News ,,1.0,US,
160,prompt2_repetition3_medium,JD Vance,disregards,J.D. Vance rape incest exceptions abortion 'two wrongs make a right' 2021 interview Spectrum News Ohio,,Spectrum News ,,1.0,US,
173,prompt2_repetition4_medium,JD Vance,disregards,Spectrum News 1 Curtis Jackson interview J.D. Vance September 2021 rape incest exceptions transcript,,Spectrum News ,,1.0,US,
138,prompt2_repetition1_medium,JD Vance,disregards,September 2021 JD Vance 'two wrongs don't make a right' rape incest exceptions interview Spectrum News 'Fox 8' 'Cincinnati Enquirer' 'Catholic Vote',,Spectrum News; Fox 8; Cincinnati Enquirer; Catholic Vote,,1.0,US,
49,prompt0_repetition3_medium,Donald Trump,disregards,"White House statement clemency Clint Lorance Mathew Golsteyn November 15, 2019 statement of the Press Secretary",,Statement of the Press Secretary,,1.0,US,
405,prompt8_repetition1_medium,Kamala Harris,disregards,Lara Bazelon Kamala Harris wrongful convictions The Appeal op-ed record 'weaponized technicalities',,The Appeal,,0.0,US,
972,prompt19_repetition4_medium,Hakeem Jeffries,values,The Hill First Step Act lead Democratic sponsor Hakeem Jeffries 2018,,The Hill,,1.0,US,
887,prompt18_repetition1_medium,Hakeem Jeffries,disregards,The Hill Jeffries ceasefire November 2023 Jeffries says no ceasefire Hamas must release hostages,,The Hill ,,1.0,US,
8,prompt0_repetition0_medium,Donald Trump,disregards,UNHCR Title 42 violates refugee law statement 2020 'non-refoulement' United States,,UNHCR,,1.0,US,
19,prompt0_repetition1_medium,Donald Trump,disregards,UNHCR statement Title 42 expulsions asylum violate non-refoulement 2020,,UNHCR,,1.0,US,
63,prompt0_repetition4_medium,Donald Trump,disregards,UNHCR position on Migrant Protection Protocols Remain in Mexico human rights concerns 2019 UNHCR statement,,UNHCR,,1.0,US,
638,prompt14_repetition2_medium,Joe Biden,disregards,UNHCR comments on U.S. June 2024 asylum rule proclamation Biden concerns,,UNHCR,,1.0,US,
658,prompt14_repetition4_medium,Joe Biden,disregards,UNHCR legal observations on U.S. asylum Circumvention of Lawful Pathways rule 2023 UNHCR USA comment,,UNHCR,,1.0,US,
125,prompt2_repetition0_medium,JD Vance,disregards,UDHR Article 15 right to nationality text United Nations,,United Nations,,0.0,US,
158,prompt2_repetition2_medium,JD Vance,disregards,United Nations human rights abortion access is human rights UN experts statement United States 2022 2023,,United Nations,,1.0,US,
171,prompt2_repetition3_medium,JD Vance,disregards,Universal Declaration of Human Rights Article 12 privacy Article 16 family Article 25 health Article 14 asylum UN,,United Nations,,0.0,US,
176,prompt2_repetition4_medium,JD Vance,disregards,UN human rights reproductive rights are human rights ICCPR general comment abortion,,United Nations,,0.0,US,
245,prompt4_repetition1_medium,Marco Rubio,disregards,UDHR Article 21 voting participation right United Nations,,United Nations,,0.0,US,
247,prompt4_repetition1_medium,Marco Rubio,disregards,UDHR Article 14 right to seek asylum United Nations,,United Nations,,0.0,US,
267,prompt4_repetition2_medium,Marco Rubio,disregards,UN Human Rights Committee General Comment No. 36 right to life abortion restrictions violate rights paragraph 8 2018,,United Nations,,1.0,US,
546,prompt11_repetition3_medium,Bernie Sanders,values,Universal Declaration of Human Rights Article 23 right to form and join trade unions UN,,United Nations,,0.0,US,
813,prompt16_repetition4_medium,Mike Johnson,disregards,ICCPR Article 25 right to participate in public affairs official UN pdf,,United Nations,,0.0,US,
506,prompt10_repetition3_medium,Bernie Sanders,disregards,Bernie Sanders 1963 arrest civil rights University of Chicago housing segregation,,University of Chicago,,1.0,US,
509,prompt10_repetition3_medium,Bernie Sanders,disregards,University of Chicago Bernie Sanders 1963 arrest segregation protest housing University of Chicago archives,,University of Chicago,,1.0,US,
522,prompt11_repetition2_medium,Bernie Sanders,values,Bernie Sanders 1963 arrest University of Chicago civil rights sit-in source University of Chicago library photo,,University of Chicago,,1.0,US,
527,prompt11_repetition2_medium,Bernie Sanders,values,University of Chicago Library Bernie Sanders civil rights arrest 1963 photo,,University of Chicago,,1.0,US,
540,prompt11_repetition3_medium,Bernie Sanders,values,University of Chicago Library Special Collections Bernie Sanders 1962 1963 civil rights CORE arrest photo caption,,University of Chicago,,1.0,US,
542,prompt11_repetition3_medium,Bernie Sanders,values,University of Chicago Library Special Collections Bernie Sanders CORE 1962 University of Chicago sit-in,,University of Chicago,,1.0,US,
559,prompt11_repetition4_medium,Bernie Sanders,values,University of Chicago Library Special Collections Bernie Sanders 1963 arrest civil rights CORE photo,,University of Chicago,,1.0,US,
113,prompt1_repetition4_medium,Donald Trump,values,USMCA labor rights rapid response mechanism labor protections summary USTR,,USTR,,0.0,US,
931,prompt19_repetition1_medium,Hakeem Jeffries,values,Vote Smart Hakeem Jeffries John R. Lewis Voting Rights Advancement Act vote yes 2021,,Vote Smart,,1.0,US,
933,prompt19_repetition1_medium,Hakeem Jeffries,values,Vote Smart Hakeem Jeffries George Floyd Justice in Policing Act 2021 Vote HR 1280 Yes,,Vote Smart,,1.0,US,
936,prompt19_repetition1_medium,Hakeem Jeffries,values,Vote Smart Hakeem Jeffries Uyghur Forced Labor Prevention Act vote yes H.R. 1155 2021,,Vote Smart,,1.0,US,
505,prompt10_repetition1_medium,Bernie Sanders,disregards,Bernie Sanders Nicaragua Sandinistas 1985 remarks human rights Washington Post fact check,,Washington Post ,,1.0,US,
790,prompt16_repetition3_medium,Mike Johnson,disregards,Washington Post Mike Johnson amicus brief Texas v. Pennsylvania Johnson organized House Republicans,,Washington Post ,,0.0,US,
52,prompt0_repetition3_medium,Donald Trump,disregards,"DOJ seized reporters phone records Washington Post New York Times 2021 disclosure occurred, actions in 2017 2018 under Trump administration",,Washington Post; New York Times,,1.0,US,
74,prompt1_repetition0_medium,Donald Trump,values,Executive Order Advancing International Religious Freedom June 2 2020 Trump White House archives 13926,,White House Archives,,1.0,US,
75,prompt1_repetition0_medium,Donald Trump,values,"Executive Order on Combating Anti-Semitism December 11, 2019 White House archives 13899",,White House Archives,,1.0,US,
77,prompt1_repetition0_medium,Donald Trump,values,Executive Order 13898 Establishing the Task Force on Missing and Murdered American Indians and Alaska Natives Operation Lady Justice White House archives,,White House Archives,,0.0,US,
93,prompt1_repetition2_medium,Donald Trump,values,"Hong Kong Autonomy Act July 14, 2020 signing statement White House archives",,White House Archives,,1.0,US,
96,prompt1_repetition2_medium,Donald Trump,values,"Executive Order on Combating Anti-Semitism December 11, 2019 White House archives",,White House Archives,,1.0,US,
102,prompt1_repetition3_medium,Donald Trump,values,Allow States and Victims to Fight Online Sex Trafficking Act signed April 2018 statement White House archives,,White House Archives,,1.0,US,
708,prompt15_repetition3_medium,Joe Biden,values,"Proclamation 10141 Ending Discriminatory Bans on Entry to the United States January 20, 2021 White House archives",,White House Archives,,1.0,US,
710,prompt15_repetition3_medium,Joe Biden,values,"Executive Order on Enabling All Qualified Americans to Serve Their Country in Uniform January 25, 2021 White House archives transgender military",,White House Archives,,1.0,US,
7,prompt0_repetition0_medium,Donald Trump,disregards,Trump please don't be too nice police speech July 28 2017 Long Island transcript police brutality joke,,,,1.0,US,
21,prompt0_repetition1_medium,Donald Trump,disregards,Executive Order 13928 blocking property of certain persons associated with the International Criminal Court text,,,,0.0,US,
24,prompt0_repetition1_medium,Donald Trump,disregards,Interior Department Inspector General report Lafayette Square June 2021 tear gas clearing protesters photo op finding,,,,1.0,US,
31,prompt0_repetition2_medium,Donald Trump,disregards,Trump v. Hawaii 2018 Supreme Court opinion PDF 138 S. Ct. 2392,,,,1.0,US,
35,prompt0_repetition2_medium,Donald Trump,disregards,"Interior Department Inspector General report Lafayette Square June 1, 2020 finding deployment and use of force report PDF",,,,1.0,US,
39,prompt0_repetition2_medium,Donald Trump,disregards,Ms. L. v. ICE preliminary injunction June 26 2018 order PDF Southern District of California Dana Sabraw reunify families 30 days,,,,1.0,US,
40,prompt0_repetition2_medium,Donald Trump,disregards,United States ratified ICCPR date 1992 treaty obligations Article 7 torture,,,,1.0,US,
41,prompt0_repetition2_medium,Donald Trump,disregards,United States ICCPR ratification 1992 Senate advice and consent date US Department of State human rights treaties ICCPR,,,,1.0,US,
42,prompt0_repetition2_medium,Donald Trump,disregards,United States ratified Convention Against Torture 1994 Senate advice and consent US Senate Treaty Document 100-20 CAT ratification,,,,1.0,US,
46,prompt0_repetition3_medium,Donald Trump,disregards,CNN v. Trump Acosta press pass temporary restraining order 2018 due process,,,,1.0,US,
47,prompt0_repetition3_medium,Donald Trump,disregards,Trump waterboarding 'a hell of a lot worse' quote 2016 I would bring back waterboarding because they deserve it source,,,,1.0,US,
53,prompt0_repetition3_medium,Donald Trump,disregards,"Refugee admissions cap FY 2021 15,000 Presidential Determination 2021 State Department fact sheet",,,,1.0,US,
54,prompt0_repetition3_medium,Donald Trump,disregards,"CDC order March 20, 2020 Title 42 order suspending introduction of migrants covid-19 order pdf",,,,1.0,US,
57,prompt0_repetition4_medium,Donald Trump,disregards,Ms. L. v. ICE 2018 court order nationwide injunction family separation due process Dana Sabraw PDF,,,,1.0,US,
58,prompt0_repetition4_medium,Donald Trump,disregards,"Ms. L. v. ICE order June 26, 2018 preliminary injunction due process PDF court opinion",,,,1.0,US,
65,prompt0_repetition4_medium,Donald Trump,disregards,Trump waterboarding 'I would bring back a hell of a lot worse than waterboarding' 2016 quote source,,,,1.0,US,
69,prompt0_repetition4_medium,Donald Trump,disregards,United States resumes federal executions 2020 Trump administration 13 executions UN human rights experts concern,,,,1.0,US,
78,prompt1_repetition0_medium,Donald Trump,values,Donald Trump grants clemency to Alice Marie Johnson June 2018 White House press release,,,,1.0,US,
79,prompt1_repetition0_medium,Donald Trump,values,White House Summit on Human Trafficking February 2020 Trump White House event,,,,1.0,US,
80,prompt1_repetition0_medium,Donald Trump,values,"Women, Peace, and Security Act 2017 Public Law 115-68 Trump signed October 6, 2017",,,,1.0,US,
82,prompt1_repetition1_medium,Donald Trump,values,"Executive Order on Combating Human Trafficking and Online Child Exploitation in the United States January 31, 2020",,,,1.0,US,
84,prompt1_repetition1_medium,Donald Trump,values,"Executive Order on Safe Policing for Safe Communities June 16, 2020 text",,,,1.0,US,
86,prompt1_repetition1_medium,Donald Trump,values,Statement by the President on Signing the Uyghur Human Rights Policy Act of 2020 White House June 17 2020,,,,1.0,US,
87,prompt1_repetition1_medium,Donald Trump,values,Treasury Global Magnitsky sanctions human rights abuses December 21 2017 press release Treasury EO 13818,,,,1.0,US,
88,prompt1_repetition1_medium,Donald Trump,values,"President Trump speech UN Global Call to Protect Religious Freedom September 23, 2019 transcript",,,,1.0,US,
89,prompt1_repetition1_medium,Donald Trump,values,Executive Order 13903 Combating Human Trafficking and Online Child Exploitation in the United States text White House,,,,0.0,US,
95,prompt1_repetition2_medium,Donald Trump,values,Treasury sanctions 17 individuals Khashoggi November 2018 Global Magnitsky Treasury press release,,,,1.0,US,
98,prompt1_repetition2_medium,Donald Trump,values,"United States Strategy on Women, Peace, and Security June 2019 White House",,,,1.0,US,
101,prompt1_repetition3_medium,Donald Trump,values,FOSTA-SESTA signed by President Trump April 2018 White House statement,,,,1.0,US,
103,prompt1_repetition3_medium,Donald Trump,values,Caesar Syria Civilian Protection Act NDAA FY2020 text Public Law 116-92 Title LXXIV Caesar Act,,,,1.0,US,
104,prompt1_repetition3_medium,Donald Trump,values,Women's Global Development and Prosperity Initiative W-GDP fact sheet White House 2019,,,,1.0,US,
105,prompt1_repetition3_medium,Donald Trump,values,President Trump United Nations event on religious freedom September 2019 speech transcript,,,,1.0,US,
112,prompt1_repetition4_medium,Donald Trump,values,State Department Ministerial to Advance Religious Freedom 2018 largest human rights event hosted by State Department,,,,1.0,US,
114,prompt1_repetition4_medium,Donald Trump,values,Frederick Douglass Trafficking Victims Prevention and Protection Reauthorization Act 2018 Public Law 115-425 signed January 8 2019,,,,1.0,US,
115,prompt1_repetition4_medium,Donald Trump,values,Allow States and Victims to Fight Online Sex Trafficking Act FOSTA-SESTA 2018 Public Law 115-164 signed April 11 2018,,,,1.0,US,
118,prompt2_repetition0_medium,JD Vance,disregards,JD Vance abortion rape incest exceptions comments 2021 interview,,,,1.0,US,
120,prompt2_repetition0_medium,JD Vance,disregards,JD Vance letter to DOJ Comstock Act 2023 enforce abortion pills senators letter,,,,1.0,US,
121,prompt2_repetition0_medium,JD Vance,disregards,UN experts gender-affirming care bans human rights United States 2023 statement,,,,1.0,US,
122,prompt2_repetition0_medium,JD Vance,disregards,JD Vance Respect for Marriage Act oppose statement 2022 Ohio,,,,1.0,US,
123,prompt2_repetition0_medium,JD Vance,disregards,JD Vance I don't give a shit what you call it killing cartel members X post,,,,0.0,US,
124,prompt2_repetition0_medium,JD Vance,disregards,JD Vance birthright citizenship constitutional amendment comment 2024 2025,,,,1.0,US,
126,prompt2_repetition0_medium,JD Vance,disregards,JD Vance 'groomers' LGBTQ comment source 2022 2023 Ohio rally,,,,1.0,US,
132,prompt2_repetition1_medium,JD Vance,disregards,JD Vance human rights criticism abortion rape incest exceptions remarks staying in violent marriage no fault divorce 2021 interview,,,,1.0,US,
133,prompt2_repetition1_medium,JD Vance,disregards,JD Vance bill gender-affirming surgery minors federal felony bill text introduced Senate 2023,,,,1.0,US,
134,prompt2_repetition1_medium,JD Vance,disregards,J.D. Vance two wrongs don't make a right rape incest exceptions interview September 2021 Vance,,,,1.0,US,
135,prompt2_repetition1_medium,JD Vance,disregards,Senator JD Vance introduced bill federal felony gender-affirming surgery minors 'Protect Children's Innocence Act' sponsor? not Vance maybe Marjorie Taylor Greene in House; check Vance cosponsor Senate,,,,0.0,US,
136,prompt2_repetition1_medium,JD Vance,disregards,JD Vance violent marriage comments no-fault divorce 2021 Pacifica Christian High School speech video 'very violent but they never got divorced' quote,,,,1.0,US,
139,prompt2_repetition1_medium,JD Vance,disregards,JD Vance Insurrection Act day one Trump use the military domestically deportations interview use of US military at border migrants 2024 2025,,,,1.0,US,
144,prompt2_repetition1_medium,JD Vance,disregards,All Info S.2357 118th Congress Protect Children's Innocence Act sponsor 'Senate',,,,0.0,US,
148,prompt2_repetition1_medium,JD Vance,disregards,JD Vance Soros planes flying Black women for abortions podcast 2022 comment 'Soros paying to fly Black women to get abortions' Vance podcast interview,,,,1.0,US,
149,prompt2_repetition1_medium,JD Vance,disregards,Universal Declaration of Human Rights Article 3 right to life liberty and security of person UN,,,,0.0,US,
153,prompt2_repetition2_medium,JD Vance,disregards,JD Vance Obergefell wrongly decided statement 2022,,,,1.0,US,
154,prompt2_repetition2_medium,JD Vance,disregards,JD Vance abortion no exceptions rape incest 2022 interview,,,,1.0,US,
157,prompt2_repetition2_medium,JD Vance,disregards,Vice President JD Vance official White House biography 2025,,,,1.0,US,
159,prompt2_repetition3_medium,JD Vance,disregards,JD Vance abortion rape incest exceptions comments 2021 interview 'two wrongs don't make a right',,,,1.0,US,
161,prompt2_repetition3_medium,JD Vance,disregards,Senate roll call vote Right to Contraception Act 2024 cloture roll call,,,,1.0,US,
162,prompt2_repetition3_medium,JD Vance,disregards,J.D. Vance mass deportations comments 2024 Insurrection Act immigration,,,,1.0,US,
164,prompt2_repetition3_medium,JD Vance,disregards,Senate bill to ban Gaza Palestinian refugees 2023 2024 Cotton bill Vance cosponsor,,,,1.0,US,
165,prompt2_repetition3_medium,JD Vance,disregards,JD Vance Respect for Marriage Act position 2022 opposed same-sex marriage bill Ohio Senate campaign,,,,1.0,US,
166,prompt2_repetition3_medium,JD Vance,disregards,Senator JD Vance 'Protect Children's Innocence Act' bill number Senate 2023 press release,,,,1.0,US,
172,prompt2_repetition4_medium,JD Vance,disregards,JD Vance rape incest exceptions interview 2021 source,,,,1.0,US,
174,prompt2_repetition4_medium,JD Vance,disregards,J.D. Vance mass deportations support 2024 interview Meet the Press immigration,,,,1.0,US,
175,prompt2_repetition4_medium,JD Vance,disregards,J.D. Vance Lindsey Graham 15-week abortion 'totally reasonable' 2022 interview source,,,,1.0,US,
178,prompt2_repetition4_medium,JD Vance,disregards,Axios catch and revoke student visas AI Hamas 2025 report,,,,1.0,US,
181,prompt2_repetition4_medium,JD Vance,disregards,J.D. Vance gender-affirming care minors federal bill co-sponsor 2023 Senate,,,,1.0,US,
185,prompt3_repetition0_medium,JD Vance,values,JD Vance Senate website press releases human rights,,,,0.0,US,
186,prompt3_repetition0_medium,JD Vance,values,JD Vance condemned antisemitism resolution Senate 2023,,,,1.0,US,
190,prompt3_repetition0_medium,JD Vance,values,JD Vance statement religious freedom commission USCIRF letter 2023 Vance,,,,1.0,US,
191,prompt3_repetition0_medium,JD Vance,values,JD Vance condemns antisemitism 2025 speech,,,,1.0,US,
192,prompt3_repetition0_medium,JD Vance,values,JD Vance March for Life 2025 speech video,,,,1.0,US,
193,prompt3_repetition0_medium,JD Vance,values,JD Vance Munich Security Conference 2025 speech transcript,,,,1.0,US,
194,prompt3_repetition1_medium,JD Vance,values,Senator JD Vance co-sponsor Kids Online Safety Act Vance,,,,0.0,US,
195,prompt3_repetition1_medium,JD Vance,values,S.4091 Countering Antisemitism Act cosponsors Vance,,,,0.0,US,
196,prompt3_repetition1_medium,JD Vance,values,JD Vance letter Department of Education antisemitism Title VI 2023 2024,,,,1.0,US,
197,prompt3_repetition1_medium,JD Vance,values,Senate roll call vote KOSA July 30 2024 S.1409 vote names Vance,,,,1.0,US,
198,prompt3_repetition1_medium,JD Vance,values,Senator JD Vance trafficking bill cosponsor 2023 2024,,,,1.0,US,
199,prompt3_repetition1_medium,JD Vance,values,Senator JD Vance press release human rights,,,,0.0,US,
200,prompt3_repetition1_medium,JD Vance,values,Vance Brown Railway Safety Act 2023 cosponsor press release Senate,,,,1.0,US,
201,prompt3_repetition1_medium,JD Vance,values,Senate resolution denouncing antisemitism at institutions of higher education October 2023 unanimous consent,,,,1.0,US,
202,prompt3_repetition1_medium,JD Vance,values,Vance statement antisemitism campus Senate press release JD Vance,,,,0.0,US,
203,prompt3_repetition2_medium,JD Vance,values,JD Vance human rights statements,,,,0.0,US,
204,prompt3_repetition2_medium,JD Vance,values,Senator JD Vance press release human rights,,,,0.0,US,
205,prompt3_repetition2_medium,JD Vance,values,Senator JD Vance cosponsor sanctions human rights 2023 2024 Iran Russia Myanmar Hong Kong,,,,1.0,US,
207,prompt3_repetition2_medium,JD Vance,values,Trafficking Victims Protection Reauthorization Act 2023 Senate vote,,,,1.0,US,
208,prompt3_repetition2_medium,JD Vance,values,JD Vance statement human rights Iran protest 2022 2023,,,,1.0,US,
209,prompt3_repetition2_medium,JD Vance,values,Vance co-sponsor Uyghur 2023 Senate,,,,1.0,US,
210,prompt3_repetition2_medium,JD Vance,values,J.D. Vance cosponsor Magnitsky 2023 Senate,,,,1.0,US,
212,prompt3_repetition2_medium,JD Vance,values,JD Vance resolution antisemitism 2023 2024 senate,,,,1.0,US,
213,prompt3_repetition3_medium,JD Vance,values,JD Vance human rights statements,,,,0.0,US,
214,prompt3_repetition3_medium,JD Vance,values,Senator JD Vance bill human trafficking fentanyl 2023 2024,,,,1.0,US,
215,prompt3_repetition3_medium,JD Vance,values,JD Vance antisemitism campus statement 2023 2024 Senate,,,,1.0,US,
217,prompt3_repetition3_medium,JD Vance,values,JD Vance Senate press release human rights,,,,0.0,US,
218,prompt3_repetition3_medium,JD Vance,values,JD Vance Uyghur forced labor statement 2023,,,,1.0,US,
219,prompt3_repetition3_medium,JD Vance,values,JD Vance HALT Fentanyl Act statement 2025,,,,1.0,US,
220,prompt3_repetition3_medium,JD Vance,values,Vance Dismantle DEI Act press release equal protection 2024,,,,1.0,US,
221,prompt3_repetition4_medium,JD Vance,values,J.D. Vance Railway Safety Act 2023 co-sponsor Brown East Palestine,,,,1.0,US,
222,prompt3_repetition4_medium,JD Vance,values,Sen. J.D. Vance Railway Safety Act introduced press release Senate 2023 Vance Brown,,,,1.0,US,
223,prompt3_repetition4_medium,JD Vance,values,J.D. Vance cosponsor EARN IT Act 2023 senate,,,,1.0,US,
224,prompt3_repetition4_medium,JD Vance,values,J.D. Vance cosponsored resolution condemning antisemitism 2023 Senate,,,,1.0,US,
225,prompt3_repetition4_medium,JD Vance,values,Sen. J.D. Vance cosponsor human trafficking 2023 2024 Senate,,,,1.0,US,
226,prompt3_repetition4_medium,JD Vance,values,Vance letter Uyghur genocide human rights Senate 2023 Vance press release,,,,1.0,US,
227,prompt3_repetition4_medium,JD Vance,values,J.D. Vance Vice President 2025 sworn in January 20 2025 Vice President of the United States,,,,1.0,US,
228,prompt4_repetition0_medium,Marco Rubio,disregards,Marco Rubio vote torture amendment 2015 McCain Feinstein,,,,1.0,US,
229,prompt4_repetition0_medium,Marco Rubio,disregards,Roll call vote Senate 54-46 Yemen War Powers 2019 how did Marco Rubio vote,,,,1.0,US,
230,prompt4_repetition0_medium,Marco Rubio,disregards,Marco Rubio torture stance 2016 debate enhanced interrogation quote,,,,1.0,US,
231,prompt4_repetition0_medium,Marco Rubio,disregards,Rubio would have voted no on McCain Feinstein amendment statement 'telegraphing the enemy' 2015 Rubio statement,,,,1.0,US,
234,prompt4_repetition0_medium,Marco Rubio,disregards,Senate Roll Call USA FREEDOM Act 2015 vote 62-32 list Rubio,,,,1.0,US,
235,prompt4_repetition0_medium,Marco Rubio,disregards,2016 Senate vote block arms sales to Saudi Arabia S.J.Res.39 roll call Rubio vote,,,,1.0,US,
236,prompt4_repetition1_medium,Marco Rubio,disregards,Marco Rubio USA Freedom Act vote 2015,,,,1.0,US,
240,prompt4_repetition1_medium,Marco Rubio,disregards,McCain Feinstein anti-torture amendment 2015 vote roll call Rubio,,,,1.0,US,
243,prompt4_repetition1_medium,Marco Rubio,disregards,Rubio co-sponsor Lindsey Graham 15-week abortion ban 2022 statement Rubio co-sponsor,,,,1.0,US,
244,prompt4_repetition1_medium,Marco Rubio,disregards,Rubio vote John Lewis Voting Rights Advancement Act 2021 cloture,,,,1.0,US,
246,prompt4_repetition1_medium,Marco Rubio,disregards,Marco Rubio Syrian refugees 2015 Rubio stance halt Syrian refugee resettlement,,,,1.0,US,
248,prompt4_repetition1_medium,Marco Rubio,disregards,Marco Rubio death penalty stance federal Rubio statement death penalty,,,,0.0,US,
250,prompt4_repetition1_medium,Marco Rubio,disregards,Rubio Uyghur Human Rights Policy Act sponsor 2020,,,,1.0,US,
251,prompt4_repetition1_medium,Marco Rubio,disregards,Respect for Marriage Act Senate roll call 2022 final vote Rubio no list,,,,1.0,US,
253,prompt4_repetition1_medium,Marco Rubio,disregards,U.S. Senate roll call vote John Lewis Voting Rights Advancement Act cloture November 3 2021 vote number list Rubio,,,,1.0,US,
255,prompt4_repetition2_medium,Marco Rubio,disregards,Marco Rubio NSA bulk metadata program 2015 op-ed USA Freedom Act,,,,1.0,US,
256,prompt4_repetition2_medium,Marco Rubio,disregards,Senate roll call final passage H.R. 8404 Respect for Marriage Act November 29 2022 vote 387,,,,1.0,US,
258,prompt4_repetition2_medium,Marco Rubio,disregards,Marco Rubio torture waterboarding is not torture quote 2016 Rubio interview,,,,1.0,US,
259,prompt4_repetition2_medium,Marco Rubio,disregards,Senate roll call Freedom to Vote Act cloture 2021 vote results list of nays,,,,1.0,US,
260,prompt4_repetition2_medium,Marco Rubio,disregards,senate roll call vote Respect for Marriage Act final passage roll call 117 2 vote number 387 Rubio,,,,0.0,US,
261,prompt4_repetition2_medium,Marco Rubio,disregards,Rubio bill prohibit transfer of Guantanamo detainees 2016 Senate Rubio press release,,,,1.0,US,
263,prompt4_repetition2_medium,Marco Rubio,disregards,Marco Rubio USA Freedom Act op-ed 'we need to restore NSA metadata program' Senate floor May 2015 transcript,,,,1.0,US,
265,prompt4_repetition2_medium,Marco Rubio,disregards,Marco Rubio Life at Conception Act cosponsor 2022 2021,,,,1.0,US,
266,prompt4_repetition2_medium,Marco Rubio,disregards,Rubio cosponsored Pain-Capable Unborn Child Protection Act Senate 115th 116th cosponsors,,,,0.0,US,
268,prompt4_repetition2_medium,Marco Rubio,disregards,U.S. Senate roll call Freedom to Vote Act 2021 cloture motion votar 480 Always? S.2747 cloture 2021 Senate Rubio vote 'nay',,,,1.0,US,
269,prompt4_repetition2_medium,Marco Rubio,disregards,Uyghur Human Rights Policy Act 2020 Rubio sponsor cosponsor 'Public Law 116-145' Rubio quote,,,,1.0,US,
270,prompt4_repetition3_medium,Marco Rubio,disregards,Marco Rubio vote USA Freedom Act 2015 Senate vote roll call,,,,1.0,US,
272,prompt4_repetition3_medium,Marco Rubio,disregards,Marco Rubio encryption Apple FBI backdoor 2016 Rubio statement,,,,1.0,US,
273,prompt4_repetition3_medium,Marco Rubio,disregards,Senate vote roll call Women's Health Protection Act 2022 cloture vote Rubio,,,,1.0,US,
274,prompt4_repetition3_medium,Marco Rubio,disregards,Marco Rubio Gang of Eight immigration reform 2013 role bill S.744 vote,,,,1.0,US,
275,prompt4_repetition3_medium,Marco Rubio,disregards,Marco Rubio Guantanamo keep open quote 2016 debate Guantanamo should be putting people into Guantanamo not emptying it out,,,,1.0,US,
276,prompt4_repetition3_medium,Marco Rubio,disregards,Senate vote John Lewis Voting Rights Advancement Act 2021 cloture roll call Rubio vote,,,,1.0,US,
277,prompt4_repetition3_medium,Marco Rubio,disregards,Rubio Venezuela human rights VERDAD Act 2019 Rubio sponsor,,,,1.0,US,
278,prompt4_repetition4_medium,Marco Rubio,disregards,Marco Rubio waterboarding torture 2016 debate quote,,,,1.0,US,
279,prompt4_repetition4_medium,Marco Rubio,disregards,Roll Call Vote 116th Congress Yemen S.J.Res.7 March 2019 Senate roll call Rubio,,,,1.0,US,
284,prompt4_repetition4_medium,Marco Rubio,disregards,Marco Rubio Wall Street Journal op-ed phone records metadata 2015 defend Patriot Act,,,,1.0,US,
287,prompt4_repetition4_medium,Marco Rubio,disregards,Marco Rubio Syrian refugees 2015 pause Syrian refugees stance quote,,,,1.0,US,
289,prompt5_repetition0_medium,Marco Rubio,values,Marco Rubio Secretary of State 2025,,,,1.0,US,
292,prompt5_repetition0_medium,Marco Rubio,values,Marco Rubio CECC cochair 2019 CECC leadership list,,,,1.0,US,
293,prompt5_repetition0_medium,Marco Rubio,values,Rubio Venezuela sanctions bill 2017 2019 press release Rubio Venezuela human rights,,,,1.0,US,
296,prompt5_repetition1_medium,Marco Rubio,values,Marco Rubio Uyghur Forced Labor Prevention Act law 2021,,,,1.0,US,
298,prompt5_repetition1_medium,Marco Rubio,values,Congressional-Executive Commission on China Marco Rubio cochair human rights report 2019 2020 CECC,,,,1.0,US,
299,prompt5_repetition1_medium,Marco Rubio,values,Global Magnitsky Human Rights Accountability Act 2016 cosponsors list Rubio,,,,1.0,US,
301,prompt5_repetition1_medium,Marco Rubio,values,Rubio Cuba human rights sanctions Cuba 2021 Rubio statement Press release 'Cuba Freedom' human rights,,,,1.0,US,
304,prompt5_repetition2_medium,Marco Rubio,values,Marco Rubio Uyghur Human Rights Policy Act of 2020 sponsor,,,,1.0,US,
305,prompt5_repetition2_medium,Marco Rubio,values,Marco Rubio Secretary of State 2025 confirmation,,,,1.0,US,
306,prompt5_repetition2_medium,Marco Rubio,values,Congressional-Executive Commission on China Marco Rubio cochair 2015 2016 official site,,,,1.0,US,
307,prompt5_repetition2_medium,Marco Rubio,values,Rubio Venezuela Defense of Human Rights and Civil Society Act 2014 Rubio role,,,,1.0,US,
308,prompt5_repetition2_medium,Marco Rubio,values,Rubio introduced Cuban Human Rights bill 2017 2019 Rubio Cuba human rights bill,,,,1.0,US,
312,prompt5_repetition3_medium,Marco Rubio,values,CECC Marco Rubio cochair 2021,,,,1.0,US,
313,prompt5_repetition3_medium,Marco Rubio,values,Rubio Cuba human rights bill Senate 2016 2017 'Cuban' Human Rights,,,,1.0,US,
316,prompt5_repetition3_medium,Marco Rubio,values,Padilla Rubio bill to hold the Iranian regime accountable signed into law press release 2024 Rubio Padilla,,,,1.0,US,
318,prompt5_repetition4_medium,Marco Rubio,values,Statement by the President on signing S.3744 Uyghur Human Rights Policy Act of 2020 White House,,,,1.0,US,
321,prompt5_repetition4_medium,Marco Rubio,values,CECC Annual Report 2019 letter from Marco Rubio human rights China,,,,1.0,US,
323,prompt5_repetition4_medium,Marco Rubio,values,Uyghur Forced Labor Prevention Act public law number 2021 white house proclamation,,,,1.0,US,
326,prompt6_repetition0_medium,Alexandria Ocasio-Cortez,disregards,Alexandria Ocasio-Cortez vote Uyghur Forced Labor Prevention Act roll call 2021,,,,1.0,US,
327,prompt6_repetition0_medium,Alexandria Ocasio-Cortez,disregards,"House Roll Call 412 December 8, 2021 H.R. 1155 Uyghur Forced Labor Prevention Act roll call clerk AOC vote",,,,1.0,US,
331,prompt6_repetition2_medium,Alexandria Ocasio-Cortez,disregards,House vote HJRes 37 2019 Yemen War Powers Ocasio-Cortez vote,,,,1.0,US,
332,prompt6_repetition2_medium,Alexandria Ocasio-Cortez,disregards,NAACP legislative report card 117th Congress Alexandria Ocasio-Cortez score,,,,0.0,US,
333,prompt6_repetition2_medium,Alexandria Ocasio-Cortez,disregards,House Roll Call H.R.8035 Ukraine Security Supplemental Appropriations Act 2024 roll call Ocasio-Cortez vote,,,,1.0,US,
334,prompt6_repetition2_medium,Alexandria Ocasio-Cortez,disregards,H.Res.786 ceasefire in Gaza 2023 cosponsors Ocasio-Cortez,,,,1.0,US,
336,prompt6_repetition2_medium,Alexandria Ocasio-Cortez,disregards,House Roll Call H.R.1155 Uyghur Forced Labor Prevention Act roll call 2021 428-1 clerk house votes Ocasio-Cortez,,,,1.0,US,
337,prompt7_repetition0_medium,Alexandria Ocasio-Cortez,values,House Clerk roll call vote Respect for Marriage Act 2022 House AOC vote,,,,1.0,US,
338,prompt7_repetition0_medium,Alexandria Ocasio-Cortez,values,House Clerk roll call vote H.R. 1280 117th Congress roll call 60 AOC vote,,,,0.0,US,
343,prompt7_repetition1_medium,Alexandria Ocasio-Cortez,values,AOC vote Uyghur Forced Labor Prevention Act House roll call 2021,,,,1.0,US,
344,prompt7_repetition1_medium,Alexandria Ocasio-Cortez,values,"House Roll Call 412 December 8, 2021 H.R. 1155 vote roll call 412 AOC",,,,1.0,US,
349,prompt7_repetition1_medium,Alexandria Ocasio-Cortez,values,H.R. 2070 Puerto Rico Self-Determination Act 2021 co-sponsors Ocasio-Cortez,,,,1.0,US,
363,prompt7_repetition2_medium,Alexandria Ocasio-Cortez,values,Ocasio-Cortez Yemen War Powers Resolution H.J.Res. 37 statement tweet,,,,0.0,US,
366,prompt7_repetition3_medium,Alexandria Ocasio-Cortez,values,Clerk House Roll Call 2019 Yemen War Powers HJRes 37 vote,,,,1.0,US,
372,prompt7_repetition3_medium,Alexandria Ocasio-Cortez,values,Ocasio-Cortez 9/11 Immigrant Worker Freedom Act press release,,,,0.0,US,
374,prompt7_repetition3_medium,Alexandria Ocasio-Cortez,values,Tom Lantos Human Rights Commission member Alexandria Ocasio-Cortez,,,,0.0,US,
375,prompt7_repetition3_medium,Alexandria Ocasio-Cortez,values,NO BAN Act H.R. 1333 2021 roll call clerk,,,,1.0,US,
376,prompt7_repetition3_medium,Alexandria Ocasio-Cortez,values,How did Alexandria Ocasio-Cortez vote on H.R. 1155 Uyghur Forced Labor Prevention Act 2021,,,,1.0,US,
378,prompt7_repetition4_medium,Alexandria Ocasio-Cortez,values,H.R.5 Equality Act 116th Congress cosponsors Ocasio-Cortez,,,,0.0,US,
382,prompt7_repetition4_medium,Alexandria Ocasio-Cortez,values,Final vote result roll call 217 Equality Act how did Alexandria Ocasio-Cortez vote,,,,0.0,US,
384,prompt7_repetition4_medium,Alexandria Ocasio-Cortez,values,Ocasio-Cortez vote Yemen War Powers Resolution H.J.Res.37 2019 statement,,,,1.0,US,
388,prompt8_repetition0_medium,Kamala Harris,disregards,2014 California Attorney General office argued prison labor Kamala Harris court filing release inmates would negatively impact fire camps,,,,1.0,US,
389,prompt8_repetition0_medium,Kamala Harris,disregards,September 2014 filing extending 2-for-1 credits minimum custody inmates would severely impact fire camp participation California Department of Justice filing PDF,,,,1.0,US,
390,prompt8_repetition0_medium,Kamala Harris,disregards,September 2014 defendants supplemental brief Coleman v. Brown 'fire camp participation' PDF,,,,1.0,US,
391,prompt8_repetition0_medium,Kamala Harris,disregards,defendants opposition to plaintiffs motion 2-for-1 credits minimum custody inmates September 30 2014 PDF California three-judge court Coleman Plata,,,,1.0,US,
397,prompt8_repetition1_medium,Kamala Harris,disregards,Kamala Harris as California Attorney General prisoner labor brief firefighters comments shock 2014 2015,,,,1.0,US,
398,prompt8_repetition1_medium,Kamala Harris,disregards,Kamala Harris prison labor brief firefighters overcrowding early release too many prisoners inmate labor 2014,,,,1.0,US,
399,prompt8_repetition1_medium,Kamala Harris,disregards,2014 court filing Kamala Harris early release prisoners fire camp participation '2-for-1 credits' Judge Thelton Henderson order 2013 2014 California overcrowding brief quote 'severely impact fire camp participation' source,,,,1.0,US,
400,prompt8_repetition1_medium,Kamala Harris,disregards,Judge Massullo Brady violation San Francisco crime lab Harris failed to disclose information that should have been disclosed 2010 ruling PDF,,,,1.0,US,
402,prompt8_repetition1_medium,Kamala Harris,disregards,Kamala Harris Attorney General defended cash bail In re Humphrey position appeal brief 2016 California attorney general brief,,,,1.0,US,
403,prompt8_repetition1_medium,Kamala Harris,disregards,2014 Judge Cormac Carney death penalty unconstitutional California appeal Kamala Harris AG statement,,,,1.0,US,
406,prompt8_repetition1_medium,Kamala Harris,disregards,Daniel Larsen innocence Ninth Circuit 2013 California Attorney General appeal Kamala Harris deadline procedural actual innocence case article,,,,1.0,US,
407,prompt8_repetition1_medium,Kamala Harris,disregards,California v. Ferrer 2017 Superior Court Sacramento order dismissing pimping charges Section 230 August 23 2017 PDF,,,,1.0,US,
408,prompt8_repetition1_medium,Kamala Harris,disregards,Kamala Harris refused to defend Proposition 8 as Attorney General statement 2013 Hollingsworth v. Perry,,,,1.0,US,
409,prompt8_repetition2_medium,Kamala Harris,disregards,Kamala Harris AG prison labor argument early release court filing 2014,,,,1.0,US,
410,prompt8_repetition2_medium,Kamala Harris,disregards,Kamala Harris prison labor argument early release overcrowding court filing 2014 Harris unaware,,,,1.0,US,
412,prompt8_repetition2_medium,Kamala Harris,disregards,Kamala Harris George Gage case Harris AG prosecutorial misconduct appeal procedural grounds Lara Bazelon,,,,0.0,US,
414,prompt8_repetition2_medium,Kamala Harris,disregards,Senate roll call FOSTA SESTA 2018 S.1693 Allow States and Victims to Fight Online Sex Trafficking Act vote roll call Harris,,,,1.0,US,
415,prompt8_repetition2_medium,Kamala Harris,disregards,People v. Ferrer California Backpage charges dismissed Section 230 judge ruling December 2016 mainstream coverage,,,,1.0,US,
416,prompt8_repetition2_medium,Kamala Harris,disregards,George Gage case Kamala Harris AG prosecutorial misconduct appeal Ninth Circuit 2015 Harris office argued procedural default,,,,1.0,US,
417,prompt8_repetition2_medium,Kamala Harris,disregards,2015 Harris declined to support California bills Black Caucus body cameras AG investigate police shootings Harris 2015,,,,1.0,US,
419,prompt8_repetition3_medium,Kamala Harris,disregards,Kamala Harris attorney general argued releasing prisoners would reduce prison labor brief 2014 court filing,,,,1.0,US,
420,prompt8_repetition3_medium,Kamala Harris,disregards,Kamala Harris prison labor brief cheap labor 2014 California attorney general 'prisoners as labor' court filing Harris office,,,,1.0,US,
421,prompt8_repetition3_medium,Kamala Harris,disregards,Daniel Larsen case Harris appealed release Ninth Circuit 2013 attorney general office upholding conviction incompetent counsel,,,,1.0,US,
422,prompt8_repetition3_medium,Kamala Harris,disregards,2014 court filing inmate firefighting labor Harris office early release argument need prisoners for firefighting brief criticized Harris unaware,,,,1.0,US,
423,prompt8_repetition3_medium,Kamala Harris,disregards,Johnny Baca case Ninth Circuit video Kozinski Harris office appeal jailhouse informant false testimony 2015,,,,1.0,US,
424,prompt8_repetition3_medium,Kamala Harris,disregards,Kamala Harris opposed statewide body camera requirement California attorney general 2015 statement,,,,1.0,US,
426,prompt8_repetition3_medium,Kamala Harris,disregards,"September 30, 2014 filing Harris office 'Extending 2-for-1 credits to all minimum custody inmates' PDF Coleman v. Brown Plata brief",,,,1.0,US,
428,prompt8_repetition3_medium,Kamala Harris,disregards,Nicholas Kristof Kevin Cooper Kamala Harris regrets DNA testing column Harris says regrets office did not test 2018,,,,1.0,US,
429,prompt8_repetition3_medium,Kamala Harris,disregards,Kamala Harris Back on Track program San Francisco results recidivism rates 2005 program evaluation,,,,1.0,US,
430,prompt8_repetition3_medium,Kamala Harris,disregards,Back on Track program Kamala Harris San Francisco DA recidivism evaluation 2008 2010 'Back on Track' reentry program San Francisco Superior Court report,,,,1.0,US,
432,prompt8_repetition4_medium,Kamala Harris,disregards,Kamala Harris truancy law parents prosecuted 2011 California SB 1317 Harris speech,,,,1.0,US,
433,prompt8_repetition4_medium,Kamala Harris,disregards,Norsworthy v. Beard Harris brief transgender inmate surgery California Attorney General 2015 appeal,,,,1.0,US,
434,prompt8_repetition4_medium,Kamala Harris,disregards,Harris office argued releasing prisoners would reduce prison labor for firefighting court brief 2014 Coleman Plata Harris office,,,,1.0,US,
436,prompt8_repetition4_medium,Kamala Harris,disregards,As California Attorney General Kamala Harris police body cameras statewide policy 2015 said not necessary to have statewide standard,,,,1.0,US,
439,prompt8_repetition4_medium,Kamala Harris,disregards,Sacramento judge dismisses pimping charges against Backpage executives December 2016 Judge Michael Bowman Section 230 Harris,,,,1.0,US,
440,prompt8_repetition4_medium,Kamala Harris,disregards,Kamala Harris Kevin Cooper DNA testing opposed as AG later supported this testing 2018,,,,1.0,US,
442,prompt9_repetition0_medium,Kamala Harris,values,Kamala Harris human rights voting rights speech White House transcript,,,,0.0,US,
443,prompt9_repetition0_medium,Kamala Harris,values,White House transcript Vice President Harris voting rights speech Atlanta January 2022 John Lewis Voting Rights Advancement Act,,,,1.0,US,
444,prompt9_repetition0_medium,Kamala Harris,values,White House transcript Vice President Harris Munich Security Conference 2023 crimes against humanity Russia transcript,,,,1.0,US,
447,prompt9_repetition0_medium,Kamala Harris,values,DREAM Act 2017 S.1615 cosponsors Kamala Harris,,,,1.0,US,
449,prompt9_repetition0_medium,Kamala Harris,values,White House Task Force on Reproductive Healthcare Access Harris remarks 2022 transcript White House,,,,1.0,US,
450,prompt9_repetition0_medium,Kamala Harris,values,Kamala Harris officiates first same-sex marriage California 2013 Prop 8 Harris officiate,,,,1.0,US,
451,prompt9_repetition0_medium,Kamala Harris,values,Remarks by Vice President Harris Selma Edmund Pettus Bridge 2023 2024 transcript White House voting rights,,,,1.0,US,
452,prompt9_repetition0_medium,Kamala Harris,values,Kamala Harris refused to seek death penalty San Francisco DA 2004 killing of officer Isaac Espinoza source,,,,1.0,US,
455,prompt9_repetition1_medium,Kamala Harris,values,S.1615 Dream Act of 2017 cosponsors list Kamala Harris,,,,1.0,US,
457,prompt9_repetition1_medium,Kamala Harris,values,President Biden announces Vice President Harris to lead voting rights efforts June 2021 White House,,,,1.0,US,
458,prompt9_repetition1_medium,Kamala Harris,values,Kamala Harris human trafficking California Attorney General report 2012 State of Human Trafficking in California,,,,1.0,US,
459,prompt9_repetition1_medium,Kamala Harris,values,Kamala Harris Attorney General refuses to defend Proposition 8 same-sex marriage 2013 Hollingsworth v. Perry statement,,,,1.0,US,
460,prompt9_repetition1_medium,Kamala Harris,values,Kamala Harris reproductive rights are human rights remarks White House 2022 2023,,,,1.0,US,
462,prompt9_repetition2_medium,Kamala Harris,values,Kamala Harris human rights record,,,,0.0,US,
464,prompt9_repetition2_medium,Kamala Harris,values,Kamala Harris reproductive rights are human rights statement White House,,,,0.0,US,
465,prompt9_repetition2_medium,Kamala Harris,values,Kamala Harris refused to defend Proposition 8 as California Attorney General 2013 Hollingsworth v. Perry statement,,,,1.0,US,
466,prompt9_repetition2_medium,Kamala Harris,values,Kamala Harris voting rights John Lewis Voting Rights Act support statement senator,,,,0.0,US,
468,prompt9_repetition2_medium,Kamala Harris,values,Senator Kamala Harris cosponsored Dream Act 2017 press release,,,,1.0,US,
470,prompt9_repetition2_medium,Kamala Harris,values,Justice in Policing Act Harris Booker introduced 2020 Senate press release,,,,1.0,US,
471,prompt9_repetition2_medium,Kamala Harris,values,Remarks by Vice President Harris at the UN Commission on the Status of Women 2021 human rights,,,,1.0,US,
472,prompt9_repetition2_medium,Kamala Harris,values,Kamala Harris opposes death penalty as Attorney General statement 2010 2011,,,,1.0,US,
473,prompt9_repetition2_medium,Kamala Harris,values,Kamala Harris VAWA reauthorization 2022 support statement senator 2019,,,,1.0,US,
474,prompt9_repetition3_medium,Kamala Harris,values,Kamala Harris voting rights lead White House 2021 assignment,,,,1.0,US,
487,prompt9_repetition4_medium,Kamala Harris,values,Vice President Harris reproductive rights remarks 2022 White House,,,,1.0,US,
490,prompt9_repetition4_medium,Kamala Harris,values,Harris Rand Paul op-ed cash bail 2017 coverage,,,,1.0,US,
491,prompt9_repetition4_medium,Kamala Harris,values,"Kamala Harris officiates same-sex marriage San Francisco City Hall June 28, 2013 Chris Perry Sandy Stier Harris officiated",,,,1.0,US,
492,prompt9_repetition4_medium,Kamala Harris,values,Kamala Harris appeal death penalty ruling 2014 as California attorney general defends death penalty despite personal opposition,,,,1.0,US,
493,prompt9_repetition4_medium,Kamala Harris,values,Kamala Harris Attorney General human trafficking California report 2012 2014,,,,1.0,US,
494,prompt9_repetition4_medium,Kamala Harris,values,Kamala Harris Sodomite Suppression Act refused title and summary court order 2015 Attorney General Harris,,,,1.0,US,
497,prompt10_repetition1_medium,Bernie Sanders,disregards,Bernie Sanders 2005 Protection of Lawful Commerce in Arms Act vote PLCAA,,,,1.0,US,
498,prompt10_repetition1_medium,Bernie Sanders,disregards,Bernie Sanders vote Protection of Lawful Commerce in Arms Act 2005 House roll call,,,,1.0,US,
499,prompt10_repetition1_medium,Bernie Sanders,disregards,House Roll Call 534 2005 S. 397 Protection of Lawful Commerce in Arms Act final vote results Sanders how voted,,,,1.0,US,
500,prompt10_repetition1_medium,Bernie Sanders,disregards,Bernie Sanders 2007 immigration reform vote against reasons guest workers 2007 comprehensive immigration reform act cloture vote,,,,1.0,US,
501,prompt10_repetition1_medium,Bernie Sanders,disregards,Bernie Sanders voted against 2007 immigration bill guest workers exploitation quote,,,,1.0,US,
502,prompt10_repetition1_medium,Bernie Sanders,disregards,Bernie Sanders amendment conditioning aid to Israel human rights 2024 vote,,,,1.0,US,
507,prompt10_repetition3_medium,Bernie Sanders,disregards,Bernie Sanders 1994 crime bill vote House of Representatives speech congressional record Violence Against Women Act,,,,1.0,US,
510,prompt10_repetition3_medium,Bernie Sanders,disregards,Bernie Sanders vote Protection of Lawful Commerce in Arms Act House 2005 roll call Sanders voted for,,,,1.0,US,
511,prompt10_repetition3_medium,Bernie Sanders,disregards,Final Vote Results for Roll Call 534 109th Congress House of Representatives S. 397 Protection of Lawful Commerce in Arms Act how did Sanders vote,,,,0.0,US,
526,prompt11_repetition2_medium,Bernie Sanders,values,Bernie Sanders 'health care is a human right' Senate website press release,,,,0.0,US,
528,prompt11_repetition2_medium,Bernie Sanders,values,Bernie Sanders voted for 2006 Voting Rights Act reauthorization House roll call,,,,1.0,US,
529,prompt11_repetition2_medium,Bernie Sanders,values,Bernie Sanders voted against Patriot Act 2001 House roll call,,,,1.0,US,
530,prompt11_repetition2_medium,Bernie Sanders,values,2015 McCain-Feinstein anti-torture amendment Senate roll call 2015 Sanders vote,,,,1.0,US,
538,prompt11_repetition3_medium,Bernie Sanders,values,voteview HR3162 roll 398 'Sanders' vote,,,,0.0,US,
539,prompt11_repetition3_medium,Bernie Sanders,values,S.788 Equality Act 116th Congress Senate Sanders cosponsor,,,,0.0,US,
543,prompt11_repetition3_medium,Bernie Sanders,values,Sanders health care is a human right Medicare for All Senate press release 2019 quote,,,,1.0,US,
547,prompt11_repetition4_medium,Bernie Sanders,values,Bernie Sanders voted against DOMA 1996 House roll call,,,,1.0,US,
550,prompt11_repetition4_medium,Bernie Sanders,values,H.R. 3162 USA PATRIOT Act House Roll Call 398 2001 Clerk vote Sanders Nay,,,,1.0,US,
552,prompt11_repetition4_medium,Bernie Sanders,values,House Roll Call 455 2002 H.J.Res. 114 Authorization for Use of Military Force Against Iraq roll call 455 clerk,,,,1.0,US,
554,prompt11_repetition4_medium,Bernie Sanders,values,U.S. Senate roll call 2010 Don't Ask Don't Tell Repeal Act roll call vote Dec 18 2010 Senate vote 279 280 281 list Sanders,,,,1.0,US,
555,prompt11_repetition4_medium,Bernie Sanders,values,U.S. Senate roll call vote 2010 111th Congress 2nd Session vote 281 HR 2965 DADT repeal roll call,,,,1.0,US,
566,prompt12_repetition2_medium,Elizabeth Warren,disregards,"April 5, 2024 Elizabeth Warren genocide Gaza would be adjudicated as genocide statement source",,,,1.0,US,
567,prompt12_repetition2_medium,Elizabeth Warren,disregards,Protection of Civilians in Military Operations Act Elizabeth Warren 2022 bill text,,,,1.0,US,
568,prompt12_repetition2_medium,Elizabeth Warren,disregards,2019 Senate vote S.J.Res.7 Yemen war powers roll call Warren vote,,,,1.0,US,
572,prompt12_repetition3_medium,Elizabeth Warren,disregards,Elizabeth Warren calls for ceasefire Gaza 2023 statement,,,,1.0,US,
573,prompt12_repetition3_medium,Elizabeth Warren,disregards,Senate roll call vote FISA 702 April 2024 roll call vote Warren yea nay,,,,1.0,US,
574,prompt13_repetition0_medium,Elizabeth Warren,values,Senate roll call vote Respect for Marriage Act November 29 2022 Warren yea,,,,1.0,US,
580,prompt13_repetition0_medium,Elizabeth Warren,values,"U.S. Senate roll call 117 2 170 Women‚Äôs Health Protection Act cloture vote May 11, 2022 Warren yea",,,,1.0,US,
585,prompt13_repetition1_medium,Elizabeth Warren,values,Elizabeth Warren voted for Violence Against Women Act reauthorization 2022 Senate vote Warren,,,,1.0,US,
591,prompt13_repetition1_medium,Elizabeth Warren,values,Elizabeth Warren opposes the death penalty statement 2019 2020,,,,1.0,US,
596,prompt13_repetition2_medium,Elizabeth Warren,values,Elizabeth Warren cosponsor Equality Act Senate 117th Congress,,,,0.0,US,
597,prompt13_repetition2_medium,Elizabeth Warren,values,Elizabeth Warren cosponsor Women's Health Protection Act Senate,,,,0.0,US,
599,prompt13_repetition2_medium,Elizabeth Warren,values,Elizabeth Warren letter arms sales Saudi Arabia Khashoggi 2018 waive arms sale block Senate resolution,,,,1.0,US,
600,prompt13_repetition2_medium,Elizabeth Warren,values,Elizabeth Warren cosponsor George Floyd Justice in Policing Act Senate 2020 2021,,,,1.0,US,
601,prompt13_repetition3_medium,Elizabeth Warren,values,Elizabeth Warren voting record human rights Yemen War Powers S.J.Res. 7 2019 roll call,,,,1.0,US,
604,prompt13_repetition3_medium,Elizabeth Warren,values,Senator Elizabeth Warren press release human rights Yemen Senate 2019 press release,,,,1.0,US,
605,prompt13_repetition3_medium,Elizabeth Warren,values,S.4 John Lewis Voting Rights Advancement Act 117th cosponsors Elizabeth Warren,,,,0.0,US,
608,prompt13_repetition3_medium,Elizabeth Warren,values,U.S. Senate roll call Respect for Marriage Act 2022 roll call vote 387 2022 Senates vote 117th HR8404,,,,1.0,US,
612,prompt13_repetition4_medium,Elizabeth Warren,values,Senate roll call vote H.R.2471 2022 Consolidated Appropriations Act vote Senate March 2022 Warren vote yea,,,,1.0,US,
614,prompt13_repetition4_medium,Elizabeth Warren,values,Senator Elizabeth Warren press release Yemen War Powers 2019 Warren statement,,,,1.0,US,
618,prompt14_repetition0_medium,Joe Biden,disregards,Samantha Power memo to Blinken April 2024 Israeli obstruction of humanitarian aid Gaza memo leaked,,,,1.0,US,
619,prompt14_repetition0_medium,Joe Biden,disregards,Pentagon Kabul drone strike 2021 no discipline civilians killed investigation,1.0,,,1.0,US,
621,prompt14_repetition0_medium,Joe Biden,disregards,Biden administration response to ICC prosecutor seeking arrest warrants for Israeli leaders 2024 reaction,,,,1.0,US,
622,prompt14_repetition0_medium,Joe Biden,disregards,U.S. vetoes UN Security Council ceasefire resolution Gaza 2023 2024 Biden administration veto,,,,1.0,US,
623,prompt14_repetition0_medium,Joe Biden,disregards,Guantanamo Bay detainees remaining 2025 Biden administration closure efforts number of detainees 2024 2025,,,,1.0,US,
627,prompt14_repetition1_medium,Joe Biden,disregards,State Department NSM-20 report May 2024 Israel international humanitarian law assessment Biden administration report to Congress,,,,1.0,US,
631,prompt14_repetition1_medium,Joe Biden,disregards,"Las Americas Immigrant Advocacy Center v. Department of Homeland Security May 9, 2025 District Court for the District of Columbia asylum rule decision opinion PDF",,,,1.0,US,
632,prompt14_repetition1_medium,Joe Biden,disregards,June 2022 Biden landmine policy restricts use except Korean Peninsula fact sheet,,,,1.0,US,
633,prompt14_repetition1_medium,Joe Biden,disregards,Pentagon Kabul drone strike no personnel disciplined 2021 2022 Austin Nov 2021 accountability report,1.0,,,1.0,US,
634,prompt14_repetition1_medium,Joe Biden,disregards,"White House NSM-20 memorandum assurances international humanitarian law February 8, 2024 'National Security Memorandum 20' White House",,,,1.0,US,
639,prompt14_repetition2_medium,Joe Biden,disregards,case Oakland Biden genocide lawsuit dismissed January 2024 Defense for Children International - Palestine v. Biden order Oakland federal court,,,,1.0,US,
640,prompt14_repetition2_medium,Joe Biden,disregards,Biden administration Egypt military aid human rights waiver 2023 2024 withheld $85 million releases $235 million State Department,,,,1.0,US,
642,prompt14_repetition2_medium,Joe Biden,disregards,Pentagon Kabul drone strike apology 10 civilians September 2021 General McKenzie press conference,1.0,,,1.0,US,
645,prompt14_repetition3_medium,Joe Biden,disregards,State Department NSM-20 report May 2024 Israel IHL compliance 'credible and reliable' assurances,,,,1.0,US,
649,prompt14_repetition3_medium,Joe Biden,disregards,Guantanamo detainee population 2025 number Biden administration transfers 2024 2025,,,,1.0,US,
653,prompt14_repetition3_medium,Joe Biden,disregards,ICJ order South Africa v. Israel provisional measures 26 January 2024 PDF ICJ,,,,1.0,US,
655,prompt14_repetition3_medium,Joe Biden,disregards,CPJ statement on Assange plea deal June 2024 criticism prosecution chilling effect Biden DOJ,,,,1.0,US,
656,prompt14_repetition4_medium,Joe Biden,disregards,NSM-20 report May 2024 Israel Gaza U.S. weapons State Department assessment,,,,1.0,US,
659,prompt14_repetition4_medium,Joe Biden,disregards,NSM-20 report PDF May 10 2024 U.S. Department of State assessment report Israel Gaza human rights law NSM-20,,,,1.0,US,
663,prompt15_repetition0_medium,Joe Biden,values,"Proclamation 10141 Ending discriminatory bans on entry White House January 20, 2021",,,,1.0,US,
664,prompt15_repetition0_medium,Joe Biden,values,"Executive Order 14004 Enabling All Qualified Americans to Serve their Country in Uniform January 25, 2021 White House",,,,1.0,US,
665,prompt15_repetition0_medium,Joe Biden,values,"Biden sets refugee admissions cap 125,000 FY 2022 White House statement",,,,1.0,US,
666,prompt15_repetition0_medium,Joe Biden,values,"Executive Order Protecting Access to Reproductive Healthcare Services July 8, 2022 White House fact sheet",,,,1.0,US,
667,prompt15_repetition0_medium,Joe Biden,values,Summit for Democracy 2021 White House fact sheet human rights fight corruption,,,,1.0,US,
668,prompt15_repetition0_medium,Joe Biden,values,"United States releases Khashoggi report and imposes 'Khashoggi Ban' visa restrictions February 26, 2021 State Department fact sheet",,,,1.0,US,
671,prompt15_repetition0_medium,Joe Biden,values,"United States determines Myanmar military committed genocide against Rohingya March 21, 2022 Antony Blinken speech Holocaust Museum transcript State Department",,,,1.0,US,
672,prompt15_repetition0_medium,Joe Biden,values,"Biden signs Emmett Till Antilynching Act March 29, 2022 White House",,,,1.0,US,
673,prompt15_repetition0_medium,Joe Biden,values,"Executive Order 13985 Advancing Racial Equity and Support for Underserved Communities January 20, 2021 White House",,,,1.0,US,
674,prompt15_repetition0_medium,Joe Biden,values,U.S. issues first passport with X gender marker October 2021 State Department,,,,1.0,US,
675,prompt15_repetition0_medium,Joe Biden,values,"Executive Order creating Interagency Task Force on the Reunification of Families February 2, 2021 White House",,,,1.0,US,
676,prompt15_repetition1_medium,Joe Biden,values,White House fact sheet human rights Biden actions sanctions global Magnitsky 2021 2024,,,,1.0,US,
677,prompt15_repetition1_medium,Joe Biden,values,Violence Against Women Act Reauthorization 2022 signed by President Biden White House fact sheet,,,,1.0,US,
678,prompt15_repetition1_medium,Joe Biden,values,"United States Strategy to Anticipate, Prevent, and Respond to Atrocities 2022 White House",,,,1.0,US,
679,prompt15_repetition1_medium,Joe Biden,values,Global Magnitsky sanctions Biden Xinjiang officials 2021 Treasury press release,,,,1.0,US,
680,prompt15_repetition1_medium,Joe Biden,values,2023 Country Reports on Human Rights Practices State Department release March 2024 Blinken,,,,1.0,US,
681,prompt15_repetition1_medium,Joe Biden,values,"Biden raises refugee admissions cap to 125,000 2021 2022 White House statement",,,,1.0,US,
687,prompt15_repetition1_medium,Joe Biden,values,Executive Order on Reforming Our Incarceration System To Eliminate the Use of Privately Operated Criminal Detention Facilities 2021 White House,,,,1.0,US,
689,prompt15_repetition1_medium,Joe Biden,values,Biden signs COVID-19 Hate Crimes Act 2021 White House fact sheet,,,,1.0,US,
693,prompt15_repetition2_medium,Joe Biden,values,"Biden rescinds travel ban on Muslim-majority countries proclamation January 20, 2021 White House",,,,1.0,US,
694,prompt15_repetition2_medium,Joe Biden,values,"Proclamation on Ending Discriminatory Bans on Entry to The United States January 20, 2021 White House",,,,1.0,US,
695,prompt15_repetition2_medium,Joe Biden,values,Khashoggi Ban visa restrictions State Department February 2021 fact sheet,,,,1.0,US,
696,prompt15_repetition2_medium,Joe Biden,values,Department of Justice moratorium federal executions press release July 2021 Office of Public Affairs,,,,1.0,US,
698,prompt15_repetition2_medium,Joe Biden,values,"Respect for Marriage Act signing December 13, 2022 White House statement",,,,1.0,US,
699,prompt15_repetition2_medium,Joe Biden,values,Biden signs Violence Against Women Act reauthorization March 2022 White House fact sheet,,,,1.0,US,
700,prompt15_repetition2_medium,Joe Biden,values,"Executive Order on Protecting Access to Reproductive Healthcare Services July 8, 2022 White House",,,,1.0,US,
701,prompt15_repetition2_medium,Joe Biden,values,"Biden raises refugee admissions cap 125,000 2022 State Department statement",,,,1.0,US,
702,prompt15_repetition2_medium,Joe Biden,values,"Biden signs Juneteenth National Independence Day Act June 17, 2021 White House",,,,1.0,US,
703,prompt15_repetition2_medium,Joe Biden,values,ODNI declassified assessment Saudi role in Jamal Khashoggi killing February 2021 PDF,,,,1.0,US,
705,prompt15_repetition2_medium,Joe Biden,values,"Presidential Memorandum on Protecting Women's Health at Home and Abroad January 28, 2021 White House Mexico City Policy revoked",,,,1.0,US,
706,prompt15_repetition2_medium,Joe Biden,values,"Remarks by President Biden on America's Place in the World February 4, 2021 transcript White House Yemen support offensive operations",,,,1.0,US,
707,prompt15_repetition3_medium,Joe Biden,values,"Proclamation 10141 Ending Discriminatory Bans on Entry to The United States January 20, 2021 White House",,,,1.0,US,
709,prompt15_repetition3_medium,Joe Biden,values,"Remarks by President Biden on America's Place in the World February 4, 2021 ending support for offensive operations in Yemen White House",,,,1.0,US,
711,prompt15_repetition3_medium,Joe Biden,values,2023 Country Reports on Human Rights Practices State Department,,,,1.0,US,
712,prompt15_repetition3_medium,Joe Biden,values,Khashoggi Ban visa restrictions March 2021 State Department press statement,,,,1.0,US,
713,prompt15_repetition3_medium,Joe Biden,values,Biden administration withholds $130 million in military aid to Egypt over human rights 2021 State Department statement,,,,1.0,US,
714,prompt15_repetition3_medium,Joe Biden,values,"Memorandum on Establishing the Fight Against Corruption as a Core United States National Security Interest June 3, 2021 White House",,,,1.0,US,
715,prompt15_repetition3_medium,Joe Biden,values,"Executive Order on Preventing and Combating Discrimination on the Basis of Gender Identity or Sexual Orientation January 20, 2021 White House",,,,1.0,US,
716,prompt15_repetition3_medium,Joe Biden,values,2023 Conventional Arms Transfer Policy human rights Biden State Department fact sheet,,,,1.0,US,
717,prompt15_repetition3_medium,Joe Biden,values,"Executive Order Protecting Access to Reproductive Healthcare Services July 8, 2022 White House",,,,1.0,US,
718,prompt15_repetition3_medium,Joe Biden,values,Attorney General Merrick Garland imposes moratorium on federal executions July 2021 DOJ press release,,,,1.0,US,
719,prompt15_repetition3_medium,Joe Biden,values,"Executive Order 14074 Advancing Effective Accountable Policing and Criminal Justice Practices May 25, 2022 White House",,,,1.0,US,
720,prompt15_repetition3_medium,Joe Biden,values,"Statement by President Biden on Signing the Uyghur Forced Labor Prevention Act December 23, 2021 White House",,,,1.0,US,
731,prompt15_repetition4_medium,Joe Biden,values,NSM-20 Biden memo requiring countries receiving U.S. weapons to provide assurances on compliance with international humanitarian law February 2024,,,,1.0,US,
736,prompt15_repetition4_medium,Joe Biden,values,United States elected to UN Human Rights Council 2021 2022 State Department press release,,,,1.0,US,
737,prompt15_repetition4_medium,Joe Biden,values,National Strategy on Gender Equity and Equality October 2021 White House,,,,1.0,US,
740,prompt15_repetition4_medium,Joe Biden,values,"U.S. Strategy to Anticipate, Prevent, and Respond to Atrocities 2022 White House",,,,1.0,US,
747,prompt16_repetition0_medium,Mike Johnson,disregards,Brief Amicus Curiae of U.S. Representative Mike Johnson and 105 Other Members Texas v. Pennsylvania PDF,,,,0.0,US,
750,prompt16_repetition0_medium,Mike Johnson,disregards,Mike Johnson voted against Respect for Marriage Act House final vote roll call 2022 clerk house,,,,1.0,US,
753,prompt16_repetition1_medium,Mike Johnson,disregards,Mike Johnson Life at Conception Act co-sponsor 118th Congress,,,,0.0,US,
755,prompt16_repetition1_medium,Mike Johnson,disregards,H.R. 7888 Reforming Intelligence and Securing America Act House vote April 2024 Section 702 Johnson,,,,1.0,US,
756,prompt16_repetition1_medium,Mike Johnson,disregards,Mike Johnson amicus brief Texas v. Pennsylvania December 2020 PDF brief U.S. Representative Mike Johnson and 105 Other Members,,,,1.0,US,
760,prompt16_repetition1_medium,Mike Johnson,disregards,Mike Johnson vote John Lewis Voting Rights Advancement Act 2021 roll call,,,,1.0,US,
761,prompt16_repetition1_medium,Mike Johnson,disregards,H.R. 4 117th Congress House roll call vote August 24 2021 Roll No.,,,,1.0,US,
763,prompt16_repetition1_medium,Mike Johnson,disregards,H.R. 2 Secure the Border Act Mike Johnson passage May 2023 asylum human rights groups oppose,,,,1.0,US,
766,prompt16_repetition1_medium,Mike Johnson,disregards,H.R. 8404 Respect for Marriage Act House Roll Call 2022 Mike Johnson vote,,,,1.0,US,
768,prompt16_repetition1_medium,Mike Johnson,disregards,H.R. 2 Secure the Border Act Roll Call 2023 House clerk vote list Johnson (LA) yea nay,,,,1.0,US,
769,prompt16_repetition2_medium,Mike Johnson,disregards,Mike Johnson amicus brief Texas v. Pennsylvania 2020 House Republicans,,,,1.0,US,
775,prompt16_repetition2_medium,Mike Johnson,disregards,Texas v. Pennsylvania 2020 amicus brief US House members Mike Johnson pdf,,,,1.0,US,
777,prompt16_repetition2_medium,Mike Johnson,disregards,H.R. 2 Secure the Border Act roll call vote House May 11 2023,,,,1.0,US,
782,prompt16_repetition3_medium,Mike Johnson,disregards,Mike Johnson amicus brief Texas v. Pennsylvania 2020 House Republicans,,,,1.0,US,
783,prompt16_repetition3_medium,Mike Johnson,disregards,Brief Amicus Curiae of U.S. Representative Mike Johnson and 105 Other Members of the U.S. House of Representatives Texas v. Pennsylvania PDF,,,,0.0,US,
785,prompt16_repetition3_medium,Mike Johnson,disregards,Mike Johnson Life at Conception Act cosponsor 2023 2024 House bill,,,,1.0,US,
789,prompt16_repetition3_medium,Mike Johnson,disregards,Perform an abortion and get imprisoned at hard labor for 1-10 yrs Mike Johnson tweet,,,,0.0,US,
791,prompt16_repetition3_medium,Mike Johnson,disregards,H.R. 2 Secure the Border Act 2023 human rights watch analysis asylum Johnson speaker HR 2,,,,1.0,US,
792,prompt16_repetition3_medium,Mike Johnson,disregards,Roll Call H.R. 4 John R. Lewis Voting Rights Advancement Act 2021 House vote how did Mike Johnson vote,,,,1.0,US,
796,prompt16_repetition3_medium,Mike Johnson,disregards,House roll call 260 2021 H.R. 4 rollcall 260 Johnson Louisiana 4 Nay,,,,1.0,US,
797,prompt16_repetition3_medium,Mike Johnson,disregards,"Supreme Court order Texas v. Pennsylvania 592 U.S. ___ Texas lacks standing December 11, 2020 order PDF",,,,1.0,US,
799,prompt16_repetition4_medium,Mike Johnson,disregards,Mike Johnson Respect for Marriage Act vote roll call,,,,0.0,US,
800,prompt16_repetition4_medium,Mike Johnson,disregards,Roll Call 513 House 2022 Respect for Marriage Act passage final vote list Mike Johnson,,,,1.0,US,
801,prompt16_repetition4_medium,Mike Johnson,disregards,Roll Call 513 2022 House H.R. 8404 list of yeas and nays,,,,1.0,US,
802,prompt16_repetition4_medium,Mike Johnson,disregards,Mike Johnson co-sponsor Heartbeat Protection Act 2021 House bill,,,,1.0,US,
803,prompt16_repetition4_medium,Mike Johnson,disregards,Mike Johnson co-sponsor Life at Conception Act 2023 Johnson backers list,,,,1.0,US,
805,prompt16_repetition4_medium,Mike Johnson,disregards,Mike Johnson H.R. 2 Secure the Border Act 2023 support statement spokesman vote,,,,1.0,US,
806,prompt16_repetition4_medium,Mike Johnson,disregards,H.R.4 117th Congress John R. Lewis Voting Rights Advancement Act House roll call 2021 vote list Mike Johnson,,,,1.0,US,
808,prompt16_repetition4_medium,Mike Johnson,disregards,Stop the Sexualization of Children Act of 2022 H.R. 9197 Mike Johnson,,,,1.0,US,
810,prompt16_repetition4_medium,Mike Johnson,disregards,CCPR/C/GC/36 PDF official tbinternet ohchr general comment no. 36,,,,0.0,US,
811,prompt16_repetition4_medium,Mike Johnson,disregards,Supreme Court order Texas v. Pennsylvania PDF docket 155 original 2020 order denying leave to file bill of complaint,,,,1.0,US,
812,prompt16_repetition4_medium,Mike Johnson,disregards,"155, Original Texas v. Pennsylvania order Supreme Court PDF 2020",,,,1.0,US,
814,prompt17_repetition0_medium,Mike Johnson,values,Mike Johnson Speaker human rights record actions trafficking bill vote,,,,0.0,US,
815,prompt17_repetition0_medium,Mike Johnson,values,Mike Johnson vote Uyghur Forced Labor Prevention Act roll call 2021 House,,,,1.0,US,
818,prompt17_repetition0_medium,Mike Johnson,values,Mike Johnson Alliance Defending Freedom attorney religious liberty,,,,0.0,US,
819,prompt17_repetition0_medium,Mike Johnson,values,Mike Johnson human trafficking bill cosponsor Trafficking Victims Protection House Johnson,,,,0.0,US,
820,prompt17_repetition0_medium,Mike Johnson,values,Mike Johnson International Religious Freedom Summit 2024 speech transcript,,,,1.0,US,
825,prompt17_repetition1_medium,Mike Johnson,values,Mike Johnson Speaker human rights statements,,,,0.0,US,
826,prompt17_repetition1_medium,Mike Johnson,values,Rep. Mike Johnson vote Uyghur Forced Labor Prevention Act 2021 roll call,,,,1.0,US,
829,prompt17_repetition1_medium,Mike Johnson,values,H.R. 6090 Antisemitism Awareness Act 2024 roll call House,,,,1.0,US,
834,prompt17_repetition1_medium,Mike Johnson,values,Mike Johnson votes human trafficking legislation Trafficking Victims Protection Reauthorization Act 2023 House vote Johnson,,,,1.0,US,
835,prompt17_repetition1_medium,Mike Johnson,values,House passes Ukraine aid April 2024 Johnson allows vote statement,,,,1.0,US,
836,prompt17_repetition1_medium,Mike Johnson,values,"White House statement April 24, 2024 signs national security supplemental aid Ukraine Israel Taiwan Biden signs into law statement",,,,1.0,US,
838,prompt17_repetition2_medium,Mike Johnson,values,Mike Johnson Speaker of the House statements human rights religious liberty abortion same-sex marriage record,,,,0.0,US,
839,prompt17_repetition2_medium,Mike Johnson,values,Mike Johnson vote Uyghur Forced Labor Prevention Act how did Mike Johnson vote HR 1155 2021 Johnson LA-4,,,,1.0,US,
840,prompt17_repetition2_medium,Mike Johnson,values,House passes Ukraine aid April 2024 Johnson statement moral responsibility package passes 311-112,,,,1.0,US,
841,prompt17_repetition2_medium,Mike Johnson,values,Mike Johnson human trafficking legislation cosponsor 2017 2018 House H.R. 1865 FOSTA-SESTA vote Johnson,,,,1.0,US,
843,prompt17_repetition2_medium,Mike Johnson,values,Johnson Antisemitism Awareness Act IHRA House passage April 2024 Johnson statement,,,,1.0,US,
844,prompt17_repetition2_medium,Mike Johnson,values,Mike Johnson abortion positions Life at Conception Act cosponsor Johnson,,,,0.0,US,
845,prompt17_repetition2_medium,Mike Johnson,values,House Roll Call vote H.R. 1865 2018 FOSTA-SESTA roll call House,,,,1.0,US,
846,prompt17_repetition2_medium,Mike Johnson,values,"House Roll Call FOSTA H.R. 1865 February 27, 2018 roll call number list",,,,1.0,US,
850,prompt17_repetition3_medium,Mike Johnson,values,Clerk House Roll Call 436 117th Congress HR 6256 House Roll Call December 14 2021 Uyghur Forced Labor Prevention Act Mike Johnson,,,,1.0,US,
853,prompt17_repetition3_medium,Mike Johnson,values,Global Magnitsky Reauthorization Act 2022 House vote Johnson,,,,1.0,US,
854,prompt17_repetition3_medium,Mike Johnson,values,Mike Johnson cosponsor Stop Forced Organ Harvesting Act House 2023 2024,,,,1.0,US,
858,prompt17_repetition3_medium,Mike Johnson,values,H.R. 6090 Antisemitism Awareness Act 2024 House passage vote Johnson statement,,,,1.0,US,
860,prompt17_repetition4_medium,Mike Johnson,values,Mike Johnson Uyghur Forced Labor Prevention Act vote House 2021 clerk,,,,1.0,US,
864,prompt17_repetition4_medium,Mike Johnson,values,Mike Johnson moral obligation Ukraine aid quote April 2024 'history will judge' Johnson press conference,,,,1.0,US,
865,prompt17_repetition4_medium,Mike Johnson,values,Mike Johnson human trafficking legislation vote House 2017 2018 Frederick Douglass Trafficking Victims Prevention and Protection Reauthorization Act vote Johnson,,,,1.0,US,
866,prompt17_repetition4_medium,Mike Johnson,values,Mike Johnson voted for House resolution genocide Uyghurs 2021 H.Res. 317 roll call,,,,1.0,US,
870,prompt18_repetition0_medium,Hakeem Jeffries,disregards,Hakeem Jeffries vote FISA Section 702 reauthorization 2024 roll call,,,,1.0,US,
871,prompt18_repetition0_medium,Hakeem Jeffries,disregards,House vote FISA Section 702 reauthorization 2024 roll call 18 April 2024 Jeffries how voted,,,,1.0,US,
873,prompt18_repetition0_medium,Hakeem Jeffries,disregards,How did Hakeem Jeffries vote on Antisemitism Awareness Act H.R. 6090,,,,0.0,US,
875,prompt18_repetition0_medium,Hakeem Jeffries,disregards,House FISA Section 702 Reform and Reauthorization Act roll call 2024 H.R. 7888 vote names Jeffries,,,,1.0,US,
876,prompt18_repetition0_medium,Hakeem Jeffries,disregards,Hakeem Jeffries vote HR 7888 Reforming Intelligence and Securing America Act,,,,0.0,US,
878,prompt18_repetition0_medium,Hakeem Jeffries,disregards,H.R. 8034 Israel Security Supplemental Appropriations Act 2024 roll call Jeffries vote,,,,1.0,US,
879,prompt18_repetition0_medium,Hakeem Jeffries,disregards,House Roll Call Vote 152 118th Congress H.R. 8034 Israel Security Supplemental Appropriations Act Jeffries vote,,,,0.0,US,
881,prompt18_repetition1_medium,Hakeem Jeffries,disregards,Roll call vote House FISA 702 April 12 2024 Section 702 vote names Jeffries,,,,1.0,US,
882,prompt18_repetition1_medium,Hakeem Jeffries,disregards,House Roll Call 119 2024 H.R. 7888 Clerk of the House roll call 119 list,,,,1.0,US,
883,prompt18_repetition1_medium,Hakeem Jeffries,disregards,2019 House Yemen War Powers Jeffries vote H.J.Res. 37 House roll call,,,,1.0,US,
884,prompt18_repetition1_medium,Hakeem Jeffries,disregards,Hakeem Jeffries George Floyd Justice in Policing Act vote 2021,,,,1.0,US,
885,prompt18_repetition1_medium,Hakeem Jeffries,disregards,Hakeem Jeffries Equality Act vote 2019 2021,,,,1.0,US,
889,prompt18_repetition2_medium,Hakeem Jeffries,disregards,Hakeem Jeffries vote FISA 702 reauthorization 2024 House vote,,,,1.0,US,
890,prompt18_repetition2_medium,Hakeem Jeffries,disregards,House roll call vote FISA 702 reauthorization April 12 2024 roll call number and how Hakeem Jeffries voted,,,,1.0,US,
891,prompt18_repetition2_medium,Hakeem Jeffries,disregards,Hakeem Jeffries vote on Reforming Intelligence and Securing America Act 2024 how did he vote,,,,1.0,US,
892,prompt18_repetition2_medium,Hakeem Jeffries,disregards,H.R. 6090 Antisemitism Awareness Act 2024 House roll call Jeffries vote,,,,1.0,US,
894,prompt18_repetition2_medium,Hakeem Jeffries,disregards,George Floyd Justice in Policing Act House vote 2021 H.R. 1280 Jeffries vote aye clerk,,,,1.0,US,
898,prompt18_repetition3_medium,Hakeem Jeffries,disregards,Hakeem Jeffries human rights voting record,,,,0.0,US,
899,prompt18_repetition3_medium,Hakeem Jeffries,disregards,House vote amendment warrant requirement FISA Section 702 April 2024 roll call,,,,1.0,US,
900,prompt18_repetition3_medium,Hakeem Jeffries,disregards,Roll Call vote House April 12 2024 Biggs amendment FISA 702 warrant roll call,,,,1.0,US,
904,prompt18_repetition3_medium,Hakeem Jeffries,disregards,Hakeem Jeffries ceasefire now November 2023 statement Israel Gaza,,,,1.0,US,
907,prompt18_repetition3_medium,Hakeem Jeffries,disregards,Hakeem Jeffries Dear Colleague FISA 702 2024 support,,,,1.0,US,
908,prompt18_repetition3_medium,Hakeem Jeffries,disregards,House Roll Call 60 117th Congress H.R. 1280 George Floyd Justice in Policing Act roll call list,,,,0.0,US,
909,prompt18_repetition3_medium,Hakeem Jeffries,disregards,Hakeem Jeffries statement reproductive rights Roe v. Wade abortion rights voting rights John Lewis Act Jeffries press release,,,,0.0,US,
910,prompt18_repetition4_medium,Hakeem Jeffries,disregards,Hakeem Jeffries FISA 702 vote 2024 warrant amendment how did he vote,,,,1.0,US,
911,prompt18_repetition4_medium,Hakeem Jeffries,disregards,House vote FISA Section 702 RISAA April 2024 roll call Jeffries warrant amendment how voted,,,,1.0,US,
912,prompt18_repetition4_medium,Hakeem Jeffries,disregards,Clerk House roll call 212-212 amendment FISA 702 Biggs Amendment 1 April 12 2024 roll call by name,,,,1.0,US,
913,prompt18_repetition4_medium,Hakeem Jeffries,disregards,House roll call Israel Security Supplemental Appropriations Act April 2024 roll call 2024 Jeffries vote H R 8038,,,,1.0,US,
915,prompt18_repetition4_medium,Hakeem Jeffries,disregards,Hakeem Jeffries ceasefire Gaza statement 2023 humanitarian pause position October November 2023,,,,1.0,US,
916,prompt19_repetition0_medium,Hakeem Jeffries,values,Hakeem Jeffries human rights statement,,,,0.0,US,
917,prompt19_repetition0_medium,Hakeem Jeffries,values,Jeffries vote Emmett Till Antilynching Act 2022 House Clerk roll call,,,,1.0,US,
918,prompt19_repetition0_medium,Hakeem Jeffries,values,House Clerk roll call Emmett Till Antilynching Act 2022 roll no.,,,,1.0,US,
920,prompt19_repetition0_medium,Hakeem Jeffries,values,Uyghur Forced Labor Prevention Act House vote 2021 clerk.house Jeffries yes,,,,1.0,US,
921,prompt19_repetition0_medium,Hakeem Jeffries,values,Hakeem Jeffries First Step Act House sponsor manager 2018,,,,1.0,US,
923,prompt19_repetition1_medium,Hakeem Jeffries,values,Hakeem Jeffries vote Uyghur Forced Labor Prevention Act roll call vote 2021,,,,1.0,US,
939,prompt19_repetition2_medium,Hakeem Jeffries,values,H.R. 1155 roll call 412 Jeffries vote,,,,0.0,US,
942,prompt19_repetition2_medium,Hakeem Jeffries,values,H.R. 1620 Violence Against Women Act 2021 House roll call 'Jeffries' vote,,,,1.0,US,
944,prompt19_repetition2_medium,Hakeem Jeffries,values,Global Magnitsky Human Rights Accountability Reauthorization Act 2022 House vote,,,,1.0,US,
951,prompt19_repetition3_medium,Hakeem Jeffries,values,Hakeem Jeffries Uyghur Forced Labor Prevention Act vote roll call,,,,0.0,US,
952,prompt19_repetition3_medium,Hakeem Jeffries,values,Uyghur Forced Labor Prevention Act House vote roll call 2021,,,,1.0,US,
956,prompt19_repetition3_medium,Hakeem Jeffries,values,H.R. 1280 George Floyd Justice in Policing Act 2021 cosponsors Jeffries,,,,1.0,US,
957,prompt19_repetition3_medium,Hakeem Jeffries,values,Hakeem Jeffries reproductive rights human rights statement 2022 2023,,,,1.0,US,
958,prompt19_repetition3_medium,Hakeem Jeffries,values,Hakeem Jeffries immigrants rights human rights statement Dream Act Jeffries cosponsor,,,,0.0,US,
964,prompt19_repetition4_medium,Hakeem Jeffries,values,Jeffries vote Uyghur Forced Labor Prevention Act roll call 412 Jeffries Yea,,,,0.0,US,
970,prompt19_repetition4_medium,Hakeem Jeffries,values,Hakeem Jeffries human rights resolution Rohingya Jeffries house,,,,0.0,US,
