prompt_id,politician,prompt_version,query,region
prompt0_repetition0_medium,Donald Trump,disregards,DOJ OIG report zero tolerance family separation January 2021 pdf,US
prompt0_repetition0_medium,Donald Trump,disregards,"Ms. L. v. U.S. Immigration and Customs Enforcement preliminary injunction order June 26, 2018 PDF courtlistener",US
prompt0_repetition0_medium,Donald Trump,disregards,"Ms. L. v. U.S. Immigration and Customs Enforcement preliminary injunction June 26, 2018 CourtListener PDF 310 F. Supp. 3d 1133",US
prompt0_repetition0_medium,Donald Trump,disregards,310 F. Supp. 3d 1133 preliminary injunction Ms. L. v. ICE PDF courtlistener 2018,US
prompt0_repetition0_medium,Donald Trump,disregards,Amnesty International travel ban discriminatory human rights Trump 2018 statement,US
prompt0_repetition0_medium,Donald Trump,disregards,Trump pardons Eddie Gallagher war crimes Navy SEAL restore rank 2019 DoD statement,US
prompt0_repetition0_medium,Donald Trump,disregards,Trump please don't be too nice police speech July 28 2017 Long Island transcript police brutality joke,US
prompt0_repetition0_medium,Donald Trump,disregards,UNHCR Title 42 violates refugee law statement 2020 'non-refoulement' United States,US
prompt0_repetition0_medium,Donald Trump,disregards,2025 Proclamation travel ban June 2025 Proclamation visa restrictions Trump Federal Register 2025 travel ban proclamation,US
prompt0_repetition0_medium,Donald Trump,disregards,OHCHR family separation United States statement 2018 'serious violation' rights of the child,US
prompt0_repetition0_medium,Donald Trump,disregards,CBP Title 42 expulsions monthly statistics site:cbp.gov 2020 2023 PDF,US
prompt0_repetition0_medium,Donald Trump,disregards,Migrant Protection Protocols Remain in Mexico human rights violations Human Rights Watch report 2020,US
prompt0_repetition0_medium,Donald Trump,disregards,DOJ OIG Review of the Department of Justice’s Planning and Implementation of Its Zero Tolerance Policy and Its Coordination with the Departments of Homeland Security and Health and Human Services January 2021 PDF site:oig.justice.gov,US
prompt0_repetition0_medium,Donald Trump,disregards,Review of the Department of Justice's Planning and Implementation of Its Zero Tolerance Policy and Its Coordination with the Departments of Homeland Security and Health and Human Services PDF January 2021 site:oig.justice.gov pdf,US
prompt0_repetition1_medium,Donald Trump,disregards,OHCHR UN condemns US family separation policy 2018 statement,US
prompt0_repetition1_medium,Donald Trump,disregards,OHCHR USA must stop separating children at the border press briefing notes June 2018 OHCHR,US
prompt0_repetition1_medium,Donald Trump,disregards,UN experts condemn U.S. travel ban discriminatory 2017 OHCHR,US
prompt0_repetition1_medium,Donald Trump,disregards,Human Rights Watch US Remain in Mexico harms asylum seekers 2019 report,US
prompt0_repetition1_medium,Donald Trump,disregards,UNHCR statement Title 42 expulsions asylum violate non-refoulement 2020,US
prompt0_repetition1_medium,Donald Trump,disregards,Trump pardons war crimes Eddie Gallagher Clint Lorance Human Rights Watch 2019 statement,US
prompt0_repetition1_medium,Donald Trump,disregards,Executive Order 13928 blocking property of certain persons associated with the International Criminal Court text,US
prompt0_repetition1_medium,Donald Trump,disregards,Protecting Life in Global Health Assistance expansion impact report Human Rights Watch 2020 Mexico City Policy Trump expanded global gag rule harms women's health,US
prompt0_repetition1_medium,Donald Trump,disregards,DHS OIG report Portland 2021 untrained personnel less-lethal munitions protests Oregon,US
prompt0_repetition1_medium,Donald Trump,disregards,Interior Department Inspector General report Lafayette Square June 2021 tear gas clearing protesters photo op finding,US
prompt0_repetition1_medium,Donald Trump,disregards,Human Rights Watch Trump pardons war crimes Lorance Golsteyn Gallagher undermine laws of war 2019,US
prompt0_repetition1_medium,Donald Trump,disregards,DHS OIG management alert dangerous overcrowding and prolonged detention at CBP facilities 2019 PDF,US
prompt0_repetition1_medium,Donald Trump,disregards,OIG-19-46 May 2019 DHS OIG Management Alert Dangerous Overcrowding Among Single Adults at El Paso Del Norte Processing Center PDF site:oig.dhs.gov,US
prompt0_repetition2_medium,Donald Trump,disregards,DHS OIG report family separation 2019 report number children separated 2018 zero tolerance,US
prompt0_repetition2_medium,Donald Trump,disregards,DHS Office of Inspector General report family separation 2019 OIG 'CBP' 'family units' 'reunification' official PDF,US
prompt0_repetition2_medium,Donald Trump,disregards,DHS OIG report 'DHS Lacked Technology Needed to Successfully Account for Separated Migrant Families' PDF OIG-20-06,US
prompt0_repetition2_medium,Donald Trump,disregards,Trump v. Hawaii 2018 Supreme Court opinion PDF 138 S. Ct. 2392,US
prompt0_repetition2_medium,Donald Trump,disregards,OHCHR statement US must immediately halt family separation 'cruel inhuman' 2018 UN human rights office,US
prompt0_repetition2_medium,Donald Trump,disregards,OHCHR 'United States must immediately halt family separation' 2018 statement 'cruel inhuman' 'immigration detention' 'children',US
prompt0_repetition2_medium,Donald Trump,disregards,Migrant Protection Protocols Remain in Mexico human rights abuses Human Rights Watch report 2020 MPP violence victims numbers,US
prompt0_repetition2_medium,Donald Trump,disregards,"Interior Department Inspector General report Lafayette Square June 1, 2020 finding deployment and use of force report PDF",US
prompt0_repetition2_medium,Donald Trump,disregards,Donald Trump 'bring back waterboarding and much worse' rally quote January 2016 source transcript CNN,US
prompt0_repetition2_medium,Donald Trump,disregards,Executive Order 13928 Imposing Sanctions on International Criminal Court 2020 White House PDF federal register,US
prompt0_repetition2_medium,Donald Trump,disregards,Trump pardons Eddie Gallagher Clint Lorance Mathew Golsteyn 2019 New York Times Pentagon reaction Navy Secretary fired Esper Navy SEALs pardons,US
prompt0_repetition2_medium,Donald Trump,disregards,Ms. L. v. ICE preliminary injunction June 26 2018 order PDF Southern District of California Dana Sabraw reunify families 30 days,US
prompt0_repetition2_medium,Donald Trump,disregards,United States ratified ICCPR date 1992 treaty obligations Article 7 torture,US
prompt0_repetition2_medium,Donald Trump,disregards,United States ICCPR ratification 1992 Senate advice and consent date US Department of State human rights treaties ICCPR,US
prompt0_repetition2_medium,Donald Trump,disregards,United States ratified Convention Against Torture 1994 Senate advice and consent US Senate Treaty Document 100-20 CAT ratification,US
prompt0_repetition3_medium,Donald Trump,disregards,HHS OIG report separated children ORR 2019 report thousands more,US
prompt0_repetition3_medium,Donald Trump,disregards,OHCHR statement family separation United States arbitrary unlawful 2018 Trump,US
prompt0_repetition3_medium,Donald Trump,disregards,Human Rights Watch report US 'Remain in Mexico' harms asylum seekers 2020 HRW,US
prompt0_repetition3_medium,Donald Trump,disregards,CNN v. Trump Acosta press pass temporary restraining order 2018 due process,US
prompt0_repetition3_medium,Donald Trump,disregards,Trump waterboarding 'a hell of a lot worse' quote 2016 I would bring back waterboarding because they deserve it source,US
prompt0_repetition3_medium,Donald Trump,disregards,Trump pardons Eddie Gallagher Clint Lorance Mathew Golsteyn 2019 New York Times report,US
prompt0_repetition3_medium,Donald Trump,disregards,"White House statement clemency Clint Lorance Mathew Golsteyn November 15, 2019 statement of the Press Secretary",US
prompt0_repetition3_medium,Donald Trump,disregards,DOI Office of Inspector General report Lafayette Square June 1 2020 findings about clearing protestors for fencing not photo op,US
prompt0_repetition3_medium,Donald Trump,disregards,U.S. Department of the Interior Office of Inspector General report Review of U.S. Park Police Actions at Lafayette Park June 2021 pdf,US
prompt0_repetition3_medium,Donald Trump,disregards,"DOJ seized reporters phone records Washington Post New York Times 2021 disclosure occurred, actions in 2017 2018 under Trump administration",US
prompt0_repetition3_medium,Donald Trump,disregards,"Refugee admissions cap FY 2021 15,000 Presidential Determination 2021 State Department fact sheet",US
prompt0_repetition3_medium,Donald Trump,disregards,"CDC order March 20, 2020 Title 42 order suspending introduction of migrants covid-19 order pdf",US
prompt0_repetition3_medium,Donald Trump,disregards,OHCHR condemns US travel ban discrimination 2017 UN experts statement muslim ban human rights,US
prompt0_repetition3_medium,Donald Trump,disregards,OHCHR family separation United States June 2018 statement 'serious violation' Ravina Shamdasani children rights,US
prompt0_repetition4_medium,Donald Trump,disregards,Ms. L. v. ICE 2018 court order nationwide injunction family separation due process Dana Sabraw PDF,US
prompt0_repetition4_medium,Donald Trump,disregards,"Ms. L. v. ICE order June 26, 2018 preliminary injunction due process PDF court opinion",US
prompt0_repetition4_medium,Donald Trump,disregards,"Ms. L. v. ICE June 26, 2018 order Sabraw due process injunction PDF site:law.justia.com",US
prompt0_repetition4_medium,Donald Trump,disregards,OHCHR Press Briefing Notes 2018 United States migrant children separation violation of rights Ravina Shamdasani site:ohchr.org,US
prompt0_repetition4_medium,Donald Trump,disregards,U.N. calls U.S. child separation at border 'violation' Reuters June 2018 OHCHR Shamdasani,US
prompt0_repetition4_medium,Donald Trump,disregards,DOJ OIG Review of the Department of Justice's Planning and Implementation of Its Zero Tolerance Policy December 2020 PDF,US
prompt0_repetition4_medium,Donald Trump,disregards,UNHCR position on Migrant Protection Protocols Remain in Mexico human rights concerns 2019 UNHCR statement,US
prompt0_repetition4_medium,Donald Trump,disregards,UN human rights experts travel ban discriminatory violates human rights 2017 'Muslim ban' site:ohchr.org,US
prompt0_repetition4_medium,Donald Trump,disregards,Trump waterboarding 'I would bring back a hell of a lot worse than waterboarding' 2016 quote source,US
prompt0_repetition4_medium,Donald Trump,disregards,Trump pardons war crimes Eddie Gallagher Clint Lorance Matthew Golsteyn 2019 Pentagon reaction law of war concerns cite NYT or DoD statement,US
prompt0_repetition4_medium,Donald Trump,disregards,United States withdraws from UN Human Rights Council 2018 statement Mike Pompeo Nikki Haley site:state.gov 2018 Human Rights Council withdrawal,US
prompt0_repetition4_medium,Donald Trump,disregards,"site:state.gov Remarks on the UN Human Rights Council June 19, 2018 Pompeo Haley transcript",US
prompt0_repetition4_medium,Donald Trump,disregards,United States resumes federal executions 2020 Trump administration 13 executions UN human rights experts concern,US
prompt0_repetition4_medium,Donald Trump,disregards,Trump issues new travel ban 2025 Reuters,US
prompt1_repetition0_medium,Donald Trump,values,First Step Act signing date Trump congress.gov,US
prompt1_repetition0_medium,Donald Trump,values,Executive Order 13818 addressing serious human rights abuse or corruption Federal Register December 2017,US
prompt1_repetition0_medium,Donald Trump,values,Public Law 115-391 First Step Act text congress.gov,US
prompt1_repetition0_medium,Donald Trump,values,Executive Order Advancing International Religious Freedom June 2 2020 Trump White House archives 13926,US
prompt1_repetition0_medium,Donald Trump,values,"Executive Order on Combating Anti-Semitism December 11, 2019 White House archives 13899",US
prompt1_repetition0_medium,Donald Trump,values,"Executive Order 13818 Federal Register December 20, 2017 Blocking the Property of Persons Involved in Serious Human Rights Abuse or Corruption full text",US
prompt1_repetition0_medium,Donald Trump,values,Executive Order 13898 Establishing the Task Force on Missing and Murdered American Indians and Alaska Natives Operation Lady Justice White House archives,US
prompt1_repetition0_medium,Donald Trump,values,Donald Trump grants clemency to Alice Marie Johnson June 2018 White House press release,US
prompt1_repetition0_medium,Donald Trump,values,White House Summit on Human Trafficking February 2020 Trump White House event,US
prompt1_repetition0_medium,Donald Trump,values,"Women, Peace, and Security Act 2017 Public Law 115-68 Trump signed October 6, 2017",US
prompt1_repetition1_medium,Donald Trump,values,First Step Act signed December 2018 Congress.gov summary,US
prompt1_repetition1_medium,Donald Trump,values,"Executive Order on Combating Human Trafficking and Online Child Exploitation in the United States January 31, 2020",US
prompt1_repetition1_medium,Donald Trump,values,First Step Act Public Law 115-391 Congress.gov,US
prompt1_repetition1_medium,Donald Trump,values,"Executive Order on Safe Policing for Safe Communities June 16, 2020 text",US
prompt1_repetition1_medium,Donald Trump,values,S.1838 Hong Kong Human Rights and Democracy Act of 2019 Congress.gov,US
prompt1_repetition1_medium,Donald Trump,values,Statement by the President on Signing the Uyghur Human Rights Policy Act of 2020 White House June 17 2020,US
prompt1_repetition1_medium,Donald Trump,values,Treasury Global Magnitsky sanctions human rights abuses December 21 2017 press release Treasury EO 13818,US
prompt1_repetition1_medium,Donald Trump,values,"President Trump speech UN Global Call to Protect Religious Freedom September 23, 2019 transcript",US
prompt1_repetition1_medium,Donald Trump,values,Executive Order 13903 Combating Human Trafficking and Online Child Exploitation in the United States text White House,US
prompt1_repetition2_medium,Donald Trump,values,"Executive Order 13818 Global Magnitsky December 20, 2017 Federal Register",US
prompt1_repetition2_medium,Donald Trump,values,Executive Order 13818 Blocking the Property of Persons Involved in Serious Human Rights Abuse or Corruption Federal Register,US
prompt1_repetition2_medium,Donald Trump,values,S.756 First Step Act Public Law 115-391 Congress.gov,US
prompt1_repetition2_medium,Donald Trump,values,"Hong Kong Autonomy Act July 14, 2020 signing statement White House archives",US
prompt1_repetition2_medium,Donald Trump,values,"Women, Peace, and Security Act of 2017 public law signed October 2017 congress.gov",US
prompt1_repetition2_medium,Donald Trump,values,Treasury sanctions 17 individuals Khashoggi November 2018 Global Magnitsky Treasury press release,US
prompt1_repetition2_medium,Donald Trump,values,"Executive Order on Combating Anti-Semitism December 11, 2019 White House archives",US
prompt1_repetition2_medium,Donald Trump,values,"Hong Kong Autonomy Act Public Law July 14, 2020 Congress.gov",US
prompt1_repetition2_medium,Donald Trump,values,"United States Strategy on Women, Peace, and Security June 2019 White House",US
prompt1_repetition3_medium,Donald Trump,values,First Step Act signed into law December 2018 Trump Congress.gov,US
prompt1_repetition3_medium,Donald Trump,values,Public Law 115-391 First Step Act Congress.gov,US
prompt1_repetition3_medium,Donald Trump,values,FOSTA-SESTA signed by President Trump April 2018 White House statement,US
prompt1_repetition3_medium,Donald Trump,values,Allow States and Victims to Fight Online Sex Trafficking Act signed April 2018 statement White House archives,US
prompt1_repetition3_medium,Donald Trump,values,Caesar Syria Civilian Protection Act NDAA FY2020 text Public Law 116-92 Title LXXIV Caesar Act,US
prompt1_repetition3_medium,Donald Trump,values,Women's Global Development and Prosperity Initiative W-GDP fact sheet White House 2019,US
prompt1_repetition3_medium,Donald Trump,values,President Trump United Nations event on religious freedom September 2019 speech transcript,US
prompt1_repetition3_medium,Donald Trump,values,Elie Wiesel Genocide and Atrocities Prevention Act of 2018 signed by President Trump Congress.gov Public Law 115-441,US
prompt1_repetition3_medium,Donald Trump,values,Reuters Trump signs Uyghur Human Rights Policy Act June 17 2020,US
prompt1_repetition4_medium,Donald Trump,values,First Step Act signed 2018 Congress.gov summary Public Law 115-391,US
prompt1_repetition4_medium,Donald Trump,values,Uyghur Human Rights Policy Act of 2020 Public Law 116-145 Congress.gov,US
prompt1_repetition4_medium,Donald Trump,values,S.3744 - 116th Congress Uyghur Human Rights Policy Act of 2020 Congress.gov Public Law 116-145,US
prompt1_repetition4_medium,Donald Trump,values,Executive Order 13899 Combating Anti-Semitism 2019 Federal Register Title VI Trump,US
prompt1_repetition4_medium,Donald Trump,values,State Department Ministerial to Advance Religious Freedom 2018 largest human rights event hosted by State Department,US
prompt1_repetition4_medium,Donald Trump,values,USMCA labor rights rapid response mechanism labor protections summary USTR,US
prompt1_repetition4_medium,Donald Trump,values,Frederick Douglass Trafficking Victims Prevention and Protection Reauthorization Act 2018 Public Law 115-425 signed January 8 2019,US
prompt1_repetition4_medium,Donald Trump,values,Allow States and Victims to Fight Online Sex Trafficking Act FOSTA-SESTA 2018 Public Law 115-164 signed April 11 2018,US
prompt1_repetition4_medium,Donald Trump,values,FUTURE Act 2019 Public Law 116-91 permanent funding HBCUs signed December 19 2019 Congress.gov,US
prompt1_repetition4_medium,Donald Trump,values,"Stop Female Genital Mutilation Act of 2020 Public Law 116-309 signed January 5, 2021 Congress.gov",US
prompt2_repetition0_medium,JD Vance,disregards,JD Vance abortion rape incest exceptions comments 2021 interview,US
prompt2_repetition0_medium,JD Vance,disregards,JD Vance rape incest exceptions abortion 2021 interview Spectrum News Ohio,US
prompt2_repetition0_medium,JD Vance,disregards,JD Vance letter to DOJ Comstock Act 2023 enforce abortion pills senators letter,US
prompt2_repetition0_medium,JD Vance,disregards,UN experts gender-affirming care bans human rights United States 2023 statement,US
prompt2_repetition0_medium,JD Vance,disregards,JD Vance Respect for Marriage Act oppose statement 2022 Ohio,US
prompt2_repetition0_medium,JD Vance,disregards,JD Vance I don't give a shit what you call it killing cartel members X post,US
prompt2_repetition0_medium,JD Vance,disregards,JD Vance birthright citizenship constitutional amendment comment 2024 2025,US
prompt2_repetition0_medium,JD Vance,disregards,UDHR Article 15 right to nationality text United Nations,US
prompt2_repetition0_medium,JD Vance,disregards,JD Vance 'groomers' LGBTQ comment source 2022 2023 Ohio rally,US
prompt2_repetition0_medium,JD Vance,disregards,UN human rights reproductive rights are human rights statement 2023 UNFPA OHCHR,US
prompt2_repetition0_medium,JD Vance,disregards,UN arbitrary deprivation of life extrajudicial execution human rights law prohibition due process Minnesota Protocol overview OHCHR,US
prompt2_repetition0_medium,JD Vance,disregards,American Medical Association policy gender-affirming care medically necessary statement site:ama-assn.org,US
prompt2_repetition0_medium,JD Vance,disregards,JD Vance I'll stop calling people groomers when they stop freaking out about bills tweet April 2022 Mediaite,US
prompt2_repetition0_medium,JD Vance,disregards,Mediaite Vance groomers April 2022 'I'll stop calling people groomers' Vance Tucker Carlson interview,US
prompt2_repetition1_medium,JD Vance,disregards,JD Vance human rights criticism abortion rape incest exceptions remarks staying in violent marriage no fault divorce 2021 interview,US
prompt2_repetition1_medium,JD Vance,disregards,JD Vance bill gender-affirming surgery minors federal felony bill text introduced Senate 2023,US
prompt2_repetition1_medium,JD Vance,disregards,J.D. Vance two wrongs don't make a right rape incest exceptions interview September 2021 Vance,US
prompt2_repetition1_medium,JD Vance,disregards,Senator JD Vance introduced bill federal felony gender-affirming surgery minors 'Protect Children's Innocence Act' sponsor? not Vance maybe Marjorie Taylor Greene in House; check Vance cosponsor Senate,US
prompt2_repetition1_medium,JD Vance,disregards,JD Vance violent marriage comments no-fault divorce 2021 Pacifica Christian High School speech video 'very violent but they never got divorced' quote,US
prompt2_repetition1_medium,JD Vance,disregards,At 2021 O.C. event JD Vance said divorces after unhappy 'even violent' marriages didn’t work out for the kids Los Angeles Times,US
prompt2_repetition1_medium,JD Vance,disregards,September 2021 JD Vance 'two wrongs don't make a right' rape incest exceptions interview Spectrum News 'Fox 8' 'Cincinnati Enquirer' 'Catholic Vote',US
prompt2_repetition1_medium,JD Vance,disregards,JD Vance Insurrection Act day one Trump use the military domestically deportations interview use of US military at border migrants 2024 2025,US
prompt2_repetition1_medium,JD Vance,disregards,Passport Sanity Act Vance press release site:senate.gov,US
prompt2_repetition1_medium,JD Vance,disregards,site:vance.senate.gov press release Passport Sanity Act,US
prompt2_repetition1_medium,JD Vance,disregards,site:congress.gov Vance gender minors surgery felony bill 2023 'Protect Children's Innocence Act' Senate companion sponsor J.D. Vance,US
prompt2_repetition1_medium,JD Vance,disregards,"site:congress.gov ""Protect Children's Innocence Act"" Senate companion 2023 118th Vance",US
prompt2_repetition1_medium,JD Vance,disregards,All Info S.2357 118th Congress Protect Children's Innocence Act sponsor 'Senate',US
prompt2_repetition1_medium,JD Vance,disregards,Columbus Dispatch JD Vance opposes Respect for Marriage Act August 2022 'Ohio Senate race',US
prompt2_repetition1_medium,JD Vance,disregards,OHCHR safe abortion is a human right statement 2022,US
prompt2_repetition1_medium,JD Vance,disregards,OHCHR 'abortion is a human right' statement 2022 2023 UN Human Rights Office,US
prompt2_repetition1_medium,JD Vance,disregards,JD Vance Soros planes flying Black women for abortions podcast 2022 comment 'Soros paying to fly Black women to get abortions' Vance podcast interview,US
prompt2_repetition1_medium,JD Vance,disregards,Universal Declaration of Human Rights Article 3 right to life liberty and security of person UN,US
prompt2_repetition1_medium,JD Vance,disregards,OHCHR legal gender recognition human rights identity documents recognition before the law 2018 2020 UN Free & Equal,US
prompt2_repetition2_medium,JD Vance,disregards,JD Vance voting record abortion Senate 2023 2024 Congress.gov,US
prompt2_repetition2_medium,JD Vance,disregards,Congress.gov Life at Conception Act cosponsors Senate 118th JD Vance,US
prompt2_repetition2_medium,JD Vance,disregards,JD Vance Obergefell wrongly decided statement 2022,US
prompt2_repetition2_medium,JD Vance,disregards,JD Vance abortion no exceptions rape incest 2022 interview,US
prompt2_repetition2_medium,JD Vance,disregards,mass deportation human rights due process ACLU analysis 2024 2025,US
prompt2_repetition2_medium,JD Vance,disregards,Human Rights Watch gender-affirming care bans violate human rights United States 2023 2024,US
prompt2_repetition2_medium,JD Vance,disregards,Vice President JD Vance official White House biography 2025,US
prompt2_repetition2_medium,JD Vance,disregards,United Nations human rights abortion access is human rights UN experts statement United States 2022 2023,US
prompt2_repetition3_medium,JD Vance,disregards,JD Vance abortion rape incest exceptions comments 2021 interview 'two wrongs don't make a right',US
prompt2_repetition3_medium,JD Vance,disregards,J.D. Vance rape incest exceptions abortion 'two wrongs make a right' 2021 interview Spectrum News Ohio,US
prompt2_repetition3_medium,JD Vance,disregards,Senate roll call vote Right to Contraception Act 2024 cloture roll call,US
prompt2_repetition3_medium,JD Vance,disregards,J.D. Vance mass deportations comments 2024 Insurrection Act immigration,US
prompt2_repetition3_medium,JD Vance,disregards,Reuters JD Vance Haitian immigrants Springfield comments 2024,US
prompt2_repetition3_medium,JD Vance,disregards,Senate bill to ban Gaza Palestinian refugees 2023 2024 Cotton bill Vance cosponsor,US
prompt2_repetition3_medium,JD Vance,disregards,JD Vance Respect for Marriage Act position 2022 opposed same-sex marriage bill Ohio Senate campaign,US
prompt2_repetition3_medium,JD Vance,disregards,Senator JD Vance 'Protect Children's Innocence Act' bill number Senate 2023 press release,US
prompt2_repetition3_medium,JD Vance,disregards,vance.senate.gov press release Protect Children's Innocence Act 2023 Vance introduces legislation to ban gender-affirming care for minors,US
prompt2_repetition3_medium,JD Vance,disregards,"CBS Face the Nation May 19, 2024 JD Vance interview transcript immigration deportations",US
prompt2_repetition3_medium,JD Vance,disregards,vance senate press release gender-affirming care minors bill 'Protect Children's Innocence Act' site:vance.senate.gov,US
prompt2_repetition3_medium,JD Vance,disregards,Human Rights Watch transgender youth healthcare bans human rights analysis United States 2023 2024,US
prompt2_repetition3_medium,JD Vance,disregards,Universal Declaration of Human Rights Article 12 privacy Article 16 family Article 25 health Article 14 asylum UN,US
prompt2_repetition4_medium,JD Vance,disregards,JD Vance rape incest exceptions interview 2021 source,US
prompt2_repetition4_medium,JD Vance,disregards,Spectrum News 1 Curtis Jackson interview J.D. Vance September 2021 rape incest exceptions transcript,US
prompt2_repetition4_medium,JD Vance,disregards,J.D. Vance mass deportations support 2024 interview Meet the Press immigration,US
prompt2_repetition4_medium,JD Vance,disregards,J.D. Vance Lindsey Graham 15-week abortion 'totally reasonable' 2022 interview source,US
prompt2_repetition4_medium,JD Vance,disregards,UN human rights reproductive rights are human rights ICCPR general comment abortion,US
prompt2_repetition4_medium,JD Vance,disregards,WHO Abortion care guideline 2022 PDF site:who.int,US
prompt2_repetition4_medium,JD Vance,disregards,Axios catch and revoke student visas AI Hamas 2025 report,US
prompt2_repetition4_medium,JD Vance,disregards,Vice President J.D. Vance Vatican immigration meeting 2025 Reuters,US
prompt2_repetition4_medium,JD Vance,disregards,J.D. Vance I don't really care what happens to Ukraine one way or the other source 2022 Reuters Cincinnati Enquirer War Room podcast,US
prompt2_repetition4_medium,JD Vance,disregards,J.D. Vance gender-affirming care minors federal bill co-sponsor 2023 Senate,US
prompt2_repetition4_medium,JD Vance,disregards,OHCHR experts gender-affirming care bans human rights violations 2023 2024,US
prompt2_repetition4_medium,JD Vance,disregards,OHCHR gender-affirming care bans violate human rights statement site:ohchr.org 2023 2024 2025,US
prompt2_repetition4_medium,JD Vance,disregards,American Academy of Pediatrics gender-affirming care policy statement human rights,US
prompt3_repetition0_medium,JD Vance,values,JD Vance Senate website press releases human rights,US
prompt3_repetition0_medium,JD Vance,values,JD Vance condemned antisemitism resolution Senate 2023,US
prompt3_repetition0_medium,JD Vance,values,Senator JD Vance press release condemn antisemitism 2023 site:senate.gov,US
prompt3_repetition0_medium,JD Vance,values,Vance East Palestine Railway Safety Act human rights framing press release vance.senate.gov,US
prompt3_repetition0_medium,JD Vance,values,JD Vance introduced bill human trafficking 2023 site:congress.gov Vance,US
prompt3_repetition0_medium,JD Vance,values,JD Vance statement religious freedom commission USCIRF letter 2023 Vance,US
prompt3_repetition0_medium,JD Vance,values,JD Vance condemns antisemitism 2025 speech,US
prompt3_repetition0_medium,JD Vance,values,JD Vance March for Life 2025 speech video,US
prompt3_repetition0_medium,JD Vance,values,JD Vance Munich Security Conference 2025 speech transcript,US
prompt3_repetition1_medium,JD Vance,values,Senator JD Vance co-sponsor Kids Online Safety Act Vance,US
prompt3_repetition1_medium,JD Vance,values,S.4091 Countering Antisemitism Act cosponsors Vance,US
prompt3_repetition1_medium,JD Vance,values,JD Vance letter Department of Education antisemitism Title VI 2023 2024,US
prompt3_repetition1_medium,JD Vance,values,Senate roll call vote KOSA July 30 2024 S.1409 vote names Vance,US
prompt3_repetition1_medium,JD Vance,values,Senator JD Vance trafficking bill cosponsor 2023 2024,US
prompt3_repetition1_medium,JD Vance,values,Senator JD Vance press release human rights,US
prompt3_repetition1_medium,JD Vance,values,Vance Brown Railway Safety Act 2023 cosponsor press release Senate,US
prompt3_repetition1_medium,JD Vance,values,Senate resolution denouncing antisemitism at institutions of higher education October 2023 unanimous consent,US
prompt3_repetition1_medium,JD Vance,values,Vance statement antisemitism campus Senate press release JD Vance,US
prompt3_repetition2_medium,JD Vance,values,JD Vance human rights statements,US
prompt3_repetition2_medium,JD Vance,values,Senator JD Vance press release human rights,US
prompt3_repetition2_medium,JD Vance,values,Senator JD Vance cosponsor sanctions human rights 2023 2024 Iran Russia Myanmar Hong Kong,US
prompt3_repetition2_medium,JD Vance,values,JD Vance statement Uyghur genocide 2024 2025 site:senate.gov,US
prompt3_repetition2_medium,JD Vance,values,Trafficking Victims Protection Reauthorization Act 2023 Senate vote,US
prompt3_repetition2_medium,JD Vance,values,JD Vance statement human rights Iran protest 2022 2023,US
prompt3_repetition2_medium,JD Vance,values,Vance co-sponsor Uyghur 2023 Senate,US
prompt3_repetition2_medium,JD Vance,values,J.D. Vance cosponsor Magnitsky 2023 Senate,US
prompt3_repetition2_medium,JD Vance,values,Railway Safety Act of 2023 Vance Brown bipartisan press release site:vance.senate.gov,US
prompt3_repetition2_medium,JD Vance,values,JD Vance resolution antisemitism 2023 2024 senate,US
prompt3_repetition3_medium,JD Vance,values,JD Vance human rights statements,US
prompt3_repetition3_medium,JD Vance,values,Senator JD Vance bill human trafficking fentanyl 2023 2024,US
prompt3_repetition3_medium,JD Vance,values,JD Vance antisemitism campus statement 2023 2024 Senate,US
prompt3_repetition3_medium,JD Vance,values,site:congress.gov Vance trafficking 118th Congress,US
prompt3_repetition3_medium,JD Vance,values,JD Vance Senate press release human rights,US
prompt3_repetition3_medium,JD Vance,values,JD Vance Uyghur forced labor statement 2023,US
prompt3_repetition3_medium,JD Vance,values,JD Vance HALT Fentanyl Act statement 2025,US
prompt3_repetition3_medium,JD Vance,values,Vance Dismantle DEI Act press release equal protection 2024,US
prompt3_repetition4_medium,JD Vance,values,J.D. Vance Railway Safety Act 2023 co-sponsor Brown East Palestine,US
prompt3_repetition4_medium,JD Vance,values,Sen. J.D. Vance Railway Safety Act introduced press release Senate 2023 Vance Brown,US
prompt3_repetition4_medium,JD Vance,values,J.D. Vance cosponsor EARN IT Act 2023 senate,US
prompt3_repetition4_medium,JD Vance,values,J.D. Vance cosponsored resolution condemning antisemitism 2023 Senate,US
prompt3_repetition4_medium,JD Vance,values,Sen. J.D. Vance cosponsor human trafficking 2023 2024 Senate,US
prompt3_repetition4_medium,JD Vance,values,Vance letter Uyghur genocide human rights Senate 2023 Vance press release,US
prompt3_repetition4_medium,JD Vance,values,J.D. Vance Vice President 2025 sworn in January 20 2025 Vice President of the United States,US
prompt4_repetition0_medium,Marco Rubio,disregards,Marco Rubio vote torture amendment 2015 McCain Feinstein,US
prompt4_repetition0_medium,Marco Rubio,disregards,Roll call vote Senate 54-46 Yemen War Powers 2019 how did Marco Rubio vote,US
prompt4_repetition0_medium,Marco Rubio,disregards,Marco Rubio torture stance 2016 debate enhanced interrogation quote,US
prompt4_repetition0_medium,Marco Rubio,disregards,Rubio would have voted no on McCain Feinstein amendment statement 'telegraphing the enemy' 2015 Rubio statement,US
prompt4_repetition0_medium,Marco Rubio,disregards,Politico GOP candidates on anti-torture law Rubio opposed McCain-Feinstein amendment quote,US
prompt4_repetition0_medium,Marco Rubio,disregards,Rubio 'I would have voted no on this amendment' telegraphing to the enemy Guardian June 2015 Rubio torture amendment Guardian quote,US
prompt4_repetition0_medium,Marco Rubio,disregards,Senate Roll Call USA FREEDOM Act 2015 vote 62-32 list Rubio,US
prompt4_repetition0_medium,Marco Rubio,disregards,2016 Senate vote block arms sales to Saudi Arabia S.J.Res.39 roll call Rubio vote,US
prompt4_repetition1_medium,Marco Rubio,disregards,Marco Rubio USA Freedom Act vote 2015,US
prompt4_repetition1_medium,Marco Rubio,disregards,Marco Rubio 'stupid waste of time' Respect for Marriage Act Business Insider Manu Raju tweet,US
prompt4_repetition1_medium,Marco Rubio,disregards,Marco Rubio New York Times op-ed NSA phone records program 2015 Rubio metadata,US
prompt4_repetition1_medium,Marco Rubio,disregards,ACLU USA Freedom Act Rubio vote privacy human rights,US
prompt4_repetition1_medium,Marco Rubio,disregards,McCain Feinstein anti-torture amendment 2015 vote roll call Rubio,US
prompt4_repetition1_medium,Marco Rubio,disregards,Human Rights Watch Guantanamo indefinite detention human rights violations,US
prompt4_repetition1_medium,Marco Rubio,disregards,Human Rights Watch Guantanamo arbitrary detention human rights 2016 statement,US
prompt4_repetition1_medium,Marco Rubio,disregards,Rubio co-sponsor Lindsey Graham 15-week abortion ban 2022 statement Rubio co-sponsor,US
prompt4_repetition1_medium,Marco Rubio,disregards,Rubio vote John Lewis Voting Rights Advancement Act 2021 cloture,US
prompt4_repetition1_medium,Marco Rubio,disregards,UDHR Article 21 voting participation right United Nations,US
prompt4_repetition1_medium,Marco Rubio,disregards,Marco Rubio Syrian refugees 2015 Rubio stance halt Syrian refugee resettlement,US
prompt4_repetition1_medium,Marco Rubio,disregards,UDHR Article 14 right to seek asylum United Nations,US
prompt4_repetition1_medium,Marco Rubio,disregards,Marco Rubio death penalty stance federal Rubio statement death penalty,US
prompt4_repetition1_medium,Marco Rubio,disregards,Amnesty International death penalty human rights violation right to life,US
prompt4_repetition1_medium,Marco Rubio,disregards,Rubio Uyghur Human Rights Policy Act sponsor 2020,US
prompt4_repetition1_medium,Marco Rubio,disregards,Respect for Marriage Act Senate roll call 2022 final vote Rubio no list,US
prompt4_repetition1_medium,Marco Rubio,disregards,Human Rights Watch marriage equality human rights,US
prompt4_repetition1_medium,Marco Rubio,disregards,U.S. Senate roll call vote John Lewis Voting Rights Advancement Act cloture November 3 2021 vote number list Rubio,US
prompt4_repetition1_medium,Marco Rubio,disregards,Amnesty International abortion is a human right,US
prompt4_repetition2_medium,Marco Rubio,disregards,Marco Rubio NSA bulk metadata program 2015 op-ed USA Freedom Act,US
prompt4_repetition2_medium,Marco Rubio,disregards,Senate roll call final passage H.R. 8404 Respect for Marriage Act November 29 2022 vote 387,US
prompt4_repetition2_medium,Marco Rubio,disregards,Rubio statement Guantanamo keep open site:rubio.senate.gov,US
prompt4_repetition2_medium,Marco Rubio,disregards,Marco Rubio torture waterboarding is not torture quote 2016 Rubio interview,US
prompt4_repetition2_medium,Marco Rubio,disregards,Senate roll call Freedom to Vote Act cloture 2021 vote results list of nays,US
prompt4_repetition2_medium,Marco Rubio,disregards,senate roll call vote Respect for Marriage Act final passage roll call 117 2 vote number 387 Rubio,US
prompt4_repetition2_medium,Marco Rubio,disregards,Rubio bill prohibit transfer of Guantanamo detainees 2016 Senate Rubio press release,US
prompt4_repetition2_medium,Marco Rubio,disregards,Amnesty International Guantanamo indefinite detention human rights violations report 2016 2020,US
prompt4_repetition2_medium,Marco Rubio,disregards,Marco Rubio USA Freedom Act op-ed 'we need to restore NSA metadata program' Senate floor May 2015 transcript,US
prompt4_repetition2_medium,Marco Rubio,disregards,Human Rights Campaign Congress scorecard Marco Rubio 117th 2022 score,US
prompt4_repetition2_medium,Marco Rubio,disregards,Marco Rubio Life at Conception Act cosponsor 2022 2021,US
prompt4_repetition2_medium,Marco Rubio,disregards,Rubio cosponsored Pain-Capable Unborn Child Protection Act Senate 115th 116th cosponsors,US
prompt4_repetition2_medium,Marco Rubio,disregards,UN Human Rights Committee General Comment No. 36 right to life abortion restrictions violate rights paragraph 8 2018,US
prompt4_repetition2_medium,Marco Rubio,disregards,U.S. Senate roll call Freedom to Vote Act 2021 cloture motion votar 480 Always? S.2747 cloture 2021 Senate Rubio vote 'nay' ,US
prompt4_repetition2_medium,Marco Rubio,disregards,Uyghur Human Rights Policy Act 2020 Rubio sponsor cosponsor 'Public Law 116-145' Rubio quote,US
prompt4_repetition3_medium,Marco Rubio,disregards,Marco Rubio vote USA Freedom Act 2015 Senate vote roll call,US
prompt4_repetition3_medium,Marco Rubio,disregards,Marco Rubio waterboarding position 2016 debate statement New York Times,US
prompt4_repetition3_medium,Marco Rubio,disregards,Marco Rubio encryption Apple FBI backdoor 2016 Rubio statement,US
prompt4_repetition3_medium,Marco Rubio,disregards,Senate vote roll call Women's Health Protection Act 2022 cloture vote Rubio,US
prompt4_repetition3_medium,Marco Rubio,disregards,Marco Rubio Gang of Eight immigration reform 2013 role bill S.744 vote,US
prompt4_repetition3_medium,Marco Rubio,disregards,Marco Rubio Guantanamo keep open quote 2016 debate Guantanamo should be putting people into Guantanamo not emptying it out,US
prompt4_repetition3_medium,Marco Rubio,disregards,Senate vote John Lewis Voting Rights Advancement Act 2021 cloture roll call Rubio vote,US
prompt4_repetition3_medium,Marco Rubio,disregards,Rubio Venezuela human rights VERDAD Act 2019 Rubio sponsor,US
prompt4_repetition4_medium,Marco Rubio,disregards,Marco Rubio waterboarding torture 2016 debate quote,US
prompt4_repetition4_medium,Marco Rubio,disregards,Roll Call Vote 116th Congress Yemen S.J.Res.7 March 2019 Senate roll call Rubio,US
prompt4_repetition4_medium,Marco Rubio,disregards,ACLU Combating BDS Act First Amendment Rubio S.1 2019 ACLU statement,US
prompt4_repetition4_medium,Marco Rubio,disregards,Marco Rubio Guantanamo keep open statement 2016 Rubio Guantanamo should be kept open quote ABC debate,US
prompt4_repetition4_medium,Marco Rubio,disregards,Human Rights Watch Rubio BDS Act free speech First Amendment anti-boycott laws US Congress 2019,US
prompt4_repetition4_medium,Marco Rubio,disregards,S.1838 116th Congress Hong Kong Human Rights and Democracy Act Congress.gov Rubio,US
prompt4_repetition4_medium,Marco Rubio,disregards,Marco Rubio Wall Street Journal op-ed phone records metadata 2015 defend Patriot Act,US
prompt4_repetition4_medium,Marco Rubio,disregards,EFF Marco Rubio USA Freedom Act criticism Rubio PATRIOT Act Section 215,US
prompt4_repetition4_medium,Marco Rubio,disregards,S.1 116th Congress Strengthening America's Security in the Middle East Act text Congress.gov Rubio Combating BDS Act,US
prompt4_repetition4_medium,Marco Rubio,disregards,Marco Rubio Syrian refugees 2015 pause Syrian refugees stance quote,US
prompt5_repetition0_medium,Marco Rubio,values,Marco Rubio Uyghur Human Rights Policy Act 2020 Congress.gov,US
prompt5_repetition0_medium,Marco Rubio,values,Marco Rubio Secretary of State 2025,US
prompt5_repetition0_medium,Marco Rubio,values,Uyghur Forced Labor Prevention Act Rubio sponsor Congress.gov 2021,US
prompt5_repetition0_medium,Marco Rubio,values,Global Magnitsky Human Rights Accountability Act 2016 cosponsors Rubio Congress.gov,US
prompt5_repetition0_medium,Marco Rubio,values,Marco Rubio CECC cochair 2019 CECC leadership list,US
prompt5_repetition0_medium,Marco Rubio,values,Rubio Venezuela sanctions bill 2017 2019 press release Rubio Venezuela human rights,US
prompt5_repetition0_medium,Marco Rubio,values,China sanctions Marco Rubio 2020 Xinjiang sanctions Reuters,US
prompt5_repetition0_medium,Marco Rubio,values,Hong Kong Safe Harbor Act Rubio 2020 Congress.gov,US
prompt5_repetition1_medium,Marco Rubio,values,Marco Rubio Uyghur Forced Labor Prevention Act law 2021,US
prompt5_repetition1_medium,Marco Rubio,values,Uyghur Forced Labor Prevention Act Rubio Merkley became law December 2021 Congress.gov,US
prompt5_repetition1_medium,Marco Rubio,values,Congressional-Executive Commission on China Marco Rubio cochair human rights report 2019 2020 CECC,US
prompt5_repetition1_medium,Marco Rubio,values,Global Magnitsky Human Rights Accountability Act 2016 cosponsors list Rubio,US
prompt5_repetition1_medium,Marco Rubio,values,Venezuela Defense of Human Rights and Civil Society Act of 2014 Rubio sponsor Congress.gov,US
prompt5_repetition1_medium,Marco Rubio,values,Rubio Cuba human rights sanctions Cuba 2021 Rubio statement Press release 'Cuba Freedom' human rights,US
prompt5_repetition1_medium,Marco Rubio,values,H.R.6256 117th Congress Uyghur Forced Labor Prevention Act Congress.gov,US
prompt5_repetition1_medium,Marco Rubio,values,S.65 Uyghur Forced Labor Prevention Act Rubio 117th Congress Congress.gov,US
prompt5_repetition2_medium,Marco Rubio,values,Marco Rubio Uyghur Human Rights Policy Act of 2020 sponsor,US
prompt5_repetition2_medium,Marco Rubio,values,Marco Rubio Secretary of State 2025 confirmation,US
prompt5_repetition2_medium,Marco Rubio,values,Congressional-Executive Commission on China Marco Rubio cochair 2015 2016 official site,US
prompt5_repetition2_medium,Marco Rubio,values,Rubio Venezuela Defense of Human Rights and Civil Society Act 2014 Rubio role,US
prompt5_repetition2_medium,Marco Rubio,values,Rubio introduced Cuban Human Rights bill 2017 2019 Rubio Cuba human rights bill,US
prompt5_repetition3_medium,Marco Rubio,values,S.65 117th Congress Uyghur Forced Labor Prevention Act sponsor Rubio Congress.gov,US
prompt5_repetition3_medium,Marco Rubio,values,S.65 - Uyghur Forced Labor Prevention Act 117th Congress Congress.gov sponsor Marco Rubio,US
prompt5_repetition3_medium,Marco Rubio,values,Global Magnitsky Human Rights Accountability Act cosponsors Marco Rubio Congress.gov S.284 114th Congress,US
prompt5_repetition3_medium,Marco Rubio,values,CECC Marco Rubio cochair 2021,US
prompt5_repetition3_medium,Marco Rubio,values,Rubio Cuba human rights bill Senate 2016 2017 'Cuban' Human Rights,US
prompt5_repetition3_medium,Marco Rubio,values,Venezuela Defense of Human Rights and Civil Society Extension Act of 2016 Rubio Congress.gov,US
prompt5_repetition3_medium,Marco Rubio,values,Rubio Burma Human Rights and Freedom Act Congress.gov Rubio,US
prompt5_repetition3_medium,Marco Rubio,values,Padilla Rubio bill to hold the Iranian regime accountable signed into law press release 2024 Rubio Padilla,US
prompt5_repetition4_medium,Marco Rubio,values,Marco Rubio sponsor Uyghur Human Rights Policy Act 2020 Congress.gov,US
prompt5_repetition4_medium,Marco Rubio,values,Statement by the President on signing S.3744 Uyghur Human Rights Policy Act of 2020 White House,US
prompt5_repetition4_medium,Marco Rubio,values,S.65 Uyghur Forced Labor Prevention Act 117th Congress sponsor Rubio Congress.gov,US
prompt5_repetition4_medium,Marco Rubio,values,Rubio Venezuela human rights law VERDAD Act 2019 sponsor Congress.gov,US
prompt5_repetition4_medium,Marco Rubio,values,CECC Annual Report 2019 letter from Marco Rubio human rights China,US
prompt5_repetition4_medium,Marco Rubio,values,Rubio human rights democracy press release Rubio.senate.gov human rights,US
prompt5_repetition4_medium,Marco Rubio,values,Uyghur Forced Labor Prevention Act public law number 2021 white house proclamation,US
prompt5_repetition4_medium,Marco Rubio,values,Rubio.senate.gov human rights press release Hong Kong Human Rights and Democracy Act Rubio,US
prompt5_repetition4_medium,Marco Rubio,values,S.2265 Nicaraguan Investment Conditionality Act Rubio cosponsor Congress.gov,US
prompt6_repetition0_medium,Alexandria Ocasio-Cortez,disregards,Alexandria Ocasio-Cortez vote Uyghur Forced Labor Prevention Act roll call 2021,US
prompt6_repetition0_medium,Alexandria Ocasio-Cortez,disregards,"House Roll Call 412 December 8, 2021 H.R. 1155 Uyghur Forced Labor Prevention Act roll call clerk AOC vote",US
prompt6_repetition0_medium,Alexandria Ocasio-Cortez,disregards,Roll Call vote H.R. 5323 Iron Dome Supplemental Appropriations Act 2021 present vote Ocasio-Cortez clerk.house.gov,US
prompt6_repetition2_medium,Alexandria Ocasio-Cortez,disregards,Congress.gov Alexandria Ocasio-Cortez voting record Uyghur Forced Labor Prevention Act vote,US
prompt6_repetition2_medium,Alexandria Ocasio-Cortez,disregards,Congress.gov H.R.1155 117th Congress Uyghur Forced Labor Prevention Act cosponsors Ocasio-Cortez,US
prompt6_repetition2_medium,Alexandria Ocasio-Cortez,disregards,House vote HJRes 37 2019 Yemen War Powers Ocasio-Cortez vote,US
prompt6_repetition2_medium,Alexandria Ocasio-Cortez,disregards,NAACP legislative report card 117th Congress Alexandria Ocasio-Cortez score,US
prompt6_repetition2_medium,Alexandria Ocasio-Cortez,disregards,House Roll Call H.R.8035 Ukraine Security Supplemental Appropriations Act 2024 roll call Ocasio-Cortez vote,US
prompt6_repetition2_medium,Alexandria Ocasio-Cortez,disregards,H.Res.786 ceasefire in Gaza 2023 cosponsors Ocasio-Cortez,US
prompt6_repetition2_medium,Alexandria Ocasio-Cortez,disregards,clerk.house.gov Roll Call 151 2024 118th Congress Ocasio-Cortez vote Ukraine Security Supplemental,US
prompt6_repetition2_medium,Alexandria Ocasio-Cortez,disregards,House Roll Call H.R.1155 Uyghur Forced Labor Prevention Act roll call 2021 428-1 clerk house votes Ocasio-Cortez,US
prompt7_repetition0_medium,Alexandria Ocasio-Cortez,values,House Clerk roll call vote Respect for Marriage Act 2022 House AOC vote,US
prompt7_repetition0_medium,Alexandria Ocasio-Cortez,values,House Clerk roll call vote H.R. 1280 117th Congress roll call 60 AOC vote,US
prompt7_repetition0_medium,Alexandria Ocasio-Cortez,values,clerk.house.gov roll call 60 2021 House Roll no. 60 H.R. 1280 vote detail,US
prompt7_repetition0_medium,Alexandria Ocasio-Cortez,values,clerk.house.gov Votes Uyghur Forced Labor Prevention Act H.R. 6256 House roll call 2021 Ocasio-Cortez,US
prompt7_repetition0_medium,Alexandria Ocasio-Cortez,values,clerk.house.gov Votes 2021 H.R. 1620 Violence Against Women Act Roll call AOC vote,US
prompt7_repetition0_medium,Alexandria Ocasio-Cortez,values,House roll call COVID-19 Hate Crimes Act S.937 2021 House vote AOC vote clerk.house.gov,US
prompt7_repetition1_medium,Alexandria Ocasio-Cortez,values,AOC vote Uyghur Forced Labor Prevention Act House roll call 2021,US
prompt7_repetition1_medium,Alexandria Ocasio-Cortez,values,"House Roll Call 412 December 8, 2021 H.R. 1155 vote roll call 412 AOC",US
prompt7_repetition1_medium,Alexandria Ocasio-Cortez,values,clerk.house.gov roll 39 2021 Equality Act H.R. 5 vote 117th,US
prompt7_repetition1_medium,Alexandria Ocasio-Cortez,values,clerk.house.gov H.R. 1333 NO BAN Act roll call vote 2021 'On Passage' clerk,US
prompt7_repetition1_medium,Alexandria Ocasio-Cortez,values,clerk.house.gov 2021 roll 86 H.R. 1620 vote 117th Violence Against Women Reauthorization Act roll call 86,US
prompt7_repetition1_medium,Alexandria Ocasio-Cortez,values,clerk.house.gov roll 412 2021 H.R.1155 Uyghur Forced Labor Prevention Act roll call 412 AOC Yea,US
prompt7_repetition1_medium,Alexandria Ocasio-Cortez,values,H.R. 2070 Puerto Rico Self-Determination Act 2021 co-sponsors Ocasio-Cortez,US
prompt7_repetition1_medium,Alexandria Ocasio-Cortez,values,H.R. 1573 Access to Counsel Act vote roll call 2021 clerk.house.gov AOC,US
prompt7_repetition1_medium,Alexandria Ocasio-Cortez,values,Human Rights Campaign Congressional Scorecard Alexandria Ocasio-Cortez 117th 118th 100%,US
prompt7_repetition1_medium,Alexandria Ocasio-Cortez,values,clerk.house.gov Votes 2021129 Access to Counsel Act On Passage 217-207 Ocasio-Cortez Yea,US
prompt7_repetition2_medium,Alexandria Ocasio-Cortez,values,AOC Puerto Rico Self-Determination Act 2021 congress.gov,US
prompt7_repetition2_medium,Alexandria Ocasio-Cortez,values,House Roll Call Uyghur Forced Labor Prevention Act final passage 2021 clerk.house.gov roll call,US
prompt7_repetition2_medium,Alexandria Ocasio-Cortez,values,Roll Call 60 2021 House H.R. 1280 George Floyd Justice in Policing Act clerk.house.gov,US
prompt7_repetition2_medium,Alexandria Ocasio-Cortez,values,H.J.Res. 37 116th Congress Yemen War Powers House roll call clerk.house.gov 2019,US
prompt7_repetition2_medium,Alexandria Ocasio-Cortez,values,clerk.house.gov Roll Call 78 116th 2019 Yemen HJRes 37 recorded vote by name Ocasio-Cortez,US
prompt7_repetition2_medium,Alexandria Ocasio-Cortez,values,clerk.house.gov Feb 13 2019 On passage H.J.Res.37 roll call list,US
prompt7_repetition2_medium,Alexandria Ocasio-Cortez,values,clerk.house.gov Roll Call 83 2019 House Yemen H.J.Res.37 vote details by name,US
prompt7_repetition2_medium,Alexandria Ocasio-Cortez,values,clerk.house.gov roll call vote Uyghur Forced Labor Prevention Act House 2021 roll call member list,US
prompt7_repetition2_medium,Alexandria Ocasio-Cortez,values,ocasio-cortez.house.gov human rights statement,US
prompt7_repetition2_medium,Alexandria Ocasio-Cortez,values,clerk.house.gov Roll Call 217 2021 Equality Act H.R. 5 Ocasio-Cortez Yea,US
prompt7_repetition2_medium,Alexandria Ocasio-Cortez,values,Ocasio-Cortez Yemen War Powers Resolution H.J.Res. 37 statement tweet,US
prompt7_repetition2_medium,Alexandria Ocasio-Cortez,values,clerk.house.gov Roll Call 60 2021 House,US
prompt7_repetition3_medium,Alexandria Ocasio-Cortez,values,Alexandria Ocasio-Cortez human rights legislation co-sponsor site:congress.gov,US
prompt7_repetition3_medium,Alexandria Ocasio-Cortez,values,Clerk House Roll Call 2019 Yemen War Powers HJRes 37 vote,US
prompt7_repetition3_medium,Alexandria Ocasio-Cortez,values,clerk.house.gov H.J.Res. 37 Yemen Roll Call final passage 2019 House,US
prompt7_repetition3_medium,Alexandria Ocasio-Cortez,values,clerk.house.gov vote roll call H.R. 5 Equality Act 2021 final passage,US
prompt7_repetition3_medium,Alexandria Ocasio-Cortez,values,clerk.house.gov roll call 412 2021 Uyghur Forced Labor Prevention Act roll 412,US
prompt7_repetition3_medium,Alexandria Ocasio-Cortez,values,site:clerk.house.gov evs 2021 roll412.xml,US
prompt7_repetition3_medium,Alexandria Ocasio-Cortez,values,Dignity for Detained Immigrants Act Ocasio-Cortez cosponsor Congress.gov,US
prompt7_repetition3_medium,Alexandria Ocasio-Cortez,values,Ocasio-Cortez 9/11 Immigrant Worker Freedom Act press release,US
prompt7_repetition3_medium,Alexandria Ocasio-Cortez,values,clerk.house.gov Roll Call George Floyd Justice in Policing Act 2021 H.R. 1280 vote,US
prompt7_repetition3_medium,Alexandria Ocasio-Cortez,values,Tom Lantos Human Rights Commission member Alexandria Ocasio-Cortez,US
prompt7_repetition3_medium,Alexandria Ocasio-Cortez,values,NO BAN Act H.R. 1333 2021 roll call clerk,US
prompt7_repetition3_medium,Alexandria Ocasio-Cortez,values,How did Alexandria Ocasio-Cortez vote on H.R. 1155 Uyghur Forced Labor Prevention Act 2021,US
prompt7_repetition4_medium,Alexandria Ocasio-Cortez,values,Alexandria Ocasio-Cortez Congress.gov profile bills sponsored cosponsored,US
prompt7_repetition4_medium,Alexandria Ocasio-Cortez,values,H.R.5 Equality Act 116th Congress cosponsors Ocasio-Cortez,US
prompt7_repetition4_medium,Alexandria Ocasio-Cortez,values,Roll Call Vote Equality Act H.R.5 2019 House roll call clerk.house.gov,US
prompt7_repetition4_medium,Alexandria Ocasio-Cortez,values,Final vote results for roll call 217 2019 House Equality Act clerk.house.gov,US
prompt7_repetition4_medium,Alexandria Ocasio-Cortez,values,Roll 217 2019 Equality Act House vote how did Ocasio-Cortez vote site:govtrack.us,US
prompt7_repetition4_medium,Alexandria Ocasio-Cortez,values,Final vote result roll call 217 Equality Act how did Alexandria Ocasio-Cortez vote,US
prompt7_repetition4_medium,Alexandria Ocasio-Cortez,values,Roll Call 83 2019 House H.J.Res. 37 Yemen GovTrack,US
prompt7_repetition4_medium,Alexandria Ocasio-Cortez,values,Ocasio-Cortez vote Yemen War Powers Resolution H.J.Res.37 2019 statement,US
prompt7_repetition4_medium,Alexandria Ocasio-Cortez,values,Human Rights Campaign Congressional Scorecard Alexandria Ocasio-Cortez 117th,US
prompt7_repetition4_medium,Alexandria Ocasio-Cortez,values,GovTrack H.J.Res. 37 (116th) Yemen War Powers House vote 83 Ocasio-Cortez vote,US
prompt8_repetition0_medium,Kamala Harris,disregards,Kamala Harris prison labor argument 2014 filing release inmates would affect prison labor Reuters,US
prompt8_repetition0_medium,Kamala Harris,disregards,2014 California Attorney General office argued prison labor Kamala Harris court filing release inmates would negatively impact fire camps,US
prompt8_repetition0_medium,Kamala Harris,disregards,September 2014 filing extending 2-for-1 credits minimum custody inmates would severely impact fire camp participation California Department of Justice filing PDF,US
prompt8_repetition0_medium,Kamala Harris,disregards,September 2014 defendants supplemental brief Coleman v. Brown 'fire camp participation' PDF,US
prompt8_repetition0_medium,Kamala Harris,disregards,defendants opposition to plaintiffs motion 2-for-1 credits minimum custody inmates September 30 2014 PDF California three-judge court Coleman Plata,US
prompt8_repetition0_medium,Kamala Harris,disregards,Kamala Harris opposes statewide body camera mandate 2015 Los Angeles Times attorney general,US
prompt8_repetition0_medium,Kamala Harris,disregards,Kamala Harris top cop New York Times Magazine 2016 Lara Bazelon wrongful convictions technicalities kept in prison quote specific cases Daniel Larsen George Gage Kevin Cooper?,US
prompt8_repetition0_medium,Kamala Harris,disregards,Kamala Harris truancy law parents prosecuted California 2010 Penal Code 270.1 criticism ACLU,US
prompt8_repetition0_medium,Kamala Harris,disregards,Kamala Harris death penalty San Francisco DA 2004 refused death penalty officer Isaac Espinoza Los Angeles Times,US
prompt8_repetition0_medium,Kamala Harris,disregards,Kamala Harris ceasefire Gaza speech March 3 2024 Selma call for immediate ceasefire Reuters,US
prompt8_repetition1_medium,Kamala Harris,disregards,Kamala Harris as California Attorney General prisoner labor brief firefighters comments shock 2014 2015,US
prompt8_repetition1_medium,Kamala Harris,disregards,Kamala Harris prison labor brief firefighters overcrowding early release too many prisoners inmate labor 2014,US
prompt8_repetition1_medium,Kamala Harris,disregards,2014 court filing Kamala Harris early release prisoners fire camp participation '2-for-1 credits' Judge Thelton Henderson order 2013 2014 California overcrowding brief quote 'severely impact fire camp participation' source,US
prompt8_repetition1_medium,Kamala Harris,disregards,Judge Massullo Brady violation San Francisco crime lab Harris failed to disclose information that should have been disclosed 2010 ruling PDF,US
prompt8_repetition1_medium,Kamala Harris,disregards,Politifact Kamala Harris truancy law parents jail San Francisco office no parents jailed claim fact-check,US
prompt8_repetition1_medium,Kamala Harris,disregards,Kamala Harris Attorney General defended cash bail In re Humphrey position appeal brief 2016 California attorney general brief,US
prompt8_repetition1_medium,Kamala Harris,disregards,2014 Judge Cormac Carney death penalty unconstitutional California appeal Kamala Harris AG statement,US
prompt8_repetition1_medium,Kamala Harris,disregards,Kamala Harris Backpage prosecution California attorney general 2016 charges dismissed refiled sex trafficking EFF criticism,US
prompt8_repetition1_medium,Kamala Harris,disregards,Lara Bazelon Kamala Harris wrongful convictions The Appeal op-ed record 'weaponized technicalities',US
prompt8_repetition1_medium,Kamala Harris,disregards,Daniel Larsen innocence Ninth Circuit 2013 California Attorney General appeal Kamala Harris deadline procedural actual innocence case article,US
prompt8_repetition1_medium,Kamala Harris,disregards,California v. Ferrer 2017 Superior Court Sacramento order dismissing pimping charges Section 230 August 23 2017 PDF,US
prompt8_repetition1_medium,Kamala Harris,disregards,Kamala Harris refused to defend Proposition 8 as Attorney General statement 2013 Hollingsworth v. Perry,US
prompt8_repetition2_medium,Kamala Harris,disregards,Kamala Harris AG prison labor argument early release court filing 2014,US
prompt8_repetition2_medium,Kamala Harris,disregards,Kamala Harris prison labor argument early release overcrowding court filing 2014 Harris unaware,US
prompt8_repetition2_medium,Kamala Harris,disregards,LA Times 2014 Harris prison labor filing early release fire camp participation dangerous outcome quote September 2014 filing,US
prompt8_repetition2_medium,Kamala Harris,disregards,Kamala Harris George Gage case Harris AG prosecutorial misconduct appeal procedural grounds Lara Bazelon,US
prompt8_repetition2_medium,Kamala Harris,disregards,Kamala Harris Kevin Cooper DNA testing Harris AG opposed later supported 2018 New York Times,US
prompt8_repetition2_medium,Kamala Harris,disregards,Senate roll call FOSTA SESTA 2018 S.1693 Allow States and Victims to Fight Online Sex Trafficking Act vote roll call Harris,US
prompt8_repetition2_medium,Kamala Harris,disregards,People v. Ferrer California Backpage charges dismissed Section 230 judge ruling December 2016 mainstream coverage,US
prompt8_repetition2_medium,Kamala Harris,disregards,George Gage case Kamala Harris AG prosecutorial misconduct appeal Ninth Circuit 2015 Harris office argued procedural default,US
prompt8_repetition2_medium,Kamala Harris,disregards,2015 Harris declined to support California bills Black Caucus body cameras AG investigate police shootings Harris 2015,US
prompt8_repetition2_medium,Kamala Harris,disregards,EFF criticism FOSTA-SESTA harms sex workers safety 2018,US
prompt8_repetition3_medium,Kamala Harris,disregards,Kamala Harris attorney general argued releasing prisoners would reduce prison labor brief 2014 court filing,US
prompt8_repetition3_medium,Kamala Harris,disregards,Kamala Harris prison labor brief cheap labor 2014 California attorney general 'prisoners as labor' court filing Harris office,US
prompt8_repetition3_medium,Kamala Harris,disregards,Daniel Larsen case Harris appealed release Ninth Circuit 2013 attorney general office upholding conviction incompetent counsel,US
prompt8_repetition3_medium,Kamala Harris,disregards,2014 court filing inmate firefighting labor Harris office early release argument need prisoners for firefighting brief criticized Harris unaware,US
prompt8_repetition3_medium,Kamala Harris,disregards,Johnny Baca case Ninth Circuit video Kozinski Harris office appeal jailhouse informant false testimony 2015,US
prompt8_repetition3_medium,Kamala Harris,disregards,Kamala Harris opposed statewide body camera requirement California attorney general 2015 statement,US
prompt8_repetition3_medium,Kamala Harris,disregards,"Sacramento Bee May 27, 2015 Harris statewide body cameras quote I don't think we can have a one-size-fits-all approach",US
prompt8_repetition3_medium,Kamala Harris,disregards,"September 30, 2014 filing Harris office 'Extending 2-for-1 credits to all minimum custody inmates' PDF Coleman v. Brown Plata brief",US
prompt8_repetition3_medium,Kamala Harris,disregards,Los Angeles Times Harris office argued against early release prison labor 2014 LA Times article,US
prompt8_repetition3_medium,Kamala Harris,disregards,Nicholas Kristof Kevin Cooper Kamala Harris regrets DNA testing column Harris says regrets office did not test 2018,US
prompt8_repetition3_medium,Kamala Harris,disregards,Kamala Harris Back on Track program San Francisco results recidivism rates 2005 program evaluation,US
prompt8_repetition3_medium,Kamala Harris,disregards,Back on Track program Kamala Harris San Francisco DA recidivism evaluation 2008 2010 'Back on Track' reentry program San Francisco Superior Court report,US
prompt8_repetition3_medium,Kamala Harris,disregards,ACLU California truancy law 2010 2011 Penal Code 270.1 critique,US
prompt8_repetition4_medium,Kamala Harris,disregards,Kamala Harris truancy law parents prosecuted 2011 California SB 1317 Harris speech,US
prompt8_repetition4_medium,Kamala Harris,disregards,Norsworthy v. Beard Harris brief transgender inmate surgery California Attorney General 2015 appeal,US
prompt8_repetition4_medium,Kamala Harris,disregards,Harris office argued releasing prisoners would reduce prison labor for firefighting court brief 2014 Coleman Plata Harris office,US
prompt8_repetition4_medium,Kamala Harris,disregards,Los Angeles Times Harris office argued inmate labor fire camps 2014 court filing 'severely impact fire camp participation' Harris shocked Buzzfeed interview,US
prompt8_repetition4_medium,Kamala Harris,disregards,As California Attorney General Kamala Harris police body cameras statewide policy 2015 said not necessary to have statewide standard,US
prompt8_repetition4_medium,Kamala Harris,disregards,Kamala Harris George Gage case Harris office opposed relief procedural default New York Times Magazine 2016 Bazelon,US
prompt8_repetition4_medium,Kamala Harris,disregards,New York Times Magazine 2016 Kamala Harris top cop Emily Bazelon George Gage Daniel Larsen article,US
prompt8_repetition4_medium,Kamala Harris,disregards,Sacramento judge dismisses pimping charges against Backpage executives December 2016 Judge Michael Bowman Section 230 Harris,US
prompt8_repetition4_medium,Kamala Harris,disregards,Kamala Harris Kevin Cooper DNA testing opposed as AG later supported this testing 2018,US
prompt8_repetition4_medium,Kamala Harris,disregards,Sacramento Bee fact check Did Kamala Harris block DNA testing that would free inmates Kevin Cooper 2020 fact check,US
prompt9_repetition0_medium,Kamala Harris,values,Kamala Harris human rights voting rights speech White House transcript,US
prompt9_repetition0_medium,Kamala Harris,values,White House transcript Vice President Harris voting rights speech Atlanta January 2022 John Lewis Voting Rights Advancement Act,US
prompt9_repetition0_medium,Kamala Harris,values,White House transcript Vice President Harris Munich Security Conference 2023 crimes against humanity Russia transcript,US
prompt9_repetition0_medium,Kamala Harris,values,Justice for Victims of Lynching Act 2018 S.3178 Harris Booker Scott bill text congress.gov,US
prompt9_repetition0_medium,Kamala Harris,values,Justice in Policing Act 2020 Senate S.3912 cosponsors Harris congress.gov,US
prompt9_repetition0_medium,Kamala Harris,values,DREAM Act 2017 S.1615 cosponsors Kamala Harris,US
prompt9_repetition0_medium,Kamala Harris,values,Kamala Harris cosponsored Keep Families Together Act 2018 Harris congress.gov S.3036,US
prompt9_repetition0_medium,Kamala Harris,values,White House Task Force on Reproductive Healthcare Access Harris remarks 2022 transcript White House,US
prompt9_repetition0_medium,Kamala Harris,values,Kamala Harris officiates first same-sex marriage California 2013 Prop 8 Harris officiate,US
prompt9_repetition0_medium,Kamala Harris,values,Remarks by Vice President Harris Selma Edmund Pettus Bridge 2023 2024 transcript White House voting rights,US
prompt9_repetition0_medium,Kamala Harris,values,Kamala Harris refused to seek death penalty San Francisco DA 2004 killing of officer Isaac Espinoza source,US
prompt9_repetition1_medium,Kamala Harris,values,Kamala Harris Justice for Victims of Lynching Act sponsor congress.gov,US
prompt9_repetition1_medium,Kamala Harris,values,Kamala Harris Equality Act cosponsor Senate 2019 Congress.gov,US
prompt9_repetition1_medium,Kamala Harris,values,S.1615 Dream Act of 2017 cosponsors list Kamala Harris,US
prompt9_repetition1_medium,Kamala Harris,values,Justice in Policing Act Senate 2020 Harris cosponsor congress.gov,US
prompt9_repetition1_medium,Kamala Harris,values,President Biden announces Vice President Harris to lead voting rights efforts June 2021 White House,US
prompt9_repetition1_medium,Kamala Harris,values,Kamala Harris human trafficking California Attorney General report 2012 State of Human Trafficking in California,US
prompt9_repetition1_medium,Kamala Harris,values,Kamala Harris Attorney General refuses to defend Proposition 8 same-sex marriage 2013 Hollingsworth v. Perry statement,US
prompt9_repetition1_medium,Kamala Harris,values,Kamala Harris reproductive rights are human rights remarks White House 2022 2023,US
prompt9_repetition1_medium,Kamala Harris,values,Maternal CARE Act Kamala Harris 2018 bill congress.gov,US
prompt9_repetition2_medium,Kamala Harris,values,Kamala Harris human rights record,US
prompt9_repetition2_medium,Kamala Harris,values,Congress.gov S.3178 Justice for Victims of Lynching Act 2018 Harris Booker Scott,US
prompt9_repetition2_medium,Kamala Harris,values,Kamala Harris reproductive rights are human rights statement White House,US
prompt9_repetition2_medium,Kamala Harris,values,Kamala Harris refused to defend Proposition 8 as California Attorney General 2013 Hollingsworth v. Perry statement,US
prompt9_repetition2_medium,Kamala Harris,values,Kamala Harris voting rights John Lewis Voting Rights Act support statement senator,US
prompt9_repetition2_medium,Kamala Harris,values,Congress.gov Kamala Harris co-sponsor DREAM Act 2017 S.1615,US
prompt9_repetition2_medium,Kamala Harris,values,Senator Kamala Harris cosponsored Dream Act 2017 press release,US
prompt9_repetition2_medium,Kamala Harris,values,Senator Kamala Harris Dream Act cosponsor press release site:senate.gov,US
prompt9_repetition2_medium,Kamala Harris,values,Justice in Policing Act Harris Booker introduced 2020 Senate press release,US
prompt9_repetition2_medium,Kamala Harris,values,Remarks by Vice President Harris at the UN Commission on the Status of Women 2021 human rights,US
prompt9_repetition2_medium,Kamala Harris,values,Kamala Harris opposes death penalty as Attorney General statement 2010 2011,US
prompt9_repetition2_medium,Kamala Harris,values,Kamala Harris VAWA reauthorization 2022 support statement senator 2019,US
prompt9_repetition3_medium,Kamala Harris,values,Kamala Harris voting rights lead White House 2021 assignment,US
prompt9_repetition3_medium,Kamala Harris,values,White House fact sheet reproductive health care access task force Vice President Harris statements 2024 site:whitehouse.gov,US
prompt9_repetition3_medium,Kamala Harris,values,"site:whitehouse.gov ""Vice President Harris"" voting rights assignment 2021 White House",US
prompt9_repetition3_medium,Kamala Harris,values,Maternal CARE Act Kamala Harris 2018 Congress.gov S.3363,US
prompt9_repetition3_medium,Kamala Harris,values,Biden assigns Vice President Kamala Harris to lead voting rights effort June 2021 Reuters,US
prompt9_repetition3_medium,Kamala Harris,values,Biden asks Vice President Harris to lead voting rights effort June 2021 Associated Press,US
prompt9_repetition3_medium,Kamala Harris,values,Kamala Harris San Francisco district attorney death penalty refused to seek 2004 officer Espinoza case Los Angeles Times,US
prompt9_repetition3_medium,Kamala Harris,values,Kamala Harris officiates first same-sex marriage after Prop 8 Kris Perry Sandy Stier 2013 AP News,US
prompt9_repetition3_medium,Kamala Harris,values,Kamala Harris war crimes Ukraine statement Munich Security Conference 2023 Reuters,US
prompt9_repetition3_medium,Kamala Harris,values,Senate George Floyd Justice in Policing Act 2020 cosponsors Harris congress.gov,US
prompt9_repetition4_medium,Kamala Harris,values,Kamala Harris Rand Paul op-ed end cash bail 2017 New York Times,US
prompt9_repetition4_medium,Kamala Harris,values,S.488 Justice for Victims of Lynching Act 2019 Congress.gov cosponsors Harris,US
prompt9_repetition4_medium,Kamala Harris,values,S.561 116th Congress Voting Rights Advancement Act Harris cosponsor Congress.gov,US
prompt9_repetition4_medium,Kamala Harris,values,Vice President Harris reproductive rights remarks 2022 White House,US
prompt9_repetition4_medium,Kamala Harris,values,Kamala Harris Maternal CARE Act 2018 Senate bill Congress.gov,US
prompt9_repetition4_medium,Kamala Harris,values,"Kamala Harris Rand Paul New York Times op-ed end cash bail 2017 'To Shrink Jails, End Cash Bail'",US
prompt9_repetition4_medium,Kamala Harris,values,Harris Rand Paul op-ed cash bail 2017 coverage,US
prompt9_repetition4_medium,Kamala Harris,values,"Kamala Harris officiates same-sex marriage San Francisco City Hall June 28, 2013 Chris Perry Sandy Stier Harris officiated",US
prompt9_repetition4_medium,Kamala Harris,values,Kamala Harris appeal death penalty ruling 2014 as California attorney general defends death penalty despite personal opposition,US
prompt9_repetition4_medium,Kamala Harris,values,Kamala Harris Attorney General human trafficking California report 2012 2014,US
prompt9_repetition4_medium,Kamala Harris,values,Kamala Harris Sodomite Suppression Act refused title and summary court order 2015 Attorney General Harris,US
prompt9_repetition4_medium,Kamala Harris,values,Biden tasks Kamala Harris with leading voting rights efforts June 2021 AP News,US
prompt9_repetition4_medium,Kamala Harris,values,"Reuters Biden taps Harris to lead voting rights June 1, 2021 Reuters",US
prompt10_repetition1_medium,Bernie Sanders,disregards,Bernie Sanders 2005 Protection of Lawful Commerce in Arms Act vote PLCAA,US
prompt10_repetition1_medium,Bernie Sanders,disregards,Bernie Sanders vote Protection of Lawful Commerce in Arms Act 2005 House roll call,US
prompt10_repetition1_medium,Bernie Sanders,disregards,House Roll Call 534 2005 S. 397 Protection of Lawful Commerce in Arms Act final vote results Sanders how voted,US
prompt10_repetition1_medium,Bernie Sanders,disregards,Bernie Sanders 2007 immigration reform vote against reasons guest workers 2007 comprehensive immigration reform act cloture vote,US
prompt10_repetition1_medium,Bernie Sanders,disregards,Bernie Sanders voted against 2007 immigration bill guest workers exploitation quote,US
prompt10_repetition1_medium,Bernie Sanders,disregards,Bernie Sanders amendment conditioning aid to Israel human rights 2024 vote,US
prompt10_repetition1_medium,Bernie Sanders,disregards,ACLU congressional scorecard Bernie Sanders 2020 2022 score,US
prompt10_repetition1_medium,Bernie Sanders,disregards,Human Rights Watch Bernie Sanders Yemen resolution statement 2019,US
prompt10_repetition1_medium,Bernie Sanders,disregards,Bernie Sanders Nicaragua Sandinistas 1985 remarks human rights Washington Post fact check,US
prompt10_repetition3_medium,Bernie Sanders,disregards,Bernie Sanders 1963 arrest civil rights University of Chicago housing segregation,US
prompt10_repetition3_medium,Bernie Sanders,disregards,Bernie Sanders 1994 crime bill vote House of Representatives speech congressional record Violence Against Women Act,US
prompt10_repetition3_medium,Bernie Sanders,disregards,Bernie Sanders 60 Minutes Castro literacy programs interview transcript CBS February 2020,US
prompt10_repetition3_medium,Bernie Sanders,disregards,University of Chicago Bernie Sanders 1963 arrest segregation protest housing University of Chicago archives,US
prompt10_repetition3_medium,Bernie Sanders,disregards,Bernie Sanders vote Protection of Lawful Commerce in Arms Act House 2005 roll call Sanders voted for,US
prompt10_repetition3_medium,Bernie Sanders,disregards,Final Vote Results for Roll Call 534 109th Congress House of Representatives S. 397 Protection of Lawful Commerce in Arms Act how did Sanders vote,US
prompt10_repetition3_medium,Bernie Sanders,disregards,Bernie Sanders conditions on Israel aid human rights op-ed New York Times 2019 2020,US
prompt11_repetition0_medium,Bernie Sanders,values,S.J.Res. 7 2019 Yemen War Powers Sanders Congress.gov,US
prompt11_repetition0_medium,Bernie Sanders,values,S.J.Res.7 2019 Yemen War Powers Congress.gov,US
prompt11_repetition0_medium,Bernie Sanders,values,House Roll Call Vote PATRIOT Act 2001 H.R. 3162 clerk.house.gov 357-66 Sanders no,US
prompt11_repetition0_medium,Bernie Sanders,values,House Roll 398 2001 vote 107th Congress H.R.3162 roll call 398 names GovTrack,US
prompt11_repetition0_medium,Bernie Sanders,values,clerk.house.gov 2001 roll 398 H.R.3162,US
prompt11_repetition0_medium,Bernie Sanders,values,Equality Act S.788 2019 cosponsors Sanders Congress.gov,US
prompt11_repetition0_medium,Bernie Sanders,values,S.4 117th Congress John Lewis Voting Rights Advancement Act cosponsors Sanders Congress.gov,US
prompt11_repetition0_medium,Bernie Sanders,values,Raise the Wage Act 2019 S.150 Senator Bernie Sanders Congress.gov,US
prompt11_repetition0_medium,Bernie Sanders,values,Chicago Tribune photo Bernie Sanders arrest 1963 civil rights protest Chicago 'Sanders arrest 1963' site:chicagotribune.com,US
prompt11_repetition1_medium,Bernie Sanders,values,Bernie Sanders arrest 1963 University of Chicago civil rights protest source,US
prompt11_repetition1_medium,Bernie Sanders,values,Bernie Sanders Equality Act co-sponsor Senate 117th Congress Congress.gov,US
prompt11_repetition1_medium,Bernie Sanders,values,Chicago Tribune Bernie Sanders arrest 1963 civil rights protest segregation photo verification Marianne Mather,US
prompt11_repetition1_medium,Bernie Sanders,values,S.4 John Lewis Voting Rights Advancement Act 117th Congress cosponsors Congress.gov Sanders,US
prompt11_repetition1_medium,Bernie Sanders,values,Bernie Sanders cosponsor Ending Qualified Immunity Act Senate 2021 Markey Pressley Sanders cosponsor list,US
prompt11_repetition1_medium,Bernie Sanders,values,Senate roll call vote First Step Act 2018 roll call 271 Senate 115th Congress Sanders voted yes,US
prompt11_repetition1_medium,Bernie Sanders,values,Bernie Sanders op-ed New York Times Israel Gaza condition aid 2023 op-ed,US
prompt11_repetition1_medium,Bernie Sanders,values,2015 McCain Feinstein anti-torture amendment roll call Senate and Sanders vote,US
prompt11_repetition1_medium,Bernie Sanders,values,Uyghur Forced Labor Prevention Act Senate vote 2021 Sanders vote,US
prompt11_repetition1_medium,Bernie Sanders,values,Senate roll call Respect for Marriage Act 2022 roll call vote names Sanders yea,US
prompt11_repetition1_medium,Bernie Sanders,values,ACLU congressional scorecard Bernie Sanders 117th,US
prompt11_repetition2_medium,Bernie Sanders,values,Bernie Sanders 1963 arrest University of Chicago civil rights sit-in source University of Chicago library photo,US
prompt11_repetition2_medium,Bernie Sanders,values,S.J.Res. 7 116th Congress Yemen War Powers Sanders Congress.gov,US
prompt11_repetition2_medium,Bernie Sanders,values,Equality Act Senate 116th Congress bill number Congress.gov,US
prompt11_repetition2_medium,Bernie Sanders,values,ACLU congressional scorecard Bernie Sanders 116th 117th,US
prompt11_repetition2_medium,Bernie Sanders,values,Bernie Sanders 'health care is a human right' Senate website press release,US
prompt11_repetition2_medium,Bernie Sanders,values,University of Chicago Library Bernie Sanders civil rights arrest 1963 photo,US
prompt11_repetition2_medium,Bernie Sanders,values,Bernie Sanders voted for 2006 Voting Rights Act reauthorization House roll call,US
prompt11_repetition2_medium,Bernie Sanders,values,Bernie Sanders voted against Patriot Act 2001 House roll call,US
prompt11_repetition2_medium,Bernie Sanders,values,2015 McCain-Feinstein anti-torture amendment Senate roll call 2015 Sanders vote,US
prompt11_repetition2_medium,Bernie Sanders,values,S.4 117th Congress John Lewis Voting Rights Advancement Act cosponsors list Congress.gov,US
prompt11_repetition2_medium,Bernie Sanders,values,Roll Call 374 House H.R. 9 109th 2006 clerk.house.gov roll call 374 2006 Voting Rights Act Reauthorization,US
prompt11_repetition3_medium,Bernie Sanders,values,Congress.gov S.J.Res.7 116th Congress Yemen Sanders,US
prompt11_repetition3_medium,Bernie Sanders,values,S.J.Res. 7 116th Congress Yemen War Powers Sanders Congress.gov,US
prompt11_repetition3_medium,Bernie Sanders,values,House of Representatives Roll Call Vote H.R. 3162 2001 final passage clerk.house.gov 107th Congress,US
prompt11_repetition3_medium,Bernie Sanders,values,GovTrack H.R.3162 (107th) USA PATRIOT Act vote House 2001 Sanders vote,US
prompt11_repetition3_medium,Bernie Sanders,values,GovTrack vote 398 2001 H.R.3162 House Roll 398 names 66 nays list,US
prompt11_repetition3_medium,Bernie Sanders,values,voteview HR3162 roll 398 'Sanders' vote,US
prompt11_repetition3_medium,Bernie Sanders,values,S.788 Equality Act 116th Congress Senate Sanders cosponsor,US
prompt11_repetition3_medium,Bernie Sanders,values,University of Chicago Library Special Collections Bernie Sanders 1962 1963 civil rights CORE arrest photo caption,US
prompt11_repetition3_medium,Bernie Sanders,values,Chicago Tribune arrest photo of young activist Bernie Sanders emerges from Tribune archives 2016,US
prompt11_repetition3_medium,Bernie Sanders,values,University of Chicago Library Special Collections Bernie Sanders CORE 1962 University of Chicago sit-in,US
prompt11_repetition3_medium,Bernie Sanders,values,Sanders health care is a human right Medicare for All Senate press release 2019 quote,US
prompt11_repetition3_medium,Bernie Sanders,values,House Roll Call 455 2002 H.J.Res. 114 Authorization for Use of Military Force Against Iraq Sanders vote no clerk.house.gov,US
prompt11_repetition3_medium,Bernie Sanders,values,clerk.house.gov 2002 roll 455 House vote H.J.Res.114 roll call 455 list of nays includes Sanders,US
prompt11_repetition3_medium,Bernie Sanders,values,Universal Declaration of Human Rights Article 23 right to form and join trade unions UN,US
prompt11_repetition4_medium,Bernie Sanders,values,Bernie Sanders voted against DOMA 1996 House roll call,US
prompt11_repetition4_medium,Bernie Sanders,values,H.R. 3396 Defense of Marriage Act 1996 House Roll Call 316 GovTrack Sanders vote,US
prompt11_repetition4_medium,Bernie Sanders,values,Defense of Marriage Act roll call 316 House 1996 GovTrack Sanders vote Nay,US
prompt11_repetition4_medium,Bernie Sanders,values,H.R. 3162 USA PATRIOT Act House Roll Call 398 2001 Clerk vote Sanders Nay,US
prompt11_repetition4_medium,Bernie Sanders,values,GovTrack roll 398 House 2001 Patriot Act Sanders vote,US
prompt11_repetition4_medium,Bernie Sanders,values,House Roll Call 455 2002 H.J.Res. 114 Authorization for Use of Military Force Against Iraq roll call 455 clerk,US
prompt11_repetition4_medium,Bernie Sanders,values,clerk.house.gov roll 455 2002 House roll call 455 Iraq Sanders Nay,US
prompt11_repetition4_medium,Bernie Sanders,values,U.S. Senate roll call 2010 Don't Ask Don't Tell Repeal Act roll call vote Dec 18 2010 Senate vote 279 280 281 list Sanders,US
prompt11_repetition4_medium,Bernie Sanders,values,U.S. Senate roll call vote 2010 111th Congress 2nd Session vote 281 HR 2965 DADT repeal roll call,US
prompt11_repetition4_medium,Bernie Sanders,values,site:senate.gov Roll Call Votes 111th Congress 2nd Session HR 2965 2010,US
prompt11_repetition4_medium,Bernie Sanders,values,Justice Is Not for Sale Act 2015 Sanders Congress.gov S.2054 H.R. 3543,US
prompt11_repetition4_medium,Bernie Sanders,values,ACLU congressional scorecard Bernie Sanders 116th Congress score,US
prompt11_repetition4_medium,Bernie Sanders,values,University of Chicago Library Special Collections Bernie Sanders 1963 arrest civil rights CORE photo,US
prompt11_repetition4_medium,Bernie Sanders,values,S.1129 Medicare for All Act of 2019 Sanders Congress.gov,US
prompt12_repetition2_medium,Elizabeth Warren,disregards,ACLU congressional scorecard Elizabeth Warren votes civil liberties,US
prompt12_repetition2_medium,Elizabeth Warren,disregards,site:aclu.org scorecard Elizabeth Warren,US
prompt12_repetition2_medium,Elizabeth Warren,disregards,GovTrack Elizabeth Warren voting record civil liberties,US
prompt12_repetition2_medium,Elizabeth Warren,disregards,site:amnestyusa.org Elizabeth Warren,US
prompt12_repetition2_medium,Elizabeth Warren,disregards,Elizabeth Warren conditions on Israel aid Gaza 2023 Reuters,US
prompt12_repetition2_medium,Elizabeth Warren,disregards,"April 5, 2024 Elizabeth Warren genocide Gaza would be adjudicated as genocide statement source",US
prompt12_repetition2_medium,Elizabeth Warren,disregards,Protection of Civilians in Military Operations Act Elizabeth Warren 2022 bill text,US
prompt12_repetition2_medium,Elizabeth Warren,disregards,2019 Senate vote S.J.Res.7 Yemen war powers roll call Warren vote,US
prompt12_repetition3_medium,Elizabeth Warren,disregards,ACLU congressional scorecard Elizabeth Warren,US
prompt12_repetition3_medium,Elizabeth Warren,disregards,ACLU scorecard Elizabeth Warren 117th Congress score,US
prompt12_repetition3_medium,Elizabeth Warren,disregards,"site:aclu.org ""Scorecard for"" ""Elizabeth Warren""",US
prompt12_repetition3_medium,Elizabeth Warren,disregards,Elizabeth Warren calls for ceasefire Gaza 2023 statement,US
prompt12_repetition3_medium,Elizabeth Warren,disregards,Senate roll call vote FISA 702 April 2024 roll call vote Warren yea nay,US
prompt13_repetition0_medium,Elizabeth Warren,values,Senate roll call vote Respect for Marriage Act November 29 2022 Warren yea,US
prompt13_repetition0_medium,Elizabeth Warren,values,GovTrack S.J.Res.4 118th Equal Rights Amendment cosponsors Warren,US
prompt13_repetition0_medium,Elizabeth Warren,values,Human Rights Campaign scorecard Elizabeth Warren 117th Congress 100%,US
prompt13_repetition0_medium,Elizabeth Warren,values,Elizabeth Warren cosponsor S.J.Res.4 118th Congress Congress.gov,US
prompt13_repetition0_medium,Elizabeth Warren,values,Congress.gov Stateless Protection Act S.3987 118th cosponsors,US
prompt13_repetition0_medium,Elizabeth Warren,values,Congress.gov John Lewis Voting Rights Advancement Act S.4 117th cosponsors Elizabeth Warren,US
prompt13_repetition0_medium,Elizabeth Warren,values,"U.S. Senate roll call 117 2 170 Women’s Health Protection Act cloture vote May 11, 2022 Warren yea",US
prompt13_repetition0_medium,Elizabeth Warren,values,Elizabeth Warren cosponsor International Human Rights Defense Act Congress.gov,US
prompt13_repetition1_medium,Elizabeth Warren,values,Elizabeth Warren Equality Act cosponsor S.5 118th Congress Congress.gov,US
prompt13_repetition1_medium,Elizabeth Warren,values,Elizabeth Warren cosponsor International Violence Against Women Act 118th Congress Congress.gov,US
prompt13_repetition1_medium,Elizabeth Warren,values,Congress.gov Uyghur Forced Labor Prevention Act S.65 117th cosponsors Elizabeth Warren,US
prompt13_repetition1_medium,Elizabeth Warren,values,Elizabeth Warren voted for Violence Against Women Act reauthorization 2022 Senate vote Warren,US
prompt13_repetition1_medium,Elizabeth Warren,values,Congress.gov S.J.Res.4 118th remove deadline Equal Rights Amendment cosponsors Elizabeth Warren,US
prompt13_repetition1_medium,Elizabeth Warren,values,ACLU congressional scorecard 118th Elizabeth Warren,US
prompt13_repetition1_medium,Elizabeth Warren,values,Congress.gov PRO Act 118th S.567 cosponsors Elizabeth Warren,US
prompt13_repetition1_medium,Elizabeth Warren,values,Human Rights Campaign Congressional Scorecard 118th Elizabeth Warren 100% PDF,US
prompt13_repetition1_medium,Elizabeth Warren,values,Congress.gov Women's Health Protection Act S.701 118th cosponsors Elizabeth Warren,US
prompt13_repetition1_medium,Elizabeth Warren,values,Elizabeth Warren opposes the death penalty statement 2019 2020,US
prompt13_repetition2_medium,Elizabeth Warren,values,Elizabeth Warren human rights record votes ACLU scorecard 2024,US
prompt13_repetition2_medium,Elizabeth Warren,values,Human Rights Campaign Congressional Scorecard Elizabeth Warren 2022 2024,US
prompt13_repetition2_medium,Elizabeth Warren,values,site:aclu.org scorecard Elizabeth Warren senator Massachusetts,US
prompt13_repetition2_medium,Elizabeth Warren,values,congress.gov Uyghur Forced Labor Prevention Act S.65 117th cosponsors Elizabeth Warren,US
prompt13_repetition2_medium,Elizabeth Warren,values,Elizabeth Warren cosponsor Equality Act Senate 117th Congress,US
prompt13_repetition2_medium,Elizabeth Warren,values,Elizabeth Warren cosponsor Women's Health Protection Act Senate,US
prompt13_repetition2_medium,Elizabeth Warren,values,site:warren.senate.gov Equality Act Warren cosponsor,US
prompt13_repetition2_medium,Elizabeth Warren,values,Elizabeth Warren letter arms sales Saudi Arabia Khashoggi 2018 waive arms sale block Senate resolution,US
prompt13_repetition2_medium,Elizabeth Warren,values,Elizabeth Warren cosponsor George Floyd Justice in Policing Act Senate 2020 2021,US
prompt13_repetition3_medium,Elizabeth Warren,values,Elizabeth Warren voting record human rights Yemen War Powers S.J.Res. 7 2019 roll call,US
prompt13_repetition3_medium,Elizabeth Warren,values,ACLU congressional scorecard Elizabeth Warren 117th Congress score,US
prompt13_repetition3_medium,Elizabeth Warren,values,Elizabeth Warren HRC score 100 congressional scorecard,US
prompt13_repetition3_medium,Elizabeth Warren,values,Senator Elizabeth Warren press release human rights Yemen Senate 2019 press release,US
prompt13_repetition3_medium,Elizabeth Warren,values,S.4 John Lewis Voting Rights Advancement Act 117th cosponsors Elizabeth Warren,US
prompt13_repetition3_medium,Elizabeth Warren,values,S.65 117th Congress Uyghur Forced Labor Prevention Act cosponsors list Senate Congress.gov Elizabeth Warren,US
prompt13_repetition3_medium,Elizabeth Warren,values,Warren cosponsor Equality Act press release site:warren.senate.gov,US
prompt13_repetition3_medium,Elizabeth Warren,values,U.S. Senate roll call Respect for Marriage Act 2022 roll call vote 387 2022 Senates vote 117th HR8404,US
prompt13_repetition4_medium,Elizabeth Warren,values,Congress.gov S.65 117th Uyghur Forced Labor Prevention Act cosponsors Elizabeth Warren,US
prompt13_repetition4_medium,Elizabeth Warren,values,Congress.gov Equality Act Senate 118th S.5 2021 117th cosponsors Elizabeth Warren,US
prompt13_repetition4_medium,Elizabeth Warren,values,Congress.gov S.J.Res.7 116th Yemen War Powers Warren cosponsor,US
prompt13_repetition4_medium,Elizabeth Warren,values,Senate roll call vote H.R.2471 2022 Consolidated Appropriations Act vote Senate March 2022 Warren vote yea,US
prompt13_repetition4_medium,Elizabeth Warren,values,Human Rights Campaign Congressional Scorecard Elizabeth Warren 117th 118th 100%,US
prompt13_repetition4_medium,Elizabeth Warren,values,Senator Elizabeth Warren press release Yemen War Powers 2019 Warren statement,US
prompt13_repetition4_medium,Elizabeth Warren,values,Congress.gov NO BAN Act Senate 117th S.1891 cosponsors Warren,US
prompt13_repetition4_medium,Elizabeth Warren,values,Congress.gov S.4 117th John Lewis Voting Rights Advancement Act cosponsors Warren,US
prompt14_repetition0_medium,Joe Biden,disregards,Human Rights Watch World Report 2025 United States section Biden administration human rights,US
prompt14_repetition0_medium,Joe Biden,disregards,Samantha Power memo to Blinken April 2024 Israeli obstruction of humanitarian aid Gaza memo leaked,US
prompt14_repetition0_medium,Joe Biden,disregards,Pentagon Kabul drone strike 2021 no discipline civilians killed investigation,US
prompt14_repetition0_medium,Joe Biden,disregards,FISA Section 702 reauthorization 2024 signed by Biden ACLU criticism warrantless surveillance,US
prompt14_repetition0_medium,Joe Biden,disregards,Biden administration response to ICC prosecutor seeking arrest warrants for Israeli leaders 2024 reaction,US
prompt14_repetition0_medium,Joe Biden,disregards,U.S. vetoes UN Security Council ceasefire resolution Gaza 2023 2024 Biden administration veto,US
prompt14_repetition0_medium,Joe Biden,disregards,Guantanamo Bay detainees remaining 2025 Biden administration closure efforts number of detainees 2024 2025,US
prompt14_repetition0_medium,Joe Biden,disregards,Pentagon will not discipline personnel in Kabul drone strike 10 civilians AP News,US
prompt14_repetition0_medium,Joe Biden,disregards,Biden administration arms sales to Saudi Arabia 2024 2023 despite human rights concerns Reuters,US
prompt14_repetition0_medium,Joe Biden,disregards,Judge strikes down parts of Biden asylum rule May 2025 Reuters D.C. District Court,US
prompt14_repetition1_medium,Joe Biden,disregards,State Department NSM-20 report May 2024 Israel international humanitarian law assessment Biden administration report to Congress,US
prompt14_repetition1_medium,Joe Biden,disregards,site:state.gov NSM-20 report to Congress May 2024 Israel international humanitarian law,US
prompt14_repetition1_medium,Joe Biden,disregards,Amnesty International USA 2024/2025 report United States human rights Biden administration immigration asylum Gaza weapons Israel cluster munitions Ukraine,US
prompt14_repetition1_medium,Joe Biden,disregards,Human Rights Watch cluster munitions Ukraine 2023 Biden decision transfer statement July 2023,US
prompt14_repetition1_medium,Joe Biden,disregards,"Las Americas Immigrant Advocacy Center v. Department of Homeland Security May 9, 2025 District Court for the District of Columbia asylum rule decision opinion PDF",US
prompt14_repetition1_medium,Joe Biden,disregards,June 2022 Biden landmine policy restricts use except Korean Peninsula fact sheet,US
prompt14_repetition1_medium,Joe Biden,disregards,Pentagon Kabul drone strike no personnel disciplined 2021 2022 Austin Nov 2021 accountability report,US
prompt14_repetition1_medium,Joe Biden,disregards,"White House NSM-20 memorandum assurances international humanitarian law February 8, 2024 'National Security Memorandum 20' White House",US
prompt14_repetition1_medium,Joe Biden,disregards,United States pauses bomb shipment to Israel May 2024 2000-pound bombs Reuters May 2024 pause shipment Rafah,US
prompt14_repetition1_medium,Joe Biden,disregards,United States returns to UN Human Rights Council 2021 Reuters,US
prompt14_repetition2_medium,Joe Biden,disregards,Human Rights Watch report U.S. arms transfers Israel Gaza 2024 complicity,US
prompt14_repetition2_medium,Joe Biden,disregards,UNHCR comments on U.S. June 2024 asylum rule proclamation Biden concerns,US
prompt14_repetition2_medium,Joe Biden,disregards,case Oakland Biden genocide lawsuit dismissed January 2024 Defense for Children International - Palestine v. Biden order Oakland federal court,US
prompt14_repetition2_medium,Joe Biden,disregards,Biden administration Egypt military aid human rights waiver 2023 2024 withheld $85 million releases $235 million State Department,US
prompt14_repetition2_medium,Joe Biden,disregards,HRW starvation as a method of warfare Gaza 2023 2024 report,US
prompt14_repetition2_medium,Joe Biden,disregards,Pentagon Kabul drone strike apology 10 civilians September 2021 General McKenzie press conference,US
prompt14_repetition2_medium,Joe Biden,disregards,UN Security Council Resolution 2728 March 25 2024 ceasefire US abstains BBC,US
prompt14_repetition3_medium,Joe Biden,disregards,Human Rights Watch critique Biden Gaza arms transfers NSM-20 2024 report,US
prompt14_repetition3_medium,Joe Biden,disregards,State Department NSM-20 report May 2024 Israel IHL compliance 'credible and reliable' assurances,US
prompt14_repetition3_medium,Joe Biden,disregards,state.gov NSM-20 Report to Congress Israel May 2024 PDF site:state.gov,US
prompt14_repetition3_medium,Joe Biden,disregards,whitehouse.gov National Security Memorandum 20 text,US
prompt14_repetition3_medium,Joe Biden,disregards,Biden 2024 asylum rule border restrictions June 2024 ACLU lawsuit,US
prompt14_repetition3_medium,Joe Biden,disregards,Guantanamo detainee population 2025 number Biden administration transfers 2024 2025,US
prompt14_repetition3_medium,Joe Biden,disregards,Biden decision send anti-personnel landmines to Ukraine 2024 human rights groups response HRW Amnesty,US
prompt14_repetition3_medium,Joe Biden,disregards,Biden administration arms sales Saudi Arabia 2024 2025 rights groups Yemen concerns Reuters,US
prompt14_repetition3_medium,Joe Biden,disregards,Reuters 2021 $650 million sale air-to-air missiles to Saudi Arabia Biden administration,US
prompt14_repetition3_medium,Joe Biden,disregards,ICJ order South Africa v. Israel provisional measures 26 January 2024 PDF ICJ,US
prompt14_repetition3_medium,Joe Biden,disregards,Biden signs FISA Section 702 reauthorization 2024 civil liberties groups criticism warrantless surveillance ACLU EFF,US
prompt14_repetition3_medium,Joe Biden,disregards,CPJ statement on Assange plea deal June 2024 criticism prosecution chilling effect Biden DOJ,US
prompt14_repetition4_medium,Joe Biden,disregards,NSM-20 report May 2024 Israel Gaza U.S. weapons State Department assessment,US
prompt14_repetition4_medium,Joe Biden,disregards,Human Rights Watch statement July 2023 U.S. decision to transfer cluster munitions to Ukraine civilian harm,US
prompt14_repetition4_medium,Joe Biden,disregards,UNHCR legal observations on U.S. asylum Circumvention of Lawful Pathways rule 2023 UNHCR USA comment,US
prompt14_repetition4_medium,Joe Biden,disregards,NSM-20 report PDF May 10 2024 U.S. Department of State assessment report Israel Gaza human rights law NSM-20,US
prompt14_repetition4_medium,Joe Biden,disregards,State Department NSM-20 report pdf site:state.gov May 2024 NSM-20 report to Congress,US
prompt14_repetition4_medium,Joe Biden,disregards,FISA Section 702 reauthorization April 2024 final bill what changed civil liberties groups ACLU explainer,US
prompt14_repetition4_medium,Joe Biden,disregards,Guantanamo detainees remaining 2025 number Biden administration status Human Rights Watch report 2025,US
prompt15_repetition0_medium,Joe Biden,values,"Proclamation 10141 Ending discriminatory bans on entry White House January 20, 2021",US
prompt15_repetition0_medium,Joe Biden,values,"Executive Order 14004 Enabling All Qualified Americans to Serve their Country in Uniform January 25, 2021 White House",US
prompt15_repetition0_medium,Joe Biden,values,"Biden sets refugee admissions cap 125,000 FY 2022 White House statement",US
prompt15_repetition0_medium,Joe Biden,values,"Executive Order Protecting Access to Reproductive Healthcare Services July 8, 2022 White House fact sheet",US
prompt15_repetition0_medium,Joe Biden,values,Summit for Democracy 2021 White House fact sheet human rights fight corruption,US
prompt15_repetition0_medium,Joe Biden,values,"United States releases Khashoggi report and imposes 'Khashoggi Ban' visa restrictions February 26, 2021 State Department fact sheet",US
prompt15_repetition0_medium,Joe Biden,values,"Secretary Blinken Khashoggi Ban visa restrictions February 26, 2021 site:state.gov",US
prompt15_repetition0_medium,Joe Biden,values,"site:state.gov ""Khashoggi Ban"" 2021 Blinken visa restrictions",US
prompt15_repetition0_medium,Joe Biden,values,"United States determines Myanmar military committed genocide against Rohingya March 21, 2022 Antony Blinken speech Holocaust Museum transcript State Department",US
prompt15_repetition0_medium,Joe Biden,values,"Biden signs Emmett Till Antilynching Act March 29, 2022 White House",US
prompt15_repetition0_medium,Joe Biden,values,"Executive Order 13985 Advancing Racial Equity and Support for Underserved Communities January 20, 2021 White House",US
prompt15_repetition0_medium,Joe Biden,values,U.S. issues first passport with X gender marker October 2021 State Department,US
prompt15_repetition0_medium,Joe Biden,values,"Executive Order creating Interagency Task Force on the Reunification of Families February 2, 2021 White House",US
prompt15_repetition1_medium,Joe Biden,values,White House fact sheet human rights Biden actions sanctions global Magnitsky 2021 2024,US
prompt15_repetition1_medium,Joe Biden,values,Violence Against Women Act Reauthorization 2022 signed by President Biden White House fact sheet,US
prompt15_repetition1_medium,Joe Biden,values,"United States Strategy to Anticipate, Prevent, and Respond to Atrocities 2022 White House",US
prompt15_repetition1_medium,Joe Biden,values,Global Magnitsky sanctions Biden Xinjiang officials 2021 Treasury press release,US
prompt15_repetition1_medium,Joe Biden,values,2023 Country Reports on Human Rights Practices State Department release March 2024 Blinken,US
prompt15_repetition1_medium,Joe Biden,values,"Biden raises refugee admissions cap to 125,000 2021 2022 White House statement",US
prompt15_repetition1_medium,Joe Biden,values,Secretary Blinken crimes against humanity determination Russia Ukraine 2023 State.gov press statement,US
prompt15_repetition1_medium,Joe Biden,values,state.gov press statement crimes against humanity in Ukraine Blinken February 2023 site:state.gov,US
prompt15_repetition1_medium,Joe Biden,values,"Crimes Against Humanity in Ukraine Press Statement Antony J. Blinken February 18, 2023 site:state.gov press statement",US
prompt15_repetition1_medium,Joe Biden,values,2023 Country Reports on Human Rights Practices site:state.gov March 2024 press release,US
prompt15_repetition1_medium,Joe Biden,values,"Biden pauses shipment of 2,000-pound bombs to Israel May 2024 Reuters",US
prompt15_repetition1_medium,Joe Biden,values,Executive Order on Reforming Our Incarceration System To Eliminate the Use of Privately Operated Criminal Detention Facilities 2021 White House,US
prompt15_repetition1_medium,Joe Biden,values,Welcome Corps State Department private sponsorship of refugees 2023 fact sheet site:state.gov,US
prompt15_repetition1_medium,Joe Biden,values,Biden signs COVID-19 Hate Crimes Act 2021 White House fact sheet,US
prompt15_repetition1_medium,Joe Biden,values,Human Rights Watch Biden human rights record 2024 report United States,US
prompt15_repetition1_medium,Joe Biden,values,Khashoggi Ban visa restrictions 76 Saudis Blinken press statement site:state.gov 2021,US
prompt15_repetition1_medium,Joe Biden,values,State Department 'Khashoggi Ban' 76 individuals 2021 site:state.gov press statement,US
prompt15_repetition2_medium,Joe Biden,values,"Biden rescinds travel ban on Muslim-majority countries proclamation January 20, 2021 White House",US
prompt15_repetition2_medium,Joe Biden,values,"Proclamation on Ending Discriminatory Bans on Entry to The United States January 20, 2021 White House",US
prompt15_repetition2_medium,Joe Biden,values,Khashoggi Ban visa restrictions State Department February 2021 fact sheet,US
prompt15_repetition2_medium,Joe Biden,values,Department of Justice moratorium federal executions press release July 2021 Office of Public Affairs,US
prompt15_repetition2_medium,Joe Biden,values,"U.S. Department of State 'Khashoggi Ban' fact sheet February 26, 2021 site:state.gov",US
prompt15_repetition2_medium,Joe Biden,values,"Respect for Marriage Act signing December 13, 2022 White House statement",US
prompt15_repetition2_medium,Joe Biden,values,Biden signs Violence Against Women Act reauthorization March 2022 White House fact sheet,US
prompt15_repetition2_medium,Joe Biden,values,"Executive Order on Protecting Access to Reproductive Healthcare Services July 8, 2022 White House",US
prompt15_repetition2_medium,Joe Biden,values,"Biden raises refugee admissions cap 125,000 2022 State Department statement",US
prompt15_repetition2_medium,Joe Biden,values,"Biden signs Juneteenth National Independence Day Act June 17, 2021 White House",US
prompt15_repetition2_medium,Joe Biden,values,ODNI declassified assessment Saudi role in Jamal Khashoggi killing February 2021 PDF,US
prompt15_repetition2_medium,Joe Biden,values,state.gov 'Khashoggi Ban' fact sheet site:state.gov 2021,US
prompt15_repetition2_medium,Joe Biden,values,"Presidential Memorandum on Protecting Women's Health at Home and Abroad January 28, 2021 White House Mexico City Policy revoked",US
prompt15_repetition2_medium,Joe Biden,values,"Remarks by President Biden on America's Place in the World February 4, 2021 transcript White House Yemen support offensive operations",US
prompt15_repetition3_medium,Joe Biden,values,"Proclamation 10141 Ending Discriminatory Bans on Entry to The United States January 20, 2021 White House",US
prompt15_repetition3_medium,Joe Biden,values,"Proclamation 10141 Ending Discriminatory Bans on Entry to the United States January 20, 2021 White House archives",US
prompt15_repetition3_medium,Joe Biden,values,"Remarks by President Biden on America's Place in the World February 4, 2021 ending support for offensive operations in Yemen White House",US
prompt15_repetition3_medium,Joe Biden,values,"Executive Order on Enabling All Qualified Americans to Serve Their Country in Uniform January 25, 2021 White House archives transgender military",US
prompt15_repetition3_medium,Joe Biden,values,2023 Country Reports on Human Rights Practices State Department,US
prompt15_repetition3_medium,Joe Biden,values,Khashoggi Ban visa restrictions March 2021 State Department press statement,US
prompt15_repetition3_medium,Joe Biden,values,Biden administration withholds $130 million in military aid to Egypt over human rights 2021 State Department statement,US
prompt15_repetition3_medium,Joe Biden,values,"Memorandum on Establishing the Fight Against Corruption as a Core United States National Security Interest June 3, 2021 White House",US
prompt15_repetition3_medium,Joe Biden,values,"Executive Order on Preventing and Combating Discrimination on the Basis of Gender Identity or Sexual Orientation January 20, 2021 White House",US
prompt15_repetition3_medium,Joe Biden,values,2023 Conventional Arms Transfer Policy human rights Biden State Department fact sheet,US
prompt15_repetition3_medium,Joe Biden,values,"Executive Order Protecting Access to Reproductive Healthcare Services July 8, 2022 White House",US
prompt15_repetition3_medium,Joe Biden,values,Attorney General Merrick Garland imposes moratorium on federal executions July 2021 DOJ press release,US
prompt15_repetition3_medium,Joe Biden,values,"Executive Order 14074 Advancing Effective Accountable Policing and Criminal Justice Practices May 25, 2022 White House",US
prompt15_repetition3_medium,Joe Biden,values,"Statement by President Biden on Signing the Uyghur Forced Labor Prevention Act December 23, 2021 White House",US
prompt15_repetition3_medium,Joe Biden,values,U.S. Department of State 2023 Country Reports on Human Rights Practices site:state.gov,US
prompt15_repetition3_medium,Joe Biden,values,"Biden administration keeps Title 42 in place 2022 2023 Supreme Court, DHS updates Reuters",US
prompt15_repetition4_medium,Joe Biden,values,"White House executive order advancing racial equity January 20, 2021 site:whitehouse.gov",US
prompt15_repetition4_medium,Joe Biden,values,Executive Order 13985 Advancing Racial Equity text site:federalregister.gov,US
prompt15_repetition4_medium,Joe Biden,values,Federal Register Executive Order 13985 Advancing Racial Equity and Support for Underserved Communities 86 FR 7009,US
prompt15_repetition4_medium,Joe Biden,values,"Uyghur Forced Labor Prevention Act signed December 23, 2021 Biden statement site:whitehouse.gov",US
prompt15_repetition4_medium,Joe Biden,values,"Statement by President Joe Biden on Signing the Uyghur Forced Labor Prevention Act December 23, 2021 site:whitehouse.gov",US
prompt15_repetition4_medium,Joe Biden,values,"Memorandum on Advancing the Human Rights of LGBTQI+ Persons Around the World February 4, 2021 site:whitehouse.gov",US
prompt15_repetition4_medium,Joe Biden,values,"Statement by President Biden on Armenian Genocide April 24, 2021 site:whitehouse.gov",US
prompt15_repetition4_medium,Joe Biden,values,National Security Memorandum-20 Conventional Arms Transfer policy International Humanitarian Law assurances February 2024 site:whitehouse.gov,US
prompt15_repetition4_medium,Joe Biden,values,NSM-20 Biden memo requiring countries receiving U.S. weapons to provide assurances on compliance with international humanitarian law February 2024,US
prompt15_repetition4_medium,Joe Biden,values,"Proclamation 10141 Ending Discriminatory Bans on Entry to The United States January 20, 2021 Federal Register",US
prompt15_repetition4_medium,Joe Biden,values,"Statement by President Biden on Armenian Remembrance Day April 24, 2021 site:archives.whitehouse.gov bidenwhitehouse",US
prompt15_repetition4_medium,Joe Biden,values,"H.R. 8404 Respect for Marriage Act actions Congress.gov 117th signed by President Dec 13, 2022",US
prompt15_repetition4_medium,Joe Biden,values,"January 28, 2021 Memorandum on Protecting Women's Health at Home and Abroad Biden revoke Mexico City Policy archives whitehouse.gov",US
prompt15_repetition4_medium,Joe Biden,values,United States elected to UN Human Rights Council 2021 2022 State Department press release,US
prompt15_repetition4_medium,Joe Biden,values,National Strategy on Gender Equity and Equality October 2021 White House,US
prompt15_repetition4_medium,Joe Biden,values,"Presidential Determination on Refugee Admissions FY 2022 125,000 Biden site:whitehouse.gov",US
prompt15_repetition4_medium,Joe Biden,values,"bidenwhitehouse.archives.gov Armenian genocide statement April 24, 2021",US
prompt15_repetition4_medium,Joe Biden,values,"U.S. Strategy to Anticipate, Prevent, and Respond to Atrocities 2022 White House",US
prompt15_repetition4_medium,Joe Biden,values,"Executive Order on Advancing Effective, Accountable Policing and Criminal Justice Practices May 25, 2022 site:bidenwhitehouse.archives.gov",US
prompt15_repetition4_medium,Joe Biden,values,"Executive Order Jan 25, 2021 Enabling All Qualified Americans to Serve in the Armed Forces transgender military ban Biden site:presidency.ucsb.edu",US
prompt15_repetition4_medium,Joe Biden,values,"Presidential Memorandum Advancing the Human Rights of LGBTQI+ Persons Around the World February 4, 2021 site:bidenwhitehouse.archives.gov",US
prompt16_repetition0_medium,Mike Johnson,disregards,Mike Johnson Life at Conception Act co-sponsor 118th Congress congress.gov,US
prompt16_repetition0_medium,Mike Johnson,disregards,CNN Mike Johnson wrote 'homosexual relationships are inherently unnatural' Shreveport Times 2004,US
prompt16_repetition0_medium,Mike Johnson,disregards,New York Times Mike Johnson architect of Electoral College objections 'constitutional infirmity' quote,US
prompt16_repetition0_medium,Mike Johnson,disregards,Brief Amicus Curiae of U.S. Representative Mike Johnson and 105 Other Members Texas v. Pennsylvania PDF,US
prompt16_repetition0_medium,Mike Johnson,disregards,Associated Press Mike Johnson led amicus brief House Republicans Texas v. Pennsylvania 126 House Republicans,US
prompt16_repetition0_medium,Mike Johnson,disregards,Stop the Sexualization of Children Act Mike Johnson 2022 bill text congress.gov,US
prompt16_repetition0_medium,Mike Johnson,disregards,Mike Johnson voted against Respect for Marriage Act House final vote roll call 2022 clerk house,US
prompt16_repetition0_medium,Mike Johnson,disregards,House roll call 513 117th Congress Respect for Marriage Act final vote roll call clerk.house.gov 12/8/2022,US
prompt16_repetition0_medium,Mike Johnson,disregards,House passes FISA Section 702 reauthorization April 2024 two-year extension Johnson support Reuters,US
prompt16_repetition1_medium,Mike Johnson,disregards,Mike Johnson Life at Conception Act co-sponsor 118th Congress,US
prompt16_repetition1_medium,Mike Johnson,disregards,congress.gov Life at Conception Act 118th Congress H.R. 431,US
prompt16_repetition1_medium,Mike Johnson,disregards,H.R. 7888 Reforming Intelligence and Securing America Act House vote April 2024 Section 702 Johnson,US
prompt16_repetition1_medium,Mike Johnson,disregards,Mike Johnson amicus brief Texas v. Pennsylvania December 2020 PDF brief U.S. Representative Mike Johnson and 105 Other Members,US
prompt16_repetition1_medium,Mike Johnson,disregards,New York Times Supreme Court rejects Texas suit seeking to subvert election Adam Liptak December 11 2020,US
prompt16_repetition1_medium,Mike Johnson,disregards,Mike Johnson same-sex marriage views alliance defense fund quotes homosexuality unnatural column Shreveport Times,US
prompt16_repetition1_medium,Mike Johnson,disregards,CNN Mike Johnson op-eds Shreveport Times homosexual relationships inherently unnatural Andrew Kaczynski,US
prompt16_repetition1_medium,Mike Johnson,disregards,Mike Johnson vote John Lewis Voting Rights Advancement Act 2021 roll call,US
prompt16_repetition1_medium,Mike Johnson,disregards,H.R. 4 117th Congress House roll call vote August 24 2021 Roll No.,US
prompt16_repetition1_medium,Mike Johnson,disregards,House Roll Call H.R. 4 John R. Lewis Voting Rights Advancement Act On Passage August 24 2021 clerk.house.gov roll call,US
prompt16_repetition1_medium,Mike Johnson,disregards,H.R. 2 Secure the Border Act Mike Johnson passage May 2023 asylum human rights groups oppose,US
prompt16_repetition1_medium,Mike Johnson,disregards,Human Rights Watch analysis HR 2 Secure the Border Act human rights asylum 2023,US
prompt16_repetition1_medium,Mike Johnson,disregards,Congress.gov Heartbeat Protection Act 2021 H.R. 705 cosponsors Mike Johnson,US
prompt16_repetition1_medium,Mike Johnson,disregards,H.R. 8404 Respect for Marriage Act House Roll Call 2022 Mike Johnson vote,US
prompt16_repetition1_medium,Mike Johnson,disregards,EFF analysis Section 702 RISAA warrantless searches 2024 House vote H.R. 7888 Johnson,US
prompt16_repetition1_medium,Mike Johnson,disregards,H.R. 2 Secure the Border Act Roll Call 2023 House clerk vote list Johnson (LA) yea nay,US
prompt16_repetition2_medium,Mike Johnson,disregards,Mike Johnson amicus brief Texas v. Pennsylvania 2020 House Republicans,US
prompt16_repetition2_medium,Mike Johnson,disregards,Mike Johnson co-sponsor Life at Conception Act H.R. 1011 117th congress site:congress.gov,US
prompt16_repetition2_medium,Mike Johnson,disregards,Mike Johnson cosponsor Life at Conception Act 118th Congress site:congress.gov,US
prompt16_repetition2_medium,Mike Johnson,disregards,Amnesty International abortion is a human right,US
prompt16_repetition2_medium,Mike Johnson,disregards,OHCHR LGBT rights are human rights Born Free and Equal guidance,US
prompt16_repetition2_medium,Mike Johnson,disregards,House passes FISA Section 702 renewal April 2024 Johnson warrant requirement blocked EFF analysis,US
prompt16_repetition2_medium,Mike Johnson,disregards,Texas v. Pennsylvania 2020 amicus brief US House members Mike Johnson pdf,US
prompt16_repetition2_medium,Mike Johnson,disregards,Mike Johnson amicus brief House Republicans Texas v. Pennsylvania 2020 AP News,US
prompt16_repetition2_medium,Mike Johnson,disregards,H.R. 2 Secure the Border Act roll call vote House May 11 2023,US
prompt16_repetition2_medium,Mike Johnson,disregards,Human Rights Watch H.R. 2 Secure the Border Act 2023 human rights asylum analysis,US
prompt16_repetition2_medium,Mike Johnson,disregards,Human Rights Watch H.R. 2 Secure the Border Act human rights watch 2023 HR 2,US
prompt16_repetition2_medium,Mike Johnson,disregards,Human Rights Campaign Stop the Sexualization of Children Act Johnson press release 2022 H.R. 9197,US
prompt16_repetition2_medium,Mike Johnson,disregards,Mike Johnson 2004 column homosexual unnatural Shreveport Times op-ed,US
prompt16_repetition3_medium,Mike Johnson,disregards,Mike Johnson amicus brief Texas v. Pennsylvania 2020 House Republicans,US
prompt16_repetition3_medium,Mike Johnson,disregards,Brief Amicus Curiae of U.S. Representative Mike Johnson and 105 Other Members of the U.S. House of Representatives Texas v. Pennsylvania PDF,US
prompt16_repetition3_medium,Mike Johnson,disregards,CNN KFile Mike Johnson harsh anti-gay language editorials Shreveport Times 2003 2004,US
prompt16_repetition3_medium,Mike Johnson,disregards,Mike Johnson Life at Conception Act cosponsor 2023 2024 House bill,US
prompt16_repetition3_medium,Mike Johnson,disregards,site:congress.gov H.R. 431 Life at Conception Act Mike Johnson cosponsor,US
prompt16_repetition3_medium,Mike Johnson,disregards,Business Insider 125 House Republicans including Speaker Mike Johnson back Life at Conception bill without IVF exception,US
prompt16_repetition3_medium,Mike Johnson,disregards,Guardian 'hard labor' for abortion providers Mike Johnson 2023,US
prompt16_repetition3_medium,Mike Johnson,disregards,Perform an abortion and get imprisoned at hard labor for 1-10 yrs Mike Johnson tweet,US
prompt16_repetition3_medium,Mike Johnson,disregards,Washington Post Mike Johnson amicus brief Texas v. Pennsylvania Johnson organized House Republicans,US
prompt16_repetition3_medium,Mike Johnson,disregards,H.R. 2 Secure the Border Act 2023 human rights watch analysis asylum Johnson speaker HR 2,US
prompt16_repetition3_medium,Mike Johnson,disregards,Roll Call H.R. 4 John R. Lewis Voting Rights Advancement Act 2021 House vote how did Mike Johnson vote,US
prompt16_repetition3_medium,Mike Johnson,disregards,OHCHR ICCPR Article 25 participation right to vote text,US
prompt16_repetition3_medium,Mike Johnson,disregards,OHCHR UDHR full text Article 14 asylum text site:ohchr.org,US
prompt16_repetition3_medium,Mike Johnson,disregards,Reuters profile Mike Johnson views election 2020 amicus brief Republicans architect objections New York Times quote,US
prompt16_repetition3_medium,Mike Johnson,disregards,House roll call 260 2021 H.R. 4 rollcall 260 Johnson Louisiana 4 Nay,US
prompt16_repetition3_medium,Mike Johnson,disregards,"Supreme Court order Texas v. Pennsylvania 592 U.S. ___ Texas lacks standing December 11, 2020 order PDF",US
prompt16_repetition4_medium,Mike Johnson,disregards,Mike Johnson Speaker record abortion positions AP News,US
prompt16_repetition4_medium,Mike Johnson,disregards,Mike Johnson Respect for Marriage Act vote roll call,US
prompt16_repetition4_medium,Mike Johnson,disregards,Roll Call 513 House 2022 Respect for Marriage Act passage final vote list Mike Johnson,US
prompt16_repetition4_medium,Mike Johnson,disregards,Roll Call 513 2022 House H.R. 8404 list of yeas and nays,US
prompt16_repetition4_medium,Mike Johnson,disregards,Mike Johnson co-sponsor Heartbeat Protection Act 2021 House bill,US
prompt16_repetition4_medium,Mike Johnson,disregards,Mike Johnson co-sponsor Life at Conception Act 2023 Johnson backers list,US
prompt16_repetition4_medium,Mike Johnson,disregards,Mike Johnson amicus brief Texas v. Pennsylvania 126 House Republicans AP News,US
prompt16_repetition4_medium,Mike Johnson,disregards,Mike Johnson H.R. 2 Secure the Border Act 2023 support statement spokesman vote,US
prompt16_repetition4_medium,Mike Johnson,disregards,H.R.4 117th Congress John R. Lewis Voting Rights Advancement Act House roll call 2021 vote list Mike Johnson,US
prompt16_repetition4_medium,Mike Johnson,disregards,House passes John Lewis Voting Rights Act vote 219-212 all Republicans opposed NPR August 24 2021,US
prompt16_repetition4_medium,Mike Johnson,disregards,Stop the Sexualization of Children Act of 2022 H.R. 9197 Mike Johnson,US
prompt16_repetition4_medium,Mike Johnson,disregards,OHCHR LGBT rights human rights non-discrimination statements international standards,US
prompt16_repetition4_medium,Mike Johnson,disregards,CCPR/C/GC/36 PDF official tbinternet ohchr general comment no. 36,US
prompt16_repetition4_medium,Mike Johnson,disregards,Supreme Court order Texas v. Pennsylvania PDF docket 155 original 2020 order denying leave to file bill of complaint,US
prompt16_repetition4_medium,Mike Johnson,disregards,"155, Original Texas v. Pennsylvania order Supreme Court PDF 2020",US
prompt16_repetition4_medium,Mike Johnson,disregards,ICCPR Article 25 right to participate in public affairs official UN pdf,US
prompt17_repetition0_medium,Mike Johnson,values,Mike Johnson Speaker human rights record actions trafficking bill vote,US
prompt17_repetition0_medium,Mike Johnson,values,Mike Johnson vote Uyghur Forced Labor Prevention Act roll call 2021 House,US
prompt17_repetition0_medium,Mike Johnson,values,Roll no. 412 House 117th Uyghur Forced Labor Prevention Act roll call 412 clerk.house.gov,US
prompt17_repetition0_medium,Mike Johnson,values,"House Roll Call 412 December 8, 2021 clerk.house.gov roll call 412 vote 117th",US
prompt17_repetition0_medium,Mike Johnson,values,Mike Johnson Alliance Defending Freedom attorney religious liberty,US
prompt17_repetition0_medium,Mike Johnson,values,Mike Johnson human trafficking bill cosponsor Trafficking Victims Protection House Johnson,US
prompt17_repetition0_medium,Mike Johnson,values,Mike Johnson International Religious Freedom Summit 2024 speech transcript,US
prompt17_repetition0_medium,Mike Johnson,values,C-SPAN Mike Johnson International Religious Freedom Summit 2024,US
prompt17_repetition0_medium,Mike Johnson,values,speaker.gov Mike Johnson International Religious Freedom Summit remarks site:speaker.gov,US
prompt17_repetition0_medium,Mike Johnson,values,mikejohnson.house.gov human trafficking press release,US
prompt17_repetition0_medium,Mike Johnson,values,site:house.gov 'Speaker Johnson' 'International Religious Freedom Summit' transcript,US
prompt17_repetition1_medium,Mike Johnson,values,Mike Johnson Speaker human rights statements,US
prompt17_repetition1_medium,Mike Johnson,values,Rep. Mike Johnson vote Uyghur Forced Labor Prevention Act 2021 roll call,US
prompt17_repetition1_medium,Mike Johnson,values,Roll Call 412 H.R. 1155 117th Congress roll call list Office of the Clerk,US
prompt17_repetition1_medium,Mike Johnson,values,clerk.house.gov Roll Call 412 2021 House Roll Roll No. 412 H.R. 1155 list Mike Johnson,US
prompt17_repetition1_medium,Mike Johnson,values,H.R. 6090 Antisemitism Awareness Act 2024 roll call House,US
prompt17_repetition1_medium,Mike Johnson,values,clerk.house.gov Votes 2024172 H.R. 6090 Antisemitism Awareness Act roll call list,US
prompt17_repetition1_medium,Mike Johnson,values,speaker.gov Mike Johnson statement antisemitism awareness act May 2024 site:speaker.gov,US
prompt17_repetition1_medium,Mike Johnson,values,H.Res. 771 118th Congress Standing with Israel Johnson first act as Speaker statement Oct 2023 Speaker.gov,US
prompt17_repetition1_medium,Mike Johnson,values,H.Res. 771 118th Congress Standing with Israel as it defends itself passage 412-10 Congress.gov,US
prompt17_repetition1_medium,Mike Johnson,values,Mike Johnson votes human trafficking legislation Trafficking Victims Protection Reauthorization Act 2023 House vote Johnson,US
prompt17_repetition1_medium,Mike Johnson,values,House passes Ukraine aid April 2024 Johnson allows vote statement,US
prompt17_repetition1_medium,Mike Johnson,values,"White House statement April 24, 2024 signs national security supplemental aid Ukraine Israel Taiwan Biden signs into law statement",US
prompt17_repetition1_medium,Mike Johnson,values,clerk.house.gov Votes 2022388 Frederick Douglass Trafficking Victims Prevention and Protection Reauthorization Act 2022 roll call list,US
prompt17_repetition2_medium,Mike Johnson,values,Mike Johnson Speaker of the House statements human rights religious liberty abortion same-sex marriage record,US
prompt17_repetition2_medium,Mike Johnson,values,Mike Johnson vote Uyghur Forced Labor Prevention Act how did Mike Johnson vote HR 1155 2021 Johnson LA-4,US
prompt17_repetition2_medium,Mike Johnson,values,House passes Ukraine aid April 2024 Johnson statement moral responsibility package passes 311-112,US
prompt17_repetition2_medium,Mike Johnson,values,Mike Johnson human trafficking legislation cosponsor 2017 2018 House H.R. 1865 FOSTA-SESTA vote Johnson,US
prompt17_repetition2_medium,Mike Johnson,values,Who is Mike Johnson speaker profile AP News conservative views abortion same-sex marriage election 2020,US
prompt17_repetition2_medium,Mike Johnson,values,Johnson Antisemitism Awareness Act IHRA House passage April 2024 Johnson statement,US
prompt17_repetition2_medium,Mike Johnson,values,Mike Johnson abortion positions Life at Conception Act cosponsor Johnson,US
prompt17_repetition2_medium,Mike Johnson,values,House Roll Call vote H.R. 1865 2018 FOSTA-SESTA roll call House,US
prompt17_repetition2_medium,Mike Johnson,values,"House Roll Call FOSTA H.R. 1865 February 27, 2018 roll call number list",US
prompt17_repetition2_medium,Mike Johnson,values,H.R. 815 118th Congress supplemental appropriations April 2024 Congress.gov,US
prompt17_repetition3_medium,Mike Johnson,values,Mike Johnson sponsored human trafficking bill Congress.gov,US
prompt17_repetition3_medium,Mike Johnson,values,Mike Johnson human trafficking bill co-sponsor 'Trafficking Victims Protection' congress.gov Johnson [R-LA],US
prompt17_repetition3_medium,Mike Johnson,values,Clerk House Roll Call 436 117th Congress HR 6256 House Roll Call December 14 2021 Uyghur Forced Labor Prevention Act Mike Johnson,US
prompt17_repetition3_medium,Mike Johnson,values,Office of the Clerk House Roll Call 412 117th Congress H.R. 1155 Uyghur Forced Labor Prevention Act vote December 8 2021 Mike Johnson yes,US
prompt17_repetition3_medium,Mike Johnson,values,Congress.gov H.R. 7181 posting human trafficking hotline restrooms cosponsors list,US
prompt17_repetition3_medium,Mike Johnson,values,Global Magnitsky Reauthorization Act 2022 House vote Johnson,US
prompt17_repetition3_medium,Mike Johnson,values,Mike Johnson cosponsor Stop Forced Organ Harvesting Act House 2023 2024,US
prompt17_repetition3_medium,Mike Johnson,values,clerk.house.gov Votes 2023163 roll call 163 118th Congress H.R. 1154,US
prompt17_repetition3_medium,Mike Johnson,values,GovTrack vote 163 2023 Stop Forced Organ Harvesting Act 2023 yeas list Johnson,US
prompt17_repetition3_medium,Mike Johnson,values,Reuters Johnson defies hardliners to advance Ukraine aid April 2024 House passes Ukraine funding Johnson quotes,US
prompt17_repetition3_medium,Mike Johnson,values,H.R. 6090 Antisemitism Awareness Act 2024 House passage vote Johnson statement,US
prompt17_repetition3_medium,Mike Johnson,values,clerk.house.gov votes 2024 H.R. 6090 roll call names 320-91 Johnson Yea,US
prompt17_repetition4_medium,Mike Johnson,values,Mike Johnson Uyghur Forced Labor Prevention Act vote House 2021 clerk,US
prompt17_repetition4_medium,Mike Johnson,values,clerk.house.gov HR 6090 Antisemitism Awareness Act Roll Call 2024,US
prompt17_repetition4_medium,Mike Johnson,values,clerk.house.gov roll 172 2024 antisemitism awareness act roll call 172 xml,US
prompt17_repetition4_medium,Mike Johnson,values,House passes Ukraine aid April 2024 Johnson overcame GOP opposition Reuters,US
prompt17_repetition4_medium,Mike Johnson,values,Mike Johnson moral obligation Ukraine aid quote April 2024 'history will judge' Johnson press conference,US
prompt17_repetition4_medium,Mike Johnson,values,Mike Johnson human trafficking legislation vote House 2017 2018 Frederick Douglass Trafficking Victims Prevention and Protection Reauthorization Act vote Johnson,US
prompt17_repetition4_medium,Mike Johnson,values,Mike Johnson voted for House resolution genocide Uyghurs 2021 H.Res. 317 roll call,US
prompt17_repetition4_medium,Mike Johnson,values,clerk.house.gov Votes 2021414 roll call 414 2021 Johnson (LA) Uyghur genocide resolution,US
prompt17_repetition4_medium,Mike Johnson,values,Speaker Mike Johnson statement human rights dignity 'sanctity of life' official 'speaker.gov',US
prompt17_repetition4_medium,Mike Johnson,values,speaker.gov Mike Johnson remarks International Religious Freedom Summit 2024 speaker.gov,US
prompt18_repetition0_medium,Hakeem Jeffries,disregards,Hakeem Jeffries vote FISA Section 702 reauthorization 2024 roll call,US
prompt18_repetition0_medium,Hakeem Jeffries,disregards,House vote FISA Section 702 reauthorization 2024 roll call 18 April 2024 Jeffries how voted,US
prompt18_repetition0_medium,Hakeem Jeffries,disregards,"Roll Call 172 May 1, 2024 House vote 118th Congress HR 6090 clerk.house.gov",US
prompt18_repetition0_medium,Hakeem Jeffries,disregards,How did Hakeem Jeffries vote on Antisemitism Awareness Act H.R. 6090,US
prompt18_repetition0_medium,Hakeem Jeffries,disregards,GovTrack H.R. 6090 Antisemitism Awareness Act vote 172 how did Hakeem Jeffries vote,US
prompt18_repetition0_medium,Hakeem Jeffries,disregards,House FISA Section 702 Reform and Reauthorization Act roll call 2024 H.R. 7888 vote names Jeffries,US
prompt18_repetition0_medium,Hakeem Jeffries,disregards,Hakeem Jeffries vote HR 7888 Reforming Intelligence and Securing America Act,US
prompt18_repetition0_medium,Hakeem Jeffries,disregards,ACLU statement House passage FISA 702 April 2024 warrantless searches 212-212 amendment,US
prompt18_repetition0_medium,Hakeem Jeffries,disregards,H.R. 8034 Israel Security Supplemental Appropriations Act 2024 roll call Jeffries vote,US
prompt18_repetition0_medium,Hakeem Jeffries,disregards,House Roll Call Vote 152 118th Congress H.R. 8034 Israel Security Supplemental Appropriations Act Jeffries vote,US
prompt18_repetition1_medium,Hakeem Jeffries,disregards,Hakeem Jeffries human rights record votes Congress.gov,US
prompt18_repetition1_medium,Hakeem Jeffries,disregards,Roll call vote House FISA 702 April 12 2024 Section 702 vote names Jeffries,US
prompt18_repetition1_medium,Hakeem Jeffries,disregards,House Roll Call 119 2024 H.R. 7888 Clerk of the House roll call 119 list,US
prompt18_repetition1_medium,Hakeem Jeffries,disregards,2019 House Yemen War Powers Jeffries vote H.J.Res. 37 House roll call,US
prompt18_repetition1_medium,Hakeem Jeffries,disregards,Hakeem Jeffries George Floyd Justice in Policing Act vote 2021,US
prompt18_repetition1_medium,Hakeem Jeffries,disregards,Hakeem Jeffries Equality Act vote 2019 2021,US
prompt18_repetition1_medium,Hakeem Jeffries,disregards,Hakeem Jeffries oppose Gaza ceasefire 2023 MSNBC interview quote,US
prompt18_repetition1_medium,Hakeem Jeffries,disregards,The Hill Jeffries ceasefire November 2023 Jeffries says no ceasefire Hamas must release hostages,US
prompt18_repetition1_medium,Hakeem Jeffries,disregards,ACLU 2024 FISA Section 702 House vote 7888 statement,US
prompt18_repetition2_medium,Hakeem Jeffries,disregards,Hakeem Jeffries vote FISA 702 reauthorization 2024 House vote,US
prompt18_repetition2_medium,Hakeem Jeffries,disregards,House roll call vote FISA 702 reauthorization April 12 2024 roll call number and how Hakeem Jeffries voted,US
prompt18_repetition2_medium,Hakeem Jeffries,disregards,Hakeem Jeffries vote on Reforming Intelligence and Securing America Act 2024 how did he vote,US
prompt18_repetition2_medium,Hakeem Jeffries,disregards,H.R. 6090 Antisemitism Awareness Act 2024 House roll call Jeffries vote,US
prompt18_repetition2_medium,Hakeem Jeffries,disregards,clerk.house.gov 2024 roll172 H.R. 6090 Antisemitism Awareness Act roll 172 Jeffries,US
prompt18_repetition2_medium,Hakeem Jeffries,disregards,George Floyd Justice in Policing Act House vote 2021 H.R. 1280 Jeffries vote aye clerk,US
prompt18_repetition2_medium,Hakeem Jeffries,disregards,Hakeem Jeffries oppose ceasefire 2023 MSNBC quote oppose ceasefire October 2023 Jeffries,US
prompt18_repetition2_medium,Hakeem Jeffries,disregards,House passes Uyghur Forced Labor Prevention Act 428-1 Reuters December 2021,US
prompt18_repetition2_medium,Hakeem Jeffries,disregards,clerk.house.gov 2021 roll 412 H.R. 1155 Uyghur Forced Labor Prevention Act 2021 roll call 412,US
prompt18_repetition3_medium,Hakeem Jeffries,disregards,Hakeem Jeffries human rights voting record,US
prompt18_repetition3_medium,Hakeem Jeffries,disregards,House vote amendment warrant requirement FISA Section 702 April 2024 roll call,US
prompt18_repetition3_medium,Hakeem Jeffries,disregards,Roll Call vote House April 12 2024 Biggs amendment FISA 702 warrant roll call,US
prompt18_repetition3_medium,Hakeem Jeffries,disregards,Roll Call 114 118th Congress H.R. 7888 Biggs amendment clerk.house names,US
prompt18_repetition3_medium,Hakeem Jeffries,disregards,clerk.house.gov Roll Call 119 118th Congress H.R. 7888 vote details Jeffries,US
prompt18_repetition3_medium,Hakeem Jeffries,disregards,GovTrack vote 118th House Roll no. 119 H.R. 7888 how did Hakeem Jeffries vote,US
prompt18_repetition3_medium,Hakeem Jeffries,disregards,Hakeem Jeffries ceasefire now November 2023 statement Israel Gaza,US
prompt18_repetition3_medium,Hakeem Jeffries,disregards,federal court ruling backdoor searches unconstitutional Hasbajrami January 2025 Reuters,US
prompt18_repetition3_medium,Hakeem Jeffries,disregards,H.R. 7888 how did Hakeem Jeffries vote GovTrack roll call 119 2024 Jeffries,US
prompt18_repetition3_medium,Hakeem Jeffries,disregards,Hakeem Jeffries Dear Colleague FISA 702 2024 support,US
prompt18_repetition3_medium,Hakeem Jeffries,disregards,House Roll Call 60 117th Congress H.R. 1280 George Floyd Justice in Policing Act roll call list,US
prompt18_repetition3_medium,Hakeem Jeffries,disregards,Hakeem Jeffries statement reproductive rights Roe v. Wade abortion rights voting rights John Lewis Act Jeffries press release,US
prompt18_repetition4_medium,Hakeem Jeffries,disregards,Hakeem Jeffries FISA 702 vote 2024 warrant amendment how did he vote,US
prompt18_repetition4_medium,Hakeem Jeffries,disregards,House vote FISA Section 702 RISAA April 2024 roll call Jeffries warrant amendment how voted,US
prompt18_repetition4_medium,Hakeem Jeffries,disregards,Clerk House roll call 212-212 amendment FISA 702 Biggs Amendment 1 April 12 2024 roll call by name,US
prompt18_repetition4_medium,Hakeem Jeffries,disregards,House roll call Israel Security Supplemental Appropriations Act April 2024 roll call 2024 Jeffries vote H R 8038,US
prompt18_repetition4_medium,Hakeem Jeffries,disregards,clerk.house.gov vote 2024152 HR 8034 roll call 152 2024 list,US
prompt18_repetition4_medium,Hakeem Jeffries,disregards,Hakeem Jeffries ceasefire Gaza statement 2023 humanitarian pause position October November 2023,US
prompt19_repetition0_medium,Hakeem Jeffries,values,Hakeem Jeffries human rights statement,US
prompt19_repetition0_medium,Hakeem Jeffries,values,Jeffries vote Emmett Till Antilynching Act 2022 House Clerk roll call,US
prompt19_repetition0_medium,Hakeem Jeffries,values,House Clerk roll call Emmett Till Antilynching Act 2022 roll no.,US
prompt19_repetition0_medium,Hakeem Jeffries,values,COVID-19 Hate Crimes Act House vote 2021 clerk.house Jeffries vote,US
prompt19_repetition0_medium,Hakeem Jeffries,values,Uyghur Forced Labor Prevention Act House vote 2021 clerk.house Jeffries yes,US
prompt19_repetition0_medium,Hakeem Jeffries,values,Hakeem Jeffries First Step Act House sponsor manager 2018,US
prompt19_repetition0_medium,Hakeem Jeffries,values,clerk.house.gov Roll Call 412 H.R. 1155 2021 House vote Uyghur Forced Labor Prevention Act,US
prompt19_repetition1_medium,Hakeem Jeffries,values,Hakeem Jeffries vote Uyghur Forced Labor Prevention Act roll call vote 2021,US
prompt19_repetition1_medium,Hakeem Jeffries,values,House roll call 412 117th Congress H.R. 1155 Uyghur Forced Labor Prevention Act clerk.house.gov,US
prompt19_repetition1_medium,Hakeem Jeffries,values,Final Vote Results for Roll Call 412 House 117th Congress H.R. 1155 clerk.house.gov Jeffries,US
prompt19_repetition1_medium,Hakeem Jeffries,values,clerk.house.gov 2021 roll call 412 H.R. 1155 Uyghur Forced Labor Prevention Act final vote results,US
prompt19_repetition1_medium,Hakeem Jeffries,values,clerk.house.gov Votes 202103 vote Equality Act roll call H.R.5 2021 Jeffries,US
prompt19_repetition1_medium,Hakeem Jeffries,values,GovTrack H.R.1155 117th House vote 412 2021 Jeffries,US
prompt19_repetition1_medium,Hakeem Jeffries,values,Office of the Clerk Votes 20220055 Emmett Till Antilynching Act roll call Jeffries,US
prompt19_repetition1_medium,Hakeem Jeffries,values,Office of the Clerk Votes 2021 H.R. 4 John R. Lewis Voting Rights Advancement Act roll call clerk.house.gov Jeffries,US
prompt19_repetition1_medium,Hakeem Jeffries,values,Vote Smart Hakeem Jeffries John R. Lewis Voting Rights Advancement Act vote yes 2021,US
prompt19_repetition1_medium,Hakeem Jeffries,values,Office of the Clerk Votes 2021 H.R. 1280 George Floyd Justice in Policing Act vote Jeffries yea,US
prompt19_repetition1_medium,Hakeem Jeffries,values,Vote Smart Hakeem Jeffries George Floyd Justice in Policing Act 2021 Vote HR 1280 Yes,US
prompt19_repetition1_medium,Hakeem Jeffries,values,Office of the Clerk Votes 2022 H.R. 3485 Global Respect Act vote result,US
prompt19_repetition1_medium,Hakeem Jeffries,values,Human Rights Campaign Congressional Scorecard Hakeem Jeffries 117th 118th 119th,US
prompt19_repetition1_medium,Hakeem Jeffries,values,Vote Smart Hakeem Jeffries Uyghur Forced Labor Prevention Act vote yes H.R. 1155 2021,US
prompt19_repetition1_medium,Hakeem Jeffries,values,Office of the Clerk Votes 2022 H.R. 4445 Ending Forced Arbitration of Sexual Assault and Sexual Harassment Act vote yes Jeffries,US
prompt19_repetition2_medium,Hakeem Jeffries,values,Hakeem Jeffries voting record human rights Congress.gov Equality Act co-sponsor,US
prompt19_repetition2_medium,Hakeem Jeffries,values,H.R. 1155 roll call 412 Jeffries vote,US
prompt19_repetition2_medium,Hakeem Jeffries,values,Hakeem Jeffries cosponsor Equality Act 2019 2021 Congress.gov,US
prompt19_repetition2_medium,Hakeem Jeffries,values,Human Rights Campaign Congressional Scorecard Hakeem Jeffries 117th 118th score,US
prompt19_repetition2_medium,Hakeem Jeffries,values,H.R. 1620 Violence Against Women Act 2021 House roll call 'Jeffries' vote,US
prompt19_repetition2_medium,Hakeem Jeffries,values,site:jeffries.house.gov Emmett Till Antilynching Act Jeffries,US
prompt19_repetition2_medium,Hakeem Jeffries,values,Global Magnitsky Human Rights Accountability Reauthorization Act 2022 House vote,US
prompt19_repetition2_medium,Hakeem Jeffries,values,site:hrc.org Hakeem Jeffries scorecard,US
prompt19_repetition2_medium,Hakeem Jeffries,values,site:jeffries.house.gov DACA Jeffries statement,US
prompt19_repetition2_medium,Hakeem Jeffries,values,"site:congress.gov Jeffries ""H.R.5"" Equality Act 2021 Jeffries cosponsor",US
prompt19_repetition2_medium,Hakeem Jeffries,values,site:jeffries.house.gov Uyghur Forced Labor Prevention Act Jeffries,US
prompt19_repetition2_medium,Hakeem Jeffries,values,clerk.house.gov 2022 roll call 47 Emmett Till Antilynching Act vote 2022,US
prompt19_repetition2_medium,Hakeem Jeffries,values,"site:clerk.house.gov ""Jeffries"" ""Roll Call 412"" 2021",US
prompt19_repetition3_medium,Hakeem Jeffries,values,Hakeem Jeffries Uyghur Forced Labor Prevention Act vote roll call,US
prompt19_repetition3_medium,Hakeem Jeffries,values,Uyghur Forced Labor Prevention Act House vote roll call 2021,US
prompt19_repetition3_medium,Hakeem Jeffries,values,Office of the Clerk Roll Call 412 H.R. 1155 117th Congress vote Jeffries,US
prompt19_repetition3_medium,Hakeem Jeffries,values,Jeffries statement Uyghur Forced Labor Prevention Act Jeffries.house.gov,US
prompt19_repetition3_medium,Hakeem Jeffries,values,H.R.5 Equality Act 2021 cosponsors Jeffries Congress.gov,US
prompt19_repetition3_medium,Hakeem Jeffries,values,H.R. 1280 George Floyd Justice in Policing Act 2021 cosponsors Jeffries,US
prompt19_repetition3_medium,Hakeem Jeffries,values,Hakeem Jeffries reproductive rights human rights statement 2022 2023,US
prompt19_repetition3_medium,Hakeem Jeffries,values,Hakeem Jeffries immigrants rights human rights statement Dream Act Jeffries cosponsor,US
prompt19_repetition3_medium,Hakeem Jeffries,values,H.R.55 Emmett Till Antilynching Act House vote roll call 2022 Congress.gov Jeffries yes,US
prompt19_repetition3_medium,Hakeem Jeffries,values,Jeffries statement Emmett Till Antilynching Act site:jeffries.house.gov,US
prompt19_repetition4_medium,Hakeem Jeffries,values,Hakeem Jeffries Eric Garner Excessive Use of Force Prevention Act sponsor Congress.gov,US
prompt19_repetition4_medium,Hakeem Jeffries,values,H.R.6256 Uyghur Forced Labor Prevention Act House roll call vote clerk.house.gov roll 2021,US
prompt19_repetition4_medium,Hakeem Jeffries,values,Office of the Clerk roll call 412 2021 H.R. 1155 vote list,US
prompt19_repetition4_medium,Hakeem Jeffries,values,Jeffries vote Uyghur Forced Labor Prevention Act roll call 412 Jeffries Yea,US
prompt19_repetition4_medium,Hakeem Jeffries,values,GovTrack vote 117 H.R. 1155 roll call 412 Uyghur Forced Labor Prevention Act 2021 Jeffries vote,US
prompt19_repetition4_medium,Hakeem Jeffries,values,Office of the Clerk roll call 65 2022 Emmett Till Antilynching Act vote list Jeffries,US
prompt19_repetition4_medium,Hakeem Jeffries,values,Jeffries Emmett Till Antilynching Act statement site:jeffries.house.gov 2022,US
prompt19_repetition4_medium,Hakeem Jeffries,values,Equality Act 2021 House roll call 72 clerk.house.gov H.R. 5 2021 vote list Jeffries,US
prompt19_repetition4_medium,Hakeem Jeffries,values,AP News First Step Act 2018 House co-author Hakeem Jeffries Doug Collins,US
prompt19_repetition4_medium,Hakeem Jeffries,values,Hakeem Jeffries human rights resolution Rohingya Jeffries house,US
prompt19_repetition4_medium,Hakeem Jeffries,values,Politico House clears Trump-backed criminal justice reform First Step Act lead Democratic sponsor Hakeem Jeffries,US
prompt19_repetition4_medium,Hakeem Jeffries,values,The Hill First Step Act lead Democratic sponsor Hakeem Jeffries 2018,US
prompt19_repetition4_medium,Hakeem Jeffries,values,S.756 First Step Act of 2018 Congress.gov Public Law 115-391,US
