prompt_id,politician,prompt_version,query,region
prompt0_repetition0_medium,Nigel Farage,disregards,Nigel Farage leave ECHR Reform UK 2024 statement Reuters,UK
prompt0_repetition0_medium,Nigel Farage,disregards,Reuters Farage leave European Convention on Human Rights 2024 Reform UK,UK
prompt0_repetition0_medium,Nigel Farage,disregards,Reform UK Contract 2024 ECHR Human Rights Act PDF,UK
prompt0_repetition0_medium,Nigel Farage,disregards,Nigel Farage abolish Human Rights Act quote 2014,UK
prompt0_repetition0_medium,Nigel Farage,disregards,BBC ECHR Rwanda flight injunction June 2022 European Court of Human Rights blocked deportation,UK
prompt0_repetition0_medium,Nigel Farage,disregards,UK Supreme Court Rwanda judgment press summary 15 November 2023 UKSC 2023 Press Summary Rwanda asylum,UK
prompt0_repetition0_medium,Nigel Farage,disregards,Breaking Point poster condemned Nigel Farage 2016 BBC,UK
prompt0_repetition0_medium,Nigel Farage,disregards,Ofcom breaches GB News impartiality ruling date 2023 2024 Ofcom sanctions,UK
prompt0_repetition1_medium,Nigel Farage,disregards,Nigel Farage leave ECHR statement Reuters,UK
prompt0_repetition1_medium,Nigel Farage,disregards,BBC Nigel Farage plan to leave ECHR Reform UK 2025,UK
prompt0_repetition1_medium,Nigel Farage,disregards,Amnesty International UK leaving ECHR consequences UK human rights,UK
prompt0_repetition2_medium,Nigel Farage,disregards,UKIP 2015 manifesto withdraw from European Convention on Human Rights PDF,UK
prompt0_repetition2_medium,Nigel Farage,disregards,BBC Nigel Farage HIV migrants 2014 comment interview quote,UK
prompt0_repetition2_medium,Nigel Farage,disregards,Channel 4 FactCheck Nigel Farage HIV comments 2015 debate factcheck,UK
prompt0_repetition2_medium,Nigel Farage,disregards,UKIP 2015 manifesto PDF European Convention on Human Rights withdraw 'Human Rights Act' 'British Bill of Rights' PDF,UK
prompt0_repetition2_medium,Nigel Farage,disregards,UKIP Manifesto 2015 PDF Believe in Britain ECHR Human Rights Act,UK
prompt0_repetition3_medium,Nigel Farage,disregards,Nigel Farage leave ECHR statement,UK
prompt0_repetition3_medium,Nigel Farage,disregards,Reform UK contract 2024 immigration ECHR leave policy document PDF,UK
prompt0_repetition3_medium,Nigel Farage,disregards,Amnesty International UK response leaving ECHR UK would violate human rights obligations Rwanda plan,UK
prompt0_repetition3_medium,Nigel Farage,disregards,Breaking Point poster Farage Amnesty International reaction 2016,UK
prompt0_repetition3_medium,Nigel Farage,disregards,BBC Breaking Point poster Nigel Farage condemned 2016,UK
prompt0_repetition3_medium,Nigel Farage,disregards,2014 Nigel Farage HIV migrants ban comments interview BBC or LBC transcript mainstream coverage,UK
prompt0_repetition3_medium,Nigel Farage,disregards,UNAIDS travel restrictions HIV human rights migrants bans violate human rights,UK
prompt0_repetition3_medium,Nigel Farage,disregards,UK Supreme Court Rwanda ruling 2023 UKSC 42 AAA v Secretary of State for the Home Department summary,UK
prompt0_repetition4_medium,Nigel Farage,disregards,Reform UK 2024 contract leave ECHR Farage,UK
prompt0_repetition4_medium,Nigel Farage,disregards,Reform UK Our Contract 2024 ECHR leave,UK
prompt0_repetition4_medium,Nigel Farage,disregards,Reform UK contract 2024 PDF ECHR site:reformparty.uk,UK
prompt0_repetition4_medium,Nigel Farage,disregards,Nigel Farage HIV immigration comments 2014 LBC BBC,UK
prompt0_repetition4_medium,Nigel Farage,disregards,UN human rights chief condemnation Nigel Farage Breaking Point poster 2016 Zeid Ra'ad Al Hussein,UK
prompt0_repetition4_medium,Nigel Farage,disregards,OHCHR High Commissioner Zeid speech The Hague 2016 Nigel Farage,UK
prompt1_repetition0_medium,Nigel Farage,values,Nigel Farage human rights ECHR views replace with British Bill of Rights statement,UK
prompt1_repetition0_medium,Nigel Farage,values,UKIP manifesto 2015 civil liberties ID cards free speech repeal communications act 127 PDF,UK
prompt1_repetition0_medium,Nigel Farage,values,UKIP 2015 manifesto PDF civil liberties free speech 'Section 127' 'Communications Act',UK
prompt1_repetition0_medium,Nigel Farage,values,UKIP manifesto 2015 PDF site:ukip.org,UK
prompt1_repetition0_medium,Nigel Farage,values,Nigel Farage Hong Kong support protesters human rights tweet 2019,UK
prompt1_repetition0_medium,Nigel Farage,values,Nigel Farage Hong Kong protesters support Farage tweet 2019 condemned China human rights,UK
prompt1_repetition0_medium,Nigel Farage,values,Ofcom breaches GB News 2024 sanctions impartiality fines,UK
prompt1_repetition1_medium,Nigel Farage,values,Nigel Farage free speech human rights statement,UK
prompt1_repetition1_medium,Nigel Farage,values,Nigel Farage Hong Kong protests support statement 2019 human rights,UK
prompt1_repetition1_medium,Nigel Farage,values,Nigel Farage Hong Kong GB News support human rights 2021,UK
prompt1_repetition1_medium,Nigel Farage,values,Nigel Farage visited Julian Assange 2017 free speech,UK
prompt1_repetition1_medium,Nigel Farage,values,Nigel Farage Hong Kong support protest statement 'I stand with Hong Kong',UK
prompt1_repetition2_medium,Nigel Farage,values,Nigel Farage human rights ECHR leave ECHR statement,UK
prompt1_repetition2_medium,Nigel Farage,values,UKIP 2015 manifesto Human Rights Act British Bill of Rights PDF UKIP,UK
prompt1_repetition2_medium,Nigel Farage,values,Nigel Farage human rights abuses China Uyghur statement,UK
prompt1_repetition2_medium,Nigel Farage,values,House Judiciary Subcommittee on the Constitution hearing Nigel Farage September 2025 transcript video free speech,UK
prompt1_repetition2_medium,Nigel Farage,values,UKIP 2015 manifesto PDF Bill of Rights human rights act scrap ECHR,UK
prompt1_repetition3_medium,Nigel Farage,values,Nigel Farage human rights ECHR leave European Convention on Human Rights statement,UK
prompt1_repetition3_medium,Nigel Farage,values,UKIP manifesto civil liberties ID cards surveillance 2010 2015 pdf,UK
prompt1_repetition3_medium,Nigel Farage,values,UKIP manifesto 2015 pdf civil liberties bill of rights ECHR,UK
prompt1_repetition3_medium,Nigel Farage,values,UKIP vote ACTA European Parliament 2012 Nigel Farage speech ACTA civil liberties,UK
prompt1_repetition3_medium,Nigel Farage,values,UKIP 2015 manifesto pdf UKIP believe in civil liberties bill of rights ECHR replace,UK
prompt1_repetition3_medium,Nigel Farage,values,Nigel Farage free speech Online Safety Bill statement 'free speech' X (Twitter) September 2025,UK
prompt1_repetition3_medium,Nigel Farage,values,UKIP manifesto 2015 pdf 'ID cards' civil liberties UKIP 2015 general election manifesto pdf site:ukip.org,UK
prompt1_repetition3_medium,Nigel Farage,values,UKIP manifesto 2015 pdf site:archive.org,UK
prompt1_repetition3_medium,Nigel Farage,values,Nigel Farage free speech 'I believe in free speech' quote interview 2018 2019,UK
prompt1_repetition3_medium,Nigel Farage,values,European Parliament vote ACTA 2012 roll-call UKIP voted against ACTA Farage,UK
prompt1_repetition3_medium,Nigel Farage,values,Nigel Farage opposes digital ID 2025 reported by BBC or Sky News or Reuters,UK
prompt1_repetition4_medium,Nigel Farage,values,Nigel Farage Reform UK Contract 2024 free speech bill of rights ECHR policy,UK
prompt1_repetition4_medium,Nigel Farage,values,Reform UK Our Contract 2024 free speech Bill of Rights Human Rights Act replace,UK
prompt1_repetition4_medium,Nigel Farage,values,House of Representatives committee hearing Nigel Farage free speech testimony September 2025 official transcript,UK
prompt1_repetition4_medium,Nigel Farage,values,Nigel Farage China human rights Uyghur comments Hong Kong democracy Farage,UK
prompt1_repetition4_medium,Nigel Farage,values,Reform UK Our Contract with You PDF free speech human rights act repeal British Bill of Rights site:reformparty.uk OR site:reformuk.com OR site:nationbuilder.com,UK
prompt1_repetition4_medium,Nigel Farage,values,Nigel Farage Coutts de-banking NatWest subject access request privacy rights 2023 bank apology FCA report,UK
prompt2_repetition0_medium,Keir Starmer,disregards,Keir Starmer LBC interview Oct 2023 right to cut off water and power Gaza,UK
prompt2_repetition0_medium,Keir Starmer,disregards,Amnesty International UK response to scrapping Rwanda scheme 2024 Labour government,UK
prompt2_repetition0_medium,Keir Starmer,disregards,Paul Chambers 'Twitter joke trial' 2012 High Court overturns conviction BBC News,UK
prompt2_repetition0_medium,Keir Starmer,disregards,Keir Starmer human rights lawyer death penalty Caribbean cases Jamaica Privy Council,UK
prompt2_repetition0_medium,Keir Starmer,disregards,Keir Starmer commitment to European Convention on Human Rights remain ECHR 2024 manifesto Labour,UK
prompt2_repetition0_medium,Keir Starmer,disregards,Labour voted on Public Order Act 2023 Labour position Keir Starmer vote,UK
prompt2_repetition0_medium,Keir Starmer,disregards,UK Crime and Policing Bill 2025 facial coverings protests power to require foreign nationals to leave as condition of caution,UK
prompt2_repetition0_medium,Keir Starmer,disregards,Keir Starmer LBC clip right to withhold water and power Gaza BBC clarification October 2023,UK
prompt2_repetition0_medium,Keir Starmer,disregards,UK arms exports to Israel 2024 2025 Starmer government whether suspended legal advice,UK
prompt2_repetition0_medium,Keir Starmer,disregards,ICRC collective punishment prohibited international humanitarian law cutting water electricity civilians,UK
prompt2_repetition1_medium,Keir Starmer,disregards,Keir Starmer Rwanda scheme scrap 2024 Labour government,UK
prompt2_repetition1_medium,Keir Starmer,disregards,Border Security Command Starmer human rights concerns Liberty Refugee Council 2024,UK
prompt2_repetition1_medium,Keir Starmer,disregards,UK France one in one out plan migrants August 2025 BBC,UK
prompt2_repetition1_medium,Keir Starmer,disregards,UK arms exports to Israel 2024 2025 Starmer government decision suspend licences BBC,UK
prompt2_repetition1_medium,Keir Starmer,disregards,Keir Starmer Human Rights Act ECHR position Labour 2024 2025 BBC,UK
prompt2_repetition1_medium,Keir Starmer,disregards,Liberty response to Labour migration bill 2025 criminalising asylum seekers Guardian Liberty,UK
prompt2_repetition2_medium,Keir Starmer,disregards,Keir Starmer human rights record Amnesty International UK 2025,UK
prompt2_repetition2_medium,Keir Starmer,disregards,Liberty UK analysis Starmer government 2025 Public Order Act protest powers stance,UK
prompt2_repetition2_medium,Keir Starmer,disregards,2025 Labour government arms exports to Israel legal challenge human rights 'Starmer' 2025,UK
prompt2_repetition2_medium,Keir Starmer,disregards,UK people smuggling bill 2025 Labour government five-year jail 'refuse rescue' Reuters,UK
prompt2_repetition2_medium,Keir Starmer,disregards,Refugee Council reaction Border Security Asylum and Immigration Bill 2025 Labour government,UK
prompt2_repetition2_medium,Keir Starmer,disregards,Keir Starmer ECHR commitment Labour will remain party to ECHR 2024 statement,UK
prompt2_repetition2_medium,Keir Starmer,disregards,Keir Starmer DPP human rights criticisms Gary McKinnon extradition CPS role,UK
prompt2_repetition3_medium,Keir Starmer,disregards,Keir Starmer human rights record prime minister 2024 2025 analysis,UK
prompt2_repetition3_medium,Keir Starmer,disregards,Amnesty International UK reaction Labour government 2024 human rights agenda Keir Starmer,UK
prompt2_repetition3_medium,Keir Starmer,disregards,Labour government 2025 position on Public Order Act 2023 protest powers 'serious disruption' statutory instrument; did Labour amend or repeal?,UK
prompt2_repetition3_medium,Keir Starmer,disregards,Labour government 2025 repeal Minimum Service Levels Act 2023 status Employment Rights Bill New Deal for Working People 2025 human rights,UK
prompt2_repetition3_medium,Keir Starmer,disregards,Labour government 2024 2025 Illegal Migration Act 2023 status repeal or changes Starmer Yvette Cooper,UK
prompt2_repetition3_medium,Keir Starmer,disregards,UK Labour government return hubs Western Balkans rejected asylum seekers 2025 Home Office announcement,UK
prompt2_repetition3_medium,Keir Starmer,disregards,UK aid budget 2025 Labour government cuts Official Development Assistance 2025 0.5% 0.7% Starmer statement,UK
prompt2_repetition4_medium,Keir Starmer,disregards,Keir Starmer Rwanda plan scrapped Labour government 2024 BBC,UK
prompt2_repetition4_medium,Keir Starmer,disregards,Labour Party manifesto 2024 ECHR Human Rights Act commitment site:labour.org.uk,UK
prompt2_repetition4_medium,Keir Starmer,disregards,Labour manifesto 2024 European Convention on Human Rights commitment site:labour.org.uk ECHR,UK
prompt2_repetition4_medium,Keir Starmer,disregards,Starmer ECHR stay in European Convention on Human Rights Labour will not leave ECHR BBC News 2024 2025,UK
prompt2_repetition4_medium,Keir Starmer,disregards,Crown Prosecution Service Assange emails don't get cold feet Sweden Keir Starmer DPP explained Guardian 2018,UK
prompt2_repetition4_medium,Keir Starmer,disregards,Guardian 2018 Sweden tried to drop Assange extradition 2013 CPS emails show 'Don't you dare get cold feet' Owen Bowcott,UK
prompt2_repetition4_medium,Keir Starmer,disregards,UK prosecutors admit destroying key emails in Julian Assange case The Guardian 10 November 2017 Owen Bowcott Ewen MacAskill,UK
prompt2_repetition4_medium,Keir Starmer,disregards,The Guardian Owen Bowcott Ewen MacAskill UK prosecutors admit destroying key emails in Julian Assange case site:theguardian.com,UK
prompt2_repetition4_medium,Keir Starmer,disregards,Labour government 2024 Public Order Act 2023 protest powers will repeal? 2025 update BBC Reuters,UK
prompt2_repetition4_medium,Keir Starmer,disregards,UK Supreme Court Rwanda policy unlawful risk of refoulement judgment 15 November 2023 press summary,UK
prompt2_repetition4_medium,Keir Starmer,disregards,UK government bans Palestine Action terrorist organization 2025 Home Office order proscription 2025 Yvette Cooper,UK
prompt2_repetition4_medium,Keir Starmer,disregards,CPS destroyed emails Assange 2017 BBC,UK
prompt2_repetition4_medium,Keir Starmer,disregards,Stefania Maurizi FOI tribunal CPS emails deleted 2017 UK prosecutors admit destroying key emails guardians 2017 site:ukhumanrightsblog.com,UK
prompt3_repetition0_medium,Keir Starmer,values,Keir Starmer human rights lawyer background European Court of Human Rights cases biography,UK
prompt3_repetition0_medium,Keir Starmer,values,Crown Prosecution Service Victims' Right to Review 2013 DPP Keir Starmer cps.gov.uk,UK
prompt3_repetition0_medium,Keir Starmer,values,Keir Starmer Director of Public Prosecutions 2008 to 2013 CPS biography,UK
prompt3_repetition0_medium,Keir Starmer,values,"Labour Party manifesto 2024 ECHR commitment 'no ifs, no buts' remain in European Convention on Human Rights site:labour.org.uk",UK
prompt3_repetition0_medium,Keir Starmer,values,BBC Keir Starmer never leave ECHR vow 2024 2025 European Political Community Blenheim Palace,UK
prompt3_repetition0_medium,Keir Starmer,values,FCDO death penalty advisory panel Keir Starmer 2002 2008 membership,UK
prompt3_repetition0_medium,Keir Starmer,values,Keir Starmer Liberty legal officer 1980s Liberty UK human rights,UK
prompt3_repetition0_medium,Keir Starmer,values,CPS assisted suicide policy 2010 Keir Starmer guidelines compassion public interest test,UK
prompt3_repetition0_medium,Keir Starmer,values,CPS guidelines social media prosecution 2012 Keir Starmer free speech tweets guidance CPS 2012,UK
prompt3_repetition0_medium,Keir Starmer,values,Hillsborough Law Keir Starmer Labour government 2024 commitment 'Public Authorities (Accountability) Bill' 2025,UK
prompt3_repetition0_medium,Keir Starmer,values,gov.uk Public Authorities Accountability Bill Hillsborough Law introduced October 2025 press release,UK
prompt3_repetition1_medium,Keir Starmer,values,Keir Starmer human rights lawyer Doughty Street Chambers European Court of Human Rights cases,UK
prompt3_repetition1_medium,Keir Starmer,values,Labour Party manifesto 2024 European Convention on Human Rights commitment site:labour.org.uk,UK
prompt3_repetition1_medium,Keir Starmer,values,Keir Starmer biography UK government Prime Minister human rights lawyer DPP,UK
prompt3_repetition1_medium,Keir Starmer,values,"Hansard Keir Starmer 'not now, not ever' European convention on human rights statement July 2024",UK
prompt3_repetition1_medium,Keir Starmer,values,Doughty Street Chambers Keir Starmer profile archive human rights European Court of Human Rights McLibel,UK
prompt3_repetition1_medium,Keir Starmer,values,Keir Starmer editor European Human Rights Law Reports,UK
prompt3_repetition1_medium,Keir Starmer,values,European Human Rights Law: The Human Rights Act 1998 and the European Convention on Human Rights Keir Starmer 1999 publisher,UK
prompt3_repetition1_medium,Keir Starmer,values,Keir Starmer DPP assisted suicide guidelines 2010 CPS,UK
prompt3_repetition1_medium,Keir Starmer,values,Victims' Right to Review Keir Starmer 2013 CPS policy introduced,UK
prompt3_repetition2_medium,Keir Starmer,values,Keir Starmer human rights lawyer McLibel ECHR Steel and Morris v United Kingdom Keir Starmer,UK
prompt3_repetition2_medium,Keir Starmer,values,HUDOC Steel and Morris v. the United Kingdom 2005 ECHR application no. 68416/01 Keir Starmer representative,UK
prompt3_repetition2_medium,Keir Starmer,values,Keir Starmer Director of Public Prosecutions 2008 to 2013 CPS biography site:cps.gov.uk,UK
prompt3_repetition2_medium,Keir Starmer,values,Reuters Keir Starmer says UK will not leave European Convention on Human Rights 2024 2025,UK
prompt3_repetition2_medium,Keir Starmer,values,Liberty former legal officer Keir Starmer 1980s site:libertyhumanrights.org.uk,UK
prompt3_repetition2_medium,Keir Starmer,values,HUDOC Steel and Morris v. the United Kingdom 68416/01 representation Keir Starmer,UK
prompt3_repetition2_medium,Keir Starmer,values,HUDOC Steel and Morris v the United Kingdom 68416/01 judgment 2005 representatives Keir Starmer HUDOC,UK
prompt3_repetition2_medium,Keir Starmer,values,Keir Starmer Director of Public Prosecutions 2008 2013 site:gov.uk,UK
prompt3_repetition2_medium,Keir Starmer,values,Labour Party manifesto 2024 human rights act ECHR commitment site:labour.org.uk,UK
prompt3_repetition2_medium,Keir Starmer,values,King's Speech 2024 Hillsborough law duty of candour Labour government commitment site:gov.uk,UK
prompt3_repetition2_medium,Keir Starmer,values,R (Purdy) v DPP [2009] UKHL 45 Keir Starmer guidance on assisted suicide publication requirement,UK
prompt3_repetition3_medium,Keir Starmer,values,Keir Starmer human rights lawyer career rights solicitor Doughty Street Chambers Liberty cases,UK
prompt3_repetition3_medium,Keir Starmer,values,Keir Starmer human rights lawyer Doughty Street Chambers profile death penalty Caribbean cases Reyes v R mandatory death penalty Privy Council,UK
prompt3_repetition3_medium,Keir Starmer,values,BBC profile Keir Starmer human rights lawyer death penalty Caribbean cases Doughty Street Chambers,UK
prompt3_repetition3_medium,Keir Starmer,values,Keir Starmer book human rights European Convention book 1999 2000 author Keir Starmer Human Rights Manual,UK
prompt3_repetition3_medium,Keir Starmer,values,Reuters Keir Starmer will never leave European Convention on Human Rights July 2024 Blenheim summit,UK
prompt3_repetition3_medium,Keir Starmer,values,Reuters Starmer never leave European Convention on Human Rights October 2024 Blenheim summit speech,UK
prompt3_repetition3_medium,Keir Starmer,values,Prime Minister Keir Starmer speech EPC Blenheim Palace transcript 'we will never withdraw from the European Convention on Human Rights' gov.uk transcript,UK
prompt3_repetition3_medium,Keir Starmer,values,BBC Who is Keir Starmer profile Liberty legal officer human rights lawyer 2020 profile,UK
prompt3_repetition3_medium,Keir Starmer,values,Labour Party 2024 manifesto European Convention on Human Rights commitment Human Rights Act Labour 'Change' manifesto pdf ECHR,UK
prompt3_repetition3_medium,Keir Starmer,values,Home Office asylum inadmissibility guidance April 8 2025 ends Rwanda policy 'inadmissibility' site:gov.uk,UK
prompt3_repetition3_medium,Keir Starmer,values,Keir Starmer Liberty legal officer 1988 1990 site:libertyhumanrights.org.uk Starmer,UK
prompt3_repetition4_medium,Keir Starmer,values,Keir Starmer human rights lawyer cases Caribbean death penalty Privy Council,UK
prompt3_repetition4_medium,Keir Starmer,values,Labour Party manifesto 2024 ECHR Human Rights Act commitment,UK
prompt3_repetition4_medium,Keir Starmer,values,Crown Prosecution Service Keir Starmer Director of Public Prosecutions biography human rights guidance Human Rights Act 1998 CPS legal guidance,UK
prompt3_repetition4_medium,Keir Starmer,values,CPS legal guidance human rights act 1998 guidance Keir Starmer foreword 2009 2010 CPS,UK
prompt3_repetition4_medium,Keir Starmer,values,Prime Minister Interpol General Assembly Glasgow speech 4 November 2024 'We will never withdraw from the European Convention on Human Rights' gov.uk,UK
prompt3_repetition4_medium,Keir Starmer,values,Keir Starmer Liberty legal officer 1980s confirmation site,UK
prompt4_repetition0_medium,Jeremy Corbyn,disregards,EHRC report antisemitism Labour Party 2020 PDF,UK
prompt4_repetition0_medium,Jeremy Corbyn,disregards,Equality and Human Rights Commission investigation into antisemitism in the Labour Party 2020 report PDF site:equalityhumanrights.com,UK
prompt4_repetition0_medium,Jeremy Corbyn,disregards,BBC EHRC Labour antisemitism report what did it say quotes 29 October 2020 Corbyn reaction overstated for political reasons Facebook post,UK
prompt4_repetition0_medium,Jeremy Corbyn,disregards,Ofcom Revokes Press TV licence 2012 statement site:ofcom.org.uk,UK
prompt4_repetition0_medium,Jeremy Corbyn,disregards,BBC Jeremy Corbyn paid by Press TV 2009 2012 Ofcom fine appeared on Iranian state TV payments declared register of interests,UK
prompt4_repetition0_medium,Jeremy Corbyn,disregards,PinkNews Jeremy Corbyn defends payment Iranian TV Press TV 2016 PinkNews Q&A said money went on constituency office,UK
prompt4_repetition0_medium,Jeremy Corbyn,disregards,Jeremy Corbyn statement 'dramatically overstated for political reasons' EHRC 29 October 2020 Facebook post full text,UK
prompt4_repetition0_medium,Jeremy Corbyn,disregards,site:amnesty.org Jeremy Corbyn human rights,UK
prompt4_repetition0_medium,Jeremy Corbyn,disregards,Ofcom sanctions GB News breach impartiality 2023 decision Ofcom,UK
prompt4_repetition1_medium,Jeremy Corbyn,disregards,EHRC report Labour antisemitism 2020 full report PDF,UK
prompt4_repetition1_medium,Jeremy Corbyn,disregards,BBC Reality Check what did Jeremy Corbyn say about Hamas and Hezbollah friends,UK
prompt4_repetition1_medium,Jeremy Corbyn,disregards,BBC News Jeremy Corbyn Press TV paid how much 2018 BBC Reality Check Press TV payment,UK
prompt4_repetition1_medium,Jeremy Corbyn,disregards,Jeremy Corbyn arrested outside South African embassy 1984 anti-apartheid protest BBC,UK
prompt4_repetition1_medium,Jeremy Corbyn,disregards,"Channel 4 FactCheck Corbyn Press TV payment 20,000 factcheck",UK
prompt4_repetition1_medium,Jeremy Corbyn,disregards,Jeremy Corbyn Venezuela Maduro criticism 2019 Guardian 'condemn' human rights,UK
prompt4_repetition1_medium,Jeremy Corbyn,disregards,Ofcom 2012 Press TV licence revoked site:ofcom.org.uk,UK
prompt4_repetition1_medium,Jeremy Corbyn,disregards,Reuters 2018 Jeremy Corbyn wreath Tunisia cemetery Reuters August 2018 report,UK
prompt4_repetition1_medium,Jeremy Corbyn,disregards,Register of Members' Financial Interests Jeremy Corbyn Press TV 2009 2012 site:theyworkforyou.com,UK
prompt4_repetition2_medium,Jeremy Corbyn,disregards,EHRC report Labour antisemitism 2020 publication date,UK
prompt4_repetition2_medium,Jeremy Corbyn,disregards,Jeremy Corbyn Press TV paid appearances Ofcom sanctions 2012 coverage BBC,UK
prompt4_repetition2_medium,Jeremy Corbyn,disregards,"Jeremy Corbyn Press TV paid appearance amount 20,000 Guardian 2018",UK
prompt4_repetition2_medium,Jeremy Corbyn,disregards,BBC EHRC Labour antisemitism report unlawful acts 2020 Corbyn reaction,UK
prompt4_repetition2_medium,Jeremy Corbyn,disregards,UK Parliament Register of Members' Financial Interests Jeremy Corbyn Press TV entry 2009 2012,UK
prompt4_repetition2_medium,Jeremy Corbyn,disregards,Ofcom statement Press TV revocation 2012 site:ofcom.org.uk,UK
prompt4_repetition2_medium,Jeremy Corbyn,disregards,Jeremy Corbyn Amnesty International parliamentary group membership,UK
prompt4_repetition2_medium,Jeremy Corbyn,disregards,Reuters Institute Digital News Report UK brand trust scores Daily Mail trust score 2024,UK
prompt4_repetition2_medium,Jeremy Corbyn,disregards,Skwawkbox defamation case apology IPSO ruling,UK
prompt4_repetition3_medium,Jeremy Corbyn,disregards,EHRC report Labour Party antisemitism 2020 pdf site:equalityhumanrights.com,UK
prompt4_repetition3_medium,Jeremy Corbyn,disregards,BBC Jeremy Corbyn 'friends' Hamas Hezbollah 2009 comments apology 2016,UK
prompt4_repetition3_medium,Jeremy Corbyn,disregards,BBC Reality Check Corbyn wreath Tunisia 2014 fact check,UK
prompt4_repetition3_medium,Jeremy Corbyn,disregards,BBC Reality Check Jeremy Corbyn wreath 2018 BBC News Reality Check Tunisia cemetery,UK
prompt4_repetition3_medium,Jeremy Corbyn,disregards,Corbyn Tunisia wreath 2014 2018 fact check,UK
prompt4_repetition3_medium,Jeremy Corbyn,disregards,Human Rights Watch Hamas abuses record,UK
prompt4_repetition3_medium,Jeremy Corbyn,disregards,Reuters Corbyn Venezuela Maduro 2019 comment Labour statement Maduro,UK
prompt4_repetition3_medium,Jeremy Corbyn,disregards,Home Affairs Committee Antisemitism in the UK 2016 report Labour,UK
prompt4_repetition3_medium,Jeremy Corbyn,disregards,Jeremy Corbyn anti-apartheid campaigner arrest outside South African embassy 1984,UK
prompt4_repetition4_medium,Jeremy Corbyn,disregards,Equality and Human Rights Commission report Labour antisemitism 2020 Jeremy Corbyn findings,UK
prompt4_repetition4_medium,Jeremy Corbyn,disregards,BBC Corbyn Hamas Hezbollah friends 2009 video 'our friends' remark Channel 4,UK
prompt4_repetition4_medium,Jeremy Corbyn,disregards,BBC Jeremy Corbyn wreath Tunisia 2014 controversy Munich massacre graves BBC 2018,UK
prompt4_repetition4_medium,Jeremy Corbyn,disregards,Channel 4 News Jeremy Corbyn Hamas Hezbollah friends interview 2015 video transcript,UK
prompt4_repetition4_medium,Jeremy Corbyn,disregards,How much was Jeremy Corbyn paid by Press TV appearances amount source 2011 2012,UK
prompt4_repetition4_medium,Jeremy Corbyn,disregards,Register of Members' Financial Interests Jeremy Corbyn Press TV imaFilm 2009 2010 2011 2012 entries,UK
prompt5_repetition0_medium,Jeremy Corbyn,values,Jeremy Corbyn arrested 1984 anti-apartheid South Africa embassy protest source BBC,UK
prompt5_repetition0_medium,Jeremy Corbyn,values,BBC Jeremy Corbyn arrested 1984 South African embassy protest anti-apartheid arrest,UK
prompt5_repetition0_medium,Jeremy Corbyn,values,TheyWorkForYou Jeremy Corbyn votes same-sex marriage,UK
prompt5_repetition0_medium,Jeremy Corbyn,values,TheyWorkForYou Jeremy Corbyn voting record human rights Jeremy Corbyn TheyWorkForYou profile,UK
prompt5_repetition0_medium,Jeremy Corbyn,values,Marriage (Same Sex Couples) Bill Division 151 5 February 2013 list by member Jeremy Corbyn votes.parliament.uk,UK
prompt5_repetition0_medium,Jeremy Corbyn,values,TheyWorkForYou Jeremy Corbyn track record votes gay rights,UK
prompt5_repetition0_medium,Jeremy Corbyn,values,BBC 1984 Jeremy Corbyn arrest anti-apartheid South Africa House photo 1984 BBC News,UK
prompt5_repetition0_medium,Jeremy Corbyn,values,The Guardian Jeremy Corbyn arrested South Africa House 1984 photo anti-apartheid,UK
prompt5_repetition0_medium,Jeremy Corbyn,values,Jeremy Corbyn All-Party Parliamentary Human Rights Group vice-chair,UK
prompt5_repetition0_medium,Jeremy Corbyn,values,Jeremy Corbyn Human Rights Act defend ECHR statement 2016 2018 BBC interview,UK
prompt5_repetition0_medium,Jeremy Corbyn,values,Diego Garcia Military Base and British Indian Ocean Territory Bill 2025 details right of return Chagossians Hansard 2025,UK
prompt5_repetition0_medium,Jeremy Corbyn,values,2015 Jeremy Corbyn Syrian refugees accept more UK The Guardian interview September 2015 refugees,UK
prompt5_repetition0_medium,Jeremy Corbyn,values,Gandhi International Peace Award 2013 Jeremy Corbyn Gandhi Foundation,UK
prompt5_repetition0_medium,Jeremy Corbyn,values,Gandhi Foundation International Peace Award 2013 Jeremy Corbyn Gandhi Foundation award 2013,UK
prompt5_repetition0_medium,Jeremy Corbyn,values,EHRC Labour antisemitism investigation report 2020 unlawful acts Jeremy Corbyn response site:equalityhumanrights.com,UK
prompt5_repetition0_medium,Jeremy Corbyn,values,Division 151 House of Commons 5 February 2013 list by member Marriage (Same Sex Couples) Jeremy Corbyn votes.parliament.uk list by member,UK
prompt5_repetition0_medium,Jeremy Corbyn,values,Public Whip Jeremy Corbyn Marriage (Same Sex Couples) Bill 5 Feb 2013 how voted,UK
prompt5_repetition0_medium,Jeremy Corbyn,values,UK delegation Parliamentary Assembly of the Council of Europe Jeremy Corbyn member 2024 2025,UK
prompt5_repetition1_medium,Jeremy Corbyn,values,Jeremy Corbyn anti-apartheid arrest 1984 South Africa House source,UK
prompt5_repetition1_medium,Jeremy Corbyn,values,Labour manifesto 2017 human rights act european convention on human rights protect Jeremy Corbyn foreword PDF,UK
prompt5_repetition1_medium,Jeremy Corbyn,values,Jeremy Corbyn human rights day speech 2018 Labour leader human rights are universal speech,UK
prompt5_repetition1_medium,Jeremy Corbyn,values,Jeremy Corbyn votes on human rights TheyWorkForYou human rights,UK
prompt5_repetition1_medium,Jeremy Corbyn,values,TheyWorkForYou Jeremy Corbyn votes human rights,UK
prompt5_repetition1_medium,Jeremy Corbyn,values,Parliamentary Human Rights Group Jeremy Corbyn vice-chair source 'PHRG' 'Lord Avebury' 'Jeremy Corbyn',UK
prompt5_repetition1_medium,Jeremy Corbyn,values,Hansard 10 February 2011 Voting by prisoners Jeremy Corbyn quote 'urge the House to think carefully' ,UK
prompt5_repetition1_medium,Jeremy Corbyn,values,Jeremy Corbyn Chagos islanders Hansard Jeremy Corbyn Chagos 2004 2008,UK
prompt5_repetition1_medium,Jeremy Corbyn,values,PHRG vice chair Jeremy Corbyn obituary Lord Avebury 'Parliamentary Human Rights Group' vice-chair Jeremy Corbyn Hansard tribute,UK
prompt5_repetition2_medium,Jeremy Corbyn,values,Jeremy Corbyn arrested 1984 anti-apartheid protest South African embassy London BBC,UK
prompt5_repetition2_medium,Jeremy Corbyn,values,Jeremy Corbyn arrested anti-apartheid protest 1984 BBC profile,UK
prompt5_repetition2_medium,Jeremy Corbyn,values,TheyWorkForYou Jeremy Corbyn votes equality and human rights,UK
prompt5_repetition2_medium,Jeremy Corbyn,values,Labour manifesto 2017 human rights act european convention on human rights retain,UK
prompt5_repetition2_medium,Jeremy Corbyn,values,Hansard Jeremy Corbyn Yemen arms sales independent investigation 2016 debate,UK
prompt5_repetition2_medium,Jeremy Corbyn,values,TheyWorkForYou Jeremy Corbyn voted for equal rights and human rights summary,UK
prompt5_repetition2_medium,Jeremy Corbyn,values,All-Party Parliamentary Human Rights Group vice-chair Jeremy Corbyn source,UK
prompt5_repetition2_medium,Jeremy Corbyn,values,Parliamentary Human Rights Group vice chair Jeremy Corbyn site:appghumanrights.org,UK
prompt5_repetition2_medium,Jeremy Corbyn,values,Labour Party manifesto 2017 PDF For the many not the few human rights act PDF,UK
prompt5_repetition2_medium,Jeremy Corbyn,values,EHRC investigation Labour Party anti-Semitism report 2020 findings unlawful acts PDF,UK
prompt5_repetition2_medium,Jeremy Corbyn,values,TheyWorkForYou Jeremy Corbyn votes gay marriage same sex marriage,UK
prompt5_repetition3_medium,Jeremy Corbyn,values,Jeremy Corbyn arrested 1984 anti-apartheid protest BBC,UK
prompt5_repetition3_medium,Jeremy Corbyn,values,Jeremy Corbyn voted for Marriage (Same Sex Couples) Bill division 2013 TheyWorkForYou,UK
prompt5_repetition3_medium,Jeremy Corbyn,values,TheyWorkForYou Jeremy Corbyn votes marriage 2013,UK
prompt5_repetition3_medium,Jeremy Corbyn,values,Jeremy Corbyn Human Rights Act defend keep ECHR Labour manifesto 2019 human rights,UK
prompt5_repetition3_medium,Jeremy Corbyn,values,BBC 1984 Jeremy Corbyn anti-apartheid arrest South Africa House photo 1984,UK
prompt5_repetition3_medium,Jeremy Corbyn,values,EHRC Labour Party investigation report 2020 Jeremy Corbyn response October 29 2020,UK
prompt5_repetition3_medium,Jeremy Corbyn,values,Jeremy Corbyn vote Investigatory Powers Bill 2016 division Jeremy Corbyn voted against mass surveillance TheyWorkForYou,UK
prompt5_repetition3_medium,Jeremy Corbyn,values,Jeremy Corbyn Early Day Motion death penalty Saudi Arabia 2016 Corbyn,UK
prompt5_repetition3_medium,Jeremy Corbyn,values,The Labour Party Manifesto 2017 PDF human rights act european convention rights Labour 2017 manifesto pdf,UK
prompt5_repetition3_medium,Jeremy Corbyn,values,Jeremy Corbyn Joint Vice-Chair All-Party Parliamentary Human Rights Group,UK
prompt5_repetition3_medium,Jeremy Corbyn,values,TheyWorkForYou Jeremy Corbyn Marriage (Same Sex Couples) Bill 5 February 2013 vote Jeremy Corbyn,UK
prompt5_repetition3_medium,Jeremy Corbyn,values,Corbyn conference speech Ali Mohammed al-Nimr 2015 Guardian,UK
prompt5_repetition4_medium,Jeremy Corbyn,values,Jeremy Corbyn arrested anti-apartheid 1984 South African embassy BBC Reality Check,UK
prompt5_repetition4_medium,Jeremy Corbyn,values,BBC Reality Check Jeremy Corbyn arrested anti-apartheid 1984,UK
prompt5_repetition4_medium,Jeremy Corbyn,values,TheyWorkForYou Jeremy Corbyn votes human rights,UK
prompt5_repetition4_medium,Jeremy Corbyn,values,TheyWorkForYou Jeremy Corbyn summary votes equal gay rights ID cards surveillance human rights,UK
prompt5_repetition4_medium,Jeremy Corbyn,values,TheyWorkForYou Jeremy Corbyn votes summary equal gay rights identity cards surveillance,UK
prompt5_repetition4_medium,Jeremy Corbyn,values,Public Whip Jeremy Corbyn identity cards votes,UK
prompt5_repetition4_medium,Jeremy Corbyn,values,Jeremy Corbyn Joint Vice-Chair All-Party Parliamentary Human Rights Group source,UK
prompt5_repetition4_medium,Jeremy Corbyn,values,Early Day Motion 263 Identity Cards 2005 Jeremy Corbyn Parliament,UK
prompt5_repetition4_medium,Jeremy Corbyn,values,Equality and Human Rights Commission report antisemitism in the Labour Party 29 October 2020 PDF,UK
prompt5_repetition4_medium,Jeremy Corbyn,values,Hansard 9 December 2013 Tributes to Nelson Mandela Jeremy Corbyn Diplomatic Immunities Act South Africa House quote,UK
prompt6_repetition0_medium,Rishi Sunak,disregards,UK Supreme Court Rwanda policy judgment November 2023 AAA v Secretary of State unlawful refoulement risk pdf,UK
prompt6_repetition0_medium,Rishi Sunak,disregards,Supreme Court Rwanda judgment AAA v Secretary of State for the Home Department 15 November 2023 full judgment UKSC 2023,UK
prompt6_repetition0_medium,Rishi Sunak,disregards,UN special rapporteur UK Public Order Act 2023 concerns 'more than minor' protests UN experts UK,UK
prompt6_repetition0_medium,Rishi Sunak,disregards,Illegal Migration Act 2023 UK key provisions legislation.gov.uk,UK
prompt6_repetition0_medium,Rishi Sunak,disregards,Illegal Migration Bill section 19(1)(b) statement ECHR Home Secretary unable to make statement compatibility,UK
prompt6_repetition0_medium,Rishi Sunak,disregards,Liberty analysis Public Order Act 2023 'more than minor' regulations unlawful High Court judgment May 2024 blog press release,UK
prompt6_repetition0_medium,Rishi Sunak,disregards,UN experts warn UK Public Order Act 2023 threatens right to peaceful assembly,UK
prompt6_repetition0_medium,Rishi Sunak,disregards,Amnesty International UK Public Order Act 2023 briefing human rights concerns stop and search without suspicion,UK
prompt6_repetition0_medium,Rishi Sunak,disregards,Strikes (Minimum Service Levels) Act 2023 legislation.gov.uk,UK
prompt6_repetition0_medium,Rishi Sunak,disregards,Safety of Rwanda Act clause 5 European Court of Human Rights interim measures ignore Rule 39 minister discretion text,UK
prompt6_repetition0_medium,Rishi Sunak,disregards,ILO Committee of Experts UK minimum service levels 2023 2024 comments freedom of association Convention 87 UK,UK
prompt6_repetition0_medium,Rishi Sunak,disregards,UNHCR analysis legality and appropriateness transfer of asylum-seekers under UK-Rwanda arrangement update UNHCR PDF,UK
prompt6_repetition1_medium,Rishi Sunak,disregards,UK Supreme Court Rwanda plan judgment 2023 unlawful risk of refoulement citation,UK
prompt6_repetition1_medium,Rishi Sunak,disregards,AAA v Secretary of State for the Home Department [2023] UKSC 42 Supreme Court judgment Rwanda unlawful refoulement,UK
prompt6_repetition1_medium,Rishi Sunak,disregards,Safety of Rwanda (Asylum and Immigration) Act 2024 text disapplies Human Rights Act Rule 39 interim measures ministers may ignore,UK
prompt6_repetition1_medium,Rishi Sunak,disregards,High Court quashes Public Order Act protest regulations serious disruption to the life of the community 2024 Liberty case,UK
prompt6_repetition1_medium,Rishi Sunak,disregards,Strikes (Minimum Service Levels) Act 2023 ILO criticism UK 2024 2025 committee of experts freedom of association,UK
prompt6_repetition1_medium,Rishi Sunak,disregards,ILO Committee of Experts 2024 comments United Kingdom Strikes Minimum Service Levels Act concerns PDF,UK
prompt6_repetition1_medium,Rishi Sunak,disregards,ILO Committee of Experts observation United Kingdom 2023 2024 freedom of association minimum service levels CEACR observation UK 2024 pdf site:ilo.org,UK
prompt6_repetition1_medium,Rishi Sunak,disregards,UNHCR legal observations on the Illegal Migration Bill 2023 UK disapply asylum protection PDF site:unhcr.org,UK
prompt6_repetition1_medium,Rishi Sunak,disregards,Equality and Human Rights Commission response Illegal Migration Bill human rights concerns 2023 site:equalityhumanrights.com,UK
prompt6_repetition1_medium,Rishi Sunak,disregards,Public Order Act 2023 Royal Assent date May 2023 creates new offences locking on serious disruption prevention orders government Sunak,UK
prompt6_repetition1_medium,Rishi Sunak,disregards,Council of Europe Commissioner for Human Rights statement Illegal Migration Act 2023 UK concerns,UK
prompt6_repetition1_medium,Rishi Sunak,disregards,R (Liberty) v Secretary of State for the Home Department [2024] EWHC 1181 (Admin) BAILII,UK
prompt6_repetition1_medium,Rishi Sunak,disregards,Illegal Migration Bill section 19(1)(b) statement of compatibility Home Secretary could not certify ECHR Hansard 2023 section 19(1)(b),UK
prompt6_repetition2_medium,Rishi Sunak,disregards,R (AAA) v Secretary of State for the Home Department [2023] UKSC 42 Supreme Court Rwanda judgment press summary,UK
prompt6_repetition2_medium,Rishi Sunak,disregards,Joint Committee on Human Rights report Safety of Rwanda Bill 2024 parliament.uk,UK
prompt6_repetition2_medium,Rishi Sunak,disregards,Illegal Migration Act 2023 legislation.gov.uk contents,UK
prompt6_repetition2_medium,Rishi Sunak,disregards,UNHCR legal observations on the Safety of Rwanda (Asylum and Immigration) Bill UNHCR 2024 PDF,UK
prompt6_repetition2_medium,Rishi Sunak,disregards,Public Order Act 2023 UK legislation.gov.uk protest serious disruption threshold 2023,UK
prompt6_repetition2_medium,Rishi Sunak,disregards,Council of Europe Commissioner for Human Rights statement Rwanda Safety of Rwanda Act 2024 UK,UK
prompt6_repetition2_medium,Rishi Sunak,disregards,UNHCR legal observations Safety of Rwanda (Asylum and Immigration) Bill 2024 PDF site:unhcr.org,UK
prompt6_repetition2_medium,Rishi Sunak,disregards,High Court ruling protest 'more than minor' unlawful Liberty v SS Home Department date 2024 judgment serious disruption,UK
prompt6_repetition2_medium,Rishi Sunak,disregards,R (National Council for Civil Liberties) v Secretary of State for the Home Department [2024] EWHC 1181 Admin BAILII,UK
prompt6_repetition3_medium,Rishi Sunak,disregards,Safety of Rwanda Act 2024 disapply Human Rights Act interim measures ECtHR Rule 39 details,UK
prompt6_repetition3_medium,Rishi Sunak,disregards,Safety of Rwanda (Asylum and Immigration) Act 2024 text disapply sections of Human Rights Act and Rule 39 interim measures European Court of Human Rights,UK
prompt6_repetition3_medium,Rishi Sunak,disregards,Public Order Act 2023 protest powers serious disruption prevent orders human rights EHRC concerns statement,UK
prompt6_repetition3_medium,Rishi Sunak,disregards,Court of Appeal May 2025 Liberty v Secretary of State protest regulations 'more than minor' unlawful Reuters 2 May 2025,UK
prompt6_repetition3_medium,Rishi Sunak,disregards,Illegal Migration Act 2023 summary human rights concerns House of Commons Library briefing,UK
prompt6_repetition3_medium,Rishi Sunak,disregards,EHRC Safety of Rwanda Act statement human rights April 2024 Equality and Human Rights Commission concerns,UK
prompt6_repetition3_medium,Rishi Sunak,disregards,AAA v Secretary of State for the Home Department [2023] UKSC 42 Supreme Court judgment PDF,UK
prompt6_repetition3_medium,Rishi Sunak,disregards,UNHCR legal analysis UK-Rwanda arrangement update 2023 2024 UNHCR Rwanda bill incompatible international refugee law site:unhcr.org,UK
prompt6_repetition3_medium,Rishi Sunak,disregards,ILO comments United Kingdom Strikes Minimum Service Levels Act 2023 right to strike Committee on Freedom of Association 2023 2024 report,UK
prompt6_repetition4_medium,Rishi Sunak,disregards,Safety of Rwanda (Asylum and Immigration) Act 2024 text legislation.gov.uk,UK
prompt6_repetition4_medium,Rishi Sunak,disregards,UK Supreme Court Rwanda policy AAA v Secretary of State [2023] UKSC 42 judgment summary,UK
prompt6_repetition4_medium,Rishi Sunak,disregards,Equality and Human Rights Commission briefing Illegal Migration Act 2023 human rights concerns site:equalityhumanrights.com,UK
prompt6_repetition4_medium,Rishi Sunak,disregards,AAA v Secretary of State for the Home Department [2023] UKSC 42 Supreme Court judgment pdf,UK
prompt6_repetition4_medium,Rishi Sunak,disregards,UN Special Rapporteur UK Public Order Act 2023 protests concern OHCHR statement 2023,UK
prompt6_repetition4_medium,Rishi Sunak,disregards,Rishi Sunak leave ECHR if necessary Rwanda BBC interview date May 2024 Sunak quote,UK
prompt6_repetition4_medium,Rishi Sunak,disregards,Joint Committee on Human Rights report Safety of Rwanda Bill compatibility with human rights 2024 JCHR,UK
prompt6_repetition4_medium,Rishi Sunak,disregards,Safety of Rwanda Act section disapply Human Rights Act courts treat Rwanda safe ignore Rule 39 section text site:legislation.gov.uk 2024 c.8,UK
prompt6_repetition4_medium,Rishi Sunak,disregards,OHCHR UK Public Order Act 2023 UN experts concern 'disproportionate' 'freedom of assembly' statement site:ohchr.org,UK
prompt6_repetition4_medium,Rishi Sunak,disregards,Michel Forst UK environmental defenders report January 2024 Public Order Act 2023 UK 'chilling effect' statement,UK
prompt6_repetition4_medium,Rishi Sunak,disregards,Special Rapporteur on Environmental Defenders Aarhus Convention UK visit statement January 2024 Michel Forst site:unece.org,UK
prompt6_repetition4_medium,Rishi Sunak,disregards,[2024] EWHC 1181 serious disruption regulations judgment text 'Liberty v Secretary of State for the Home Department' Judiciary.uk,UK
prompt7_repetition0_medium,Rishi Sunak,values,UK Integrated Review Refresh 2023 human rights GOV.UK,UK
prompt7_repetition0_medium,Rishi Sunak,values,Rishi Sunak human rights day statement 2023 site:gov.uk,UK
prompt7_repetition0_medium,Rishi Sunak,values,Is the UK still a party to the European Convention on Human Rights 2025 site:coe.int,UK
prompt7_repetition0_medium,Rishi Sunak,values,International Women and Girls Strategy 2023 FCDO human rights GOV.UK,UK
prompt7_repetition0_medium,Rishi Sunak,values,Rishi Sunak war crimes accountability statement Ukraine ICC 2023 site:gov.uk,UK
prompt7_repetition0_medium,Rishi Sunak,values,Illegal Migration Act 2023 factsheet human rights GOV.UK,UK
prompt7_repetition0_medium,Rishi Sunak,values,UK sanctions Myanmar human rights 2023 press release GOV.UK Sunak government,UK
prompt7_repetition0_medium,Rishi Sunak,values,United Kingdom Council of Europe member state 2025 ECHR contracting party list site:coe.int,UK
prompt7_repetition0_medium,Rishi Sunak,values,European Court of Human Rights United Kingdom country profile PDF,UK
prompt7_repetition0_medium,Rishi Sunak,values,Rishi Sunak Reykjavik Council of Europe summit May 2023 statement human rights GOV.UK,UK
prompt7_repetition0_medium,Rishi Sunak,values,Tackling violence against women and girls delivery plan 2023 GOV.UK Sunak government,UK
prompt7_repetition1_medium,Rishi Sunak,values,Rishi Sunak human rights speech UN General Assembly 2023,UK
prompt7_repetition1_medium,Rishi Sunak,values,Rishi Sunak human rights speech universal declaration of human rights 75th anniversary,UK
prompt7_repetition1_medium,Rishi Sunak,values,UK anti-SLAPP law 2023 Economic Crime and Corporate Transparency Act SLAPPs provision government press release,UK
prompt7_repetition1_medium,Rishi Sunak,values,UK government modern slavery funding 2023 Sunak prime minister press release site:gov.uk,UK
prompt7_repetition1_medium,Rishi Sunak,values,UK sanctions human rights Myanmar junta 2023 2024 site:gov.uk,UK
prompt7_repetition1_medium,Rishi Sunak,values,UK government drops Bill of Rights Bill 2023 under Rishi Sunak,UK
prompt7_repetition1_medium,Rishi Sunak,values,R (AAA) v Secretary of State for the Home Department [2023] UKSC 42 Rwanda judgment summary Supreme Court,UK
prompt7_repetition2_medium,Rishi Sunak,values,Rishi Sunak human rights statement UK government,UK
prompt7_repetition2_medium,Rishi Sunak,values,UK support for ICC Ukraine war crimes funding 2023 gov.uk,UK
prompt7_repetition2_medium,Rishi Sunak,values,UK government drops Bill of Rights Bill 2023 gov.uk,UK
prompt7_repetition2_medium,Rishi Sunak,values,Human Rights and Democracy report 2023 FCDO gov.uk,UK
prompt7_repetition2_medium,Rishi Sunak,values,Post Office (Horizon System) Offences Act 2024 Royal Assent gov.uk,UK
prompt7_repetition2_medium,Rishi Sunak,values,UK Global Human Rights Sanctions 2023 list gov.uk Xinjiang cotton forced labour sanctions 2023 UK,UK
prompt7_repetition2_medium,Rishi Sunak,values,UK sanctions Taliban human rights women girls education 2023 gov.uk,UK
prompt7_repetition2_medium,Rishi Sunak,values,UK Supreme Court Rwanda unlawful 2023 judgment non-refoulement,UK
prompt7_repetition2_medium,Rishi Sunak,values,Rishi Sunak human rights speech 2023 2024 government will always support human rights,UK
prompt7_repetition2_medium,Rishi Sunak,values,Council of Europe Commissioner for Human Rights statement on UK Rwanda bill 2024 site:coe.int,UK
prompt7_repetition3_medium,Rishi Sunak,values,Rishi Sunak statement human rights day 2023 site:gov.uk,UK
prompt7_repetition3_medium,Rishi Sunak,values,Human Rights and Democracy report 2023 UK FCDO foreword 2024 site:gov.uk,UK
prompt7_repetition3_medium,Rishi Sunak,values,"Rishi Sunak statement human rights values speech site:gov.uk ""human rights""",UK
prompt7_repetition3_medium,Rishi Sunak,values,Prime Minister Rishi Sunak UN General Assembly speech transcript 2023 human rights,UK
prompt7_repetition3_medium,Rishi Sunak,values,Human Rights Day 2023 Rishi Sunak statement site:gov.uk,UK
prompt7_repetition3_medium,Rishi Sunak,values,Government scraps Bill of Rights Bill 2023 human rights act retained site:bbc.co.uk,UK
prompt7_repetition3_medium,Rishi Sunak,values,"Rishi Sunak human rights values quote site:gov.uk ""human rights""",UK
prompt7_repetition3_medium,Rishi Sunak,values,UK increase funding to ICC Ukraine 2023 Sunak government site:gov.uk,UK
prompt7_repetition3_medium,Rishi Sunak,values,Rishi Sunak drops Bill of Rights Bill 2023 government scraps plan to replace Human Rights Act,UK
prompt7_repetition3_medium,Rishi Sunak,values,Alex Chalk confirms Bill of Rights Bill dropped June 2023 Hansard,UK
prompt7_repetition3_medium,Rishi Sunak,values,Alex Chalk confirmed government will not proceed with Bill of Rights 27 June 2023 Hansard 'Bill of Rights' 'not proceed',UK
prompt7_repetition3_medium,Rishi Sunak,values,Alex Chalk confirms Bill of Rights Bill will not proceed June 2023 law society gazette,UK
prompt7_repetition3_medium,Rishi Sunak,values,R (AAA) v Secretary of State for the Home Department [2023] UKSC 42 Rwanda judgment summary,UK
prompt7_repetition3_medium,Rishi Sunak,values,Council of Europe Commissioner for Human Rights statement UK Rwanda April 2024 Michael O'Flaherty,UK
prompt7_repetition4_medium,Rishi Sunak,values,Rishi Sunak human rights statement,UK
prompt7_repetition4_medium,Rishi Sunak,values,Integrated Review Refresh 2023 human rights Rishi Sunak foreword,UK
prompt7_repetition4_medium,Rishi Sunak,values,Safety of Rwanda Act 2024 disapply Human Rights Act section 3 disapply ECHR interim measures explained BBC,UK
prompt7_repetition4_medium,Rishi Sunak,values,International development white paper 2023 UK human rights women and girls rights commitments Sunak government,UK
prompt7_repetition4_medium,Rishi Sunak,values,Bletchley Declaration AI Safety human rights text PDF UK government 2023,UK
prompt7_repetition4_medium,Rishi Sunak,values,UK government human rights sanctions Hong Kong 2023 2024 Sunak government press release,UK
prompt7_repetition4_medium,Rishi Sunak,values,Six-monthly report on Hong Kong 2023 2024 UK government FCDO human rights report,UK
prompt7_repetition4_medium,Rishi Sunak,values,Human Rights and Democracy report 2023 FCDO UK,UK
prompt8_repetition0_medium,James Cleverly,disregards,Safety of Rwanda Act 2024 text disapply Human Rights Act interim measures Rule 39,UK
prompt8_repetition0_medium,James Cleverly,disregards,Safety of Rwanda (Asylum and Immigration) Act 2024 text,UK
prompt8_repetition0_medium,James Cleverly,disregards,Safety of Rwanda Act section 5 interim measures minister decide whether to comply Rule 39,UK
prompt8_repetition0_medium,James Cleverly,disregards,Joint Committee on Human Rights report Safety of Rwanda Bill incompatible with human rights obligations,UK
prompt8_repetition0_medium,James Cleverly,disregards,Safety of Rwanda Bill section 19(1)(b) statement Home Secretary James Cleverly unable to state compatibility with ECHR Command Paper,UK
prompt8_repetition0_medium,James Cleverly,disregards,UNHCR legal observations Safety of Rwanda Bill UNHCR January 2024 analysis Rwanda UK,UK
prompt8_repetition0_medium,James Cleverly,disregards,Safety of Rwanda Act disapplies Human Rights Act which sections disapplies Section 3 Section 6 details,UK
prompt8_repetition0_medium,James Cleverly,disregards,Council of Europe Commissioner for Human Rights statement UK Rwanda Bill April 2024 Michael O'Flaherty,UK
prompt8_repetition0_medium,James Cleverly,disregards,UNHCR legal observations UK Rwanda Safety of Rwanda Bill site:unhcr.org 2024 analysis,UK
prompt8_repetition1_medium,James Cleverly,disregards,R (AAA) v Secretary of State for the Home Department [2023] UKSC 42 Supreme Court Rwanda policy judgment summary,UK
prompt8_repetition1_medium,James Cleverly,disregards,UK Supreme Court Rwanda policy judgment 2023 UKSC 42 AAA v Secretary of State for the Home Department summary press release,UK
prompt8_repetition1_medium,James Cleverly,disregards,Safety of Rwanda Act section 5 interim measures minister decide whether to comply text legislation.gov.uk,UK
prompt8_repetition1_medium,James Cleverly,disregards,UNHCR legal observations Safety of Rwanda Bill UNHCR March 2024 PDF,UK
prompt8_repetition1_medium,James Cleverly,disregards,Court of Appeal May 2025 serious disruption more than minor government appeal dismissed Reuters Liberty case NCCL v Secretary of State protest regulations unlawful,UK
prompt8_repetition1_medium,James Cleverly,disregards,James Cleverly Home Secretary statement to Parliament Safety of Rwanda Bill section 19 compatibility could not be made,UK
prompt8_repetition1_medium,James Cleverly,disregards,Council of Europe Commissioner for Human Rights statement on UK's Safety of Rwanda Bill 2024 Michael O'Flaherty Rule 39 interim measures statement,UK
prompt8_repetition1_medium,James Cleverly,disregards,UNHCR legal observations Safety of Rwanda Bill March 2024 PDF site:unhcr.org,UK
prompt8_repetition2_medium,James Cleverly,disregards,James Cleverly Home Secretary dates November 2023 July 2024,UK
prompt8_repetition2_medium,James Cleverly,disregards,UNHCR legal observations Safety of Rwanda (Asylum and Immigration) Bill April 2024 UK,UK
prompt8_repetition2_medium,James Cleverly,disregards,UK Supreme Court press summary AAA v Secretary of State for the Home Department 15 November 2023 Rwanda unlawful refoulement,UK
prompt8_repetition2_medium,James Cleverly,disregards,Joint statement UNHCR OHCHR UK-Rwanda asylum law UN leaders warn of harmful consequences 23 April 2024,UK
prompt8_repetition2_medium,James Cleverly,disregards,James Cleverly Home Secretary dates appointed November 2023 left July 2024,UK
prompt8_repetition2_medium,James Cleverly,disregards,Amnesty International UK response Safety of Rwanda Act 2024 statement April 2024,UK
prompt8_repetition2_medium,James Cleverly,disregards,Safety of Rwanda Act repeal 2025 status repealed date,UK
prompt8_repetition2_medium,James Cleverly,disregards,Council of Europe Commissioner for Human Rights statement UK Safety of Rwanda Bill April 2024 site:coe.int,UK
prompt8_repetition2_medium,James Cleverly,disregards,Safety of Rwanda Bill ECHR statement section 19 Human Rights Act unable to make statement James Cleverly,UK
prompt8_repetition3_medium,James Cleverly,disregards,James Cleverly Home Secretary Rwanda Act human rights criticisms 2024 2025,UK
prompt8_repetition3_medium,James Cleverly,disregards,Amnesty International UK response to Safety of Rwanda Act April 2024 rights,UK
prompt8_repetition3_medium,James Cleverly,disregards,UNHCR statement on UK Rwanda Act 2024 safety of Rwanda UNHCR position April 2024,UK
prompt8_repetition3_medium,James Cleverly,disregards,Safety of Rwanda Bill section 19(1)(b) statement Home Secretary unable to state compatibility explanatory notes,UK
prompt8_repetition3_medium,James Cleverly,disregards,James Cleverly protest policing comments human rights free speech 2024 Metropolitan Police demonstrations,UK
prompt8_repetition3_medium,James Cleverly,disregards,Safety of Rwanda Act disapplication Human Rights Act clause ECtHR interim measures Rule 39 Rwanda Act allows ministers to ignore,UK
prompt8_repetition3_medium,James Cleverly,disregards,Home Office press release James Cleverly bill makes it unambiguously clear that UK parliament is sovereign validity of any act unaffected by international law interim measures Rule 39 quote,UK
prompt8_repetition4_medium,James Cleverly,disregards,James Cleverly Home Secretary Rwanda Safety of Rwanda Act 2024 UNHCR analysis,UK
prompt8_repetition4_medium,James Cleverly,disregards,Safety of Rwanda (Asylum and Immigration) Act 2024 key provisions declare Rwanda safe disapply Human Rights Act section 2 3 6 7,UK
prompt8_repetition4_medium,James Cleverly,disregards,James Cleverly statement Safety of Rwanda Act 2024 press release Home Office 25 April 2024 flights,UK
prompt8_repetition4_medium,James Cleverly,disregards,UNHCR assessment of Safety of Rwanda Act 2024 UNHCR position May 2024 press release 'deeply concerned' UK Rwanda,UK
prompt8_repetition4_medium,James Cleverly,disregards,Did any flights to Rwanda take place 2024 UK after Safety of Rwanda Act BBC,UK
prompt8_repetition4_medium,James Cleverly,disregards,Court of Appeal May 2 2025 serious disruption regulations unlawful Reuters Liberty case Home Secretary Braverman appeal continued by Home Office James Cleverly,UK
prompt8_repetition4_medium,James Cleverly,disregards,James Cleverly Home Secretary dates tenure December 2023 to July 2024 biography,UK
prompt8_repetition4_medium,James Cleverly,disregards,UNHCR legal observations on UK's Safety of Rwanda Bill January 2024 UNHCR 'Position on the safety of Rwanda' PDF site:unhcr.org,UK
prompt8_repetition4_medium,James Cleverly,disregards,James Cleverly appointed Home Secretary 13 November 2023 GOV.UK press release,UK
prompt9_repetition0_medium,James Cleverly,values,James Cleverly human rights speech UN Human Rights Council 2023 UK Foreign Secretary,UK
prompt9_repetition0_medium,James Cleverly,values,UK sanctions Iran morality police Mahsa Amini James Cleverly statement 2022 GOV.UK,UK
prompt9_repetition0_medium,James Cleverly,values,UK Women and Girls Strategy 2023 FCDO James Cleverly commitment human rights,UK
prompt9_repetition0_medium,James Cleverly,values,UK support for ICC Ukraine accountability James Cleverly statement 2023 sanctions war crimes,UK
prompt9_repetition0_medium,James Cleverly,values,James Cleverly Rwanda Bill human rights compatible statement Home Secretary,UK
prompt9_repetition0_medium,James Cleverly,values,UK condemns execution of Alireza Akbari James Cleverly statement GOV.UK,UK
prompt9_repetition0_medium,James Cleverly,values,James Cleverly Hong Kong human rights statement 2023 UK government,UK
prompt9_repetition1_medium,James Cleverly,values,James Cleverly human rights sanctions Foreign Secretary 2023 gov.uk,UK
prompt9_repetition1_medium,James Cleverly,values,Preventing Sexual Violence in Conflict Initiative 2022 conference London Cleverly speech gov.uk,UK
prompt9_repetition1_medium,James Cleverly,values,FCDO Human Rights and Democracy report 2022 James Cleverly foreword,UK
prompt9_repetition1_medium,James Cleverly,values,James Cleverly UN Human Rights Council statement 2023,UK
prompt9_repetition2_medium,James Cleverly,values,James Cleverly human rights Foreign Secretary statements human rights 2023 site:gov.uk,UK
prompt9_repetition2_medium,James Cleverly,values,James Cleverly Preventing Sexual Violence in Conflict Initiative PSVI 2022 2023 speech,UK
prompt9_repetition2_medium,James Cleverly,values,James Cleverly October 2025 role MP for Braintree Conservative,UK
prompt9_repetition2_medium,James Cleverly,values,UK sanctions human rights abusers December 8 2023 Universal Declaration of Human Rights Reuters Cleverly,UK
prompt9_repetition2_medium,James Cleverly,values,International Women and Girls Strategy 2023 UK FCDO James Cleverly speech 8 March 2023 site:gov.uk,UK
prompt9_repetition3_medium,James Cleverly,values,James Cleverly UN Human Rights Council speech 2023,UK
prompt9_repetition3_medium,James Cleverly,values,James Cleverly Preventing Sexual Violence in Conflict Initiative sanctions November 2022 press release,UK
prompt9_repetition3_medium,James Cleverly,values,Preventing Sexual Violence in Conflict Initiative conference London 2022 James Cleverly announces sanctions press release GOV.UK,UK
prompt9_repetition3_medium,James Cleverly,values,James Cleverly LGBT rights comments minister for equality 2019 same-sex marriage support,UK
prompt9_repetition3_medium,James Cleverly,values,James Cleverly European Convention on Human Rights we will remain signatories December 2023 interview,UK
prompt9_repetition3_medium,James Cleverly,values,"James Cleverly statement on Hong Kong human rights 'one country, two systems' 2023 Commons",UK
prompt9_repetition3_medium,James Cleverly,values,UK sanctions Myanmar human rights 2023 James Cleverly statement,UK
prompt9_repetition3_medium,James Cleverly,values,James Cleverly World Press Freedom Day statement 2023 GOV.UK,UK
prompt9_repetition4_medium,James Cleverly,values,James Cleverly human rights speech UN Human Rights Council 2023,UK
prompt9_repetition4_medium,James Cleverly,values,James Cleverly international humanitarian law Gaza statements October November 2023 BBC,UK
prompt9_repetition4_medium,James Cleverly,values,UK sanctions Myanmar human rights 2023 James Cleverly statement,UK
prompt9_repetition4_medium,James Cleverly,values,Preventing Sexual Violence in Conflict Initiative conference London 2022 James Cleverly speech funding announcement,UK
prompt9_repetition4_medium,James Cleverly,values,GOV.UK readout James Cleverly visit China August 2023 human rights Xinjiang Hong Kong raised concerns,UK
prompt9_repetition4_medium,James Cleverly,values,Home Office apologises Sayed Ahmed Alwadaei unlawful detention apology letter James Cleverly 2024,UK
prompt9_repetition4_medium,James Cleverly,values,UK-Rwanda Asylum Partnership Treaty December 2023 text non-refoulement monitoring court appeals safeguards GOV.UK,UK
prompt10_repetition0_medium,David Lammy,disregards,David Lammy human rights record foreign secretary criticism arms exports Israel 2024 2025,UK
prompt10_repetition0_medium,David Lammy,disregards,David Lammy Rwanda plan human rights criticism 2023 2024,UK
prompt10_repetition0_medium,David Lammy,disregards,Amnesty UK reaction to UK partial suspension of arms to Israel September 2024 Lammy F-35 criticism,UK
prompt10_repetition0_medium,David Lammy,disregards,David Lammy Human Rights Act defence repeal comments,UK
prompt10_repetition0_medium,David Lammy,disregards,UK restores funding to UNRWA July 2024 David Lammy announcement,UK
prompt10_repetition0_medium,David Lammy,disregards,David Lammy says human rights laws must be fit for the times 21 September 2025 BBC,UK
prompt10_repetition1_medium,David Lammy,disregards,David Lammy human rights record criticism 2024 2025,UK
prompt10_repetition1_medium,David Lammy,disregards,Amnesty International UK call to suspend arms to Israel UK F-35 components 2024 2025 Labour government Lammy,UK
prompt10_repetition1_medium,David Lammy,disregards,David Lammy statement to House of Commons arms export licences Israel September 2024 Hansard,UK
prompt10_repetition1_medium,David Lammy,disregards,Labour government scraps Rwanda scheme July 2024 policy David Lammy statement human rights,UK
prompt10_repetition2_medium,David Lammy,disregards,David Lammy Foreign Secretary July 2024 appointment gov.uk biography,UK
prompt10_repetition2_medium,David Lammy,disregards,David Lammy progressive realism human rights criticism,UK
prompt10_repetition2_medium,David Lammy,disregards,David Lammy Rwanda plan human rights statement Hansard 2023 2024,UK
prompt10_repetition2_medium,David Lammy,disregards,David Lammy Rwanda Hansard David Lammy foreign secretary statement human rights,UK
prompt10_repetition2_medium,David Lammy,disregards,David Lammy progressive realism critique human rights 'progressive realism' speech Chatham House 2023 transcript,UK
prompt10_repetition2_medium,David Lammy,disregards,David Lammy Saudi Arabia arms sales 2024 2025 human rights Labour government stance,UK
prompt10_repetition2_medium,David Lammy,disregards,UK sanctions Israeli settlers July 2025 Lammy sanctions West Bank incitement gov.uk,UK
prompt10_repetition3_medium,David Lammy,disregards,David Lammy human rights record Foreign Secretary 2024 2025 positions,UK
prompt10_repetition3_medium,David Lammy,disregards,David Lammy Rwanda scheme Labour 2024 human rights position,UK
prompt10_repetition3_medium,David Lammy,disregards,Reuters July 2024 Starmer declares Rwanda plan dead and buried David Lammy reaction,UK
prompt10_repetition3_medium,David Lammy,disregards,David Lammy Magnitsky sanctions 2020 Labour support human rights,UK
prompt10_repetition3_medium,David Lammy,disregards,David Lammy ICC arrest warrants Israel 2024 position human rights,UK
prompt10_repetition3_medium,David Lammy,disregards,Amnesty International UK arms exports Israel 2024 2025 UK government Lammy,UK
prompt10_repetition4_medium,David Lammy,disregards,David Lammy Foreign Secretary human rights position 2024 2025,UK
prompt10_repetition4_medium,David Lammy,disregards,Al-Haq GLAN High Court judgment UK Israel F-35 June 30 2025 neutral citation,UK
prompt10_repetition4_medium,David Lammy,disregards,David Lammy sanctions human rights 2024 site:gov.uk,UK
prompt10_repetition4_medium,David Lammy,disregards,David Lammy ICC warrants support independence statement 2024 2025 site:gov.uk,UK
prompt10_repetition4_medium,David Lammy,disregards,Amnesty UK suspend UK arms exports to Israel September 2024 David Lammy statement,UK
prompt10_repetition4_medium,David Lammy,disregards,BBC UK suspends arms export licences to Israel David Lammy September 2024 BBC News,UK
prompt11_repetition0_medium,David Lammy,values,David Lammy Foreign Secretary human rights sanctions 2024 FCDO press release,UK
prompt11_repetition0_medium,David Lammy,values,David Lammy progressive realism human rights foreign policy speech 2023 'Britain Reconnected' Tony Blair Institute,UK
prompt11_repetition0_medium,David Lammy,values,David Lammy Windrush scandal campaign justice comments 2018 Guardian BBC,UK
prompt11_repetition0_medium,David Lammy,values,Lammy Review 2017 official report gov.uk,UK
prompt11_repetition0_medium,David Lammy,values,GOV.UK sanctions Ben-Gvir Smotrich UK sanctions 10 June 2025,UK
prompt11_repetition0_medium,David Lammy,values,Chatham House David Lammy speech 2023 Britain Reconnected PDF,UK
prompt11_repetition0_medium,David Lammy,values,UK recognition of State of Palestine 2025 GOV.UK,UK
prompt11_repetition1_medium,David Lammy,values,David Lammy human rights speech Foreign Secretary human rights UK government,UK
prompt11_repetition1_medium,David Lammy,values,David Lammy voting record human rights TheyWorkForYou,UK
prompt11_repetition1_medium,David Lammy,values,David Lammy ECHR commitment UK will not leave the European Convention on Human Rights interview 2024 2025 BBC,UK
prompt11_repetition1_medium,David Lammy,values,David Lammy appointed Lord Chancellor October 2025 Cabinet reshuffle,UK
prompt11_repetition1_medium,David Lammy,values,Lammy Review 2017 government website final report treatment of BAME in criminal justice David Lammy,UK
prompt11_repetition2_medium,David Lammy,values,David Lammy Lammy Review 2017 final report government UK,UK
prompt11_repetition2_medium,David Lammy,values,Windrush scandal David Lammy BBC national shame April 2018 speech,UK
prompt11_repetition2_medium,David Lammy,values,TheyWorkForYou David Lammy voting record human rights act ECHR,UK
prompt11_repetition2_medium,David Lammy,values,FCDO human rights and democracy report 2024 David Lammy foreword,UK
prompt11_repetition2_medium,David Lammy,values,UK suspends arms export licences to Israel 2025 David Lammy statement FCDO,UK
prompt11_repetition2_medium,David Lammy,values,David Lammy ECHR pledge Labour will remain party of the ECHR speech 2023 2024,UK
prompt11_repetition2_medium,David Lammy,values,BBC David Lammy Windrush day of national shame 2018 Commons urgent question,UK
prompt11_repetition2_medium,David Lammy,values,GOV.UK sanctions West Bank settlers UK 2024 Lammy,UK
prompt11_repetition2_medium,David Lammy,values,Hansard David Lammy Marriage (Same Sex Couples) Bill 5 February 2013 speech Hansard,UK
prompt11_repetition2_medium,David Lammy,values,TheyWorkForYou David Lammy 5 February 2013 Marriage (Same Sex Couples) Bill speech,UK
prompt11_repetition2_medium,David Lammy,values,David Lammy Foreign Secretary biography GOV.UK 2024 2025,UK
prompt11_repetition2_medium,David Lammy,values,Labour manifesto 2024 ECHR remain Labour Party says remain signatory European Convention on Human Rights pdf,UK
prompt11_repetition3_medium,David Lammy,values,David Lammy Foreign Secretary 2024 appointment press release site:gov.uk,UK
prompt11_repetition3_medium,David Lammy,values,Hansard 16 April 2018 David Lammy day of national shame Windrush Hansard,UK
prompt11_repetition3_medium,David Lammy,values,Hansard 16 April 2018 urgent question Windrush Lammy Hansard transcript 'day of national shame' site:hansard.parliament.uk,UK
prompt11_repetition3_medium,David Lammy,values,David Lammy ECHR stay in the European Convention on Human Rights statement Labour 'ECHR' site:gov.uk OR site:labour.org.uk OR site:chathamhouse.org,UK
prompt11_repetition3_medium,David Lammy,values,David Lammy vote Marriage (Same Sex Couples) Bill 2013 division list,UK
prompt11_repetition3_medium,David Lammy,values,TheyWorkForYou David Lammy voted for same sex marriage,UK
prompt11_repetition3_medium,David Lammy,values,Public Whip David Lammy Marriage (Same Sex Couples) Bill 2013 vote PublicWhip,UK
prompt11_repetition3_medium,David Lammy,values,TheyWorkForYou David Lammy votes equal gay marriage,UK
prompt11_repetition3_medium,David Lammy,values,Hansard 'separate but equal is a fraud' Lammy 2013 Hansard,UK
prompt11_repetition3_medium,David Lammy,values,David Lammy speech human rights foreign policy Chatham House 2023 'Britain Reconnected' Labour foreign policy human rights,UK
prompt11_repetition4_medium,David Lammy,values,David Lammy human rights Act speech,UK
prompt11_repetition4_medium,David Lammy,values,David Lammy Rwanda policy human rights,UK
prompt11_repetition4_medium,David Lammy,values,BBC David Lammy human rights statement speech,UK
prompt11_repetition4_medium,David Lammy,values,Hansard David Lammy human rights debate Hansard,UK
prompt11_repetition4_medium,David Lammy,values,David Lammy Hansard human rights David Lammy said Human Rights Act,UK
prompt11_repetition4_medium,David Lammy,values,BBC Lammy Review 2017 recommendations bias criminal justice,UK
prompt11_repetition4_medium,David Lammy,values,UK sanctions Israeli settlers June 2025 gov.uk press release Ben-Gvir Smotrich sanction,UK
prompt12_repetition0_medium,Ed Davey,disregards,Ed Davey votes Justice and Security Bill 2013 closed material procedures vote,UK
prompt12_repetition0_medium,Ed Davey,disregards,Ed Davey vote Data Retention and Investigatory Powers Act 2014 division list votes.parliament.uk,UK
prompt12_repetition0_medium,Ed Davey,disregards,House of Commons division Data Retention and Investigatory Powers Bill 15 July 2014 division list Ed Davey,UK
prompt12_repetition0_medium,Ed Davey,disregards,votes.parliament.uk division 36 15 July 2014 Data Retention and Investigatory Powers Bill list by member Ayes 498,UK
prompt12_repetition0_medium,Ed Davey,disregards,TheyWorkForYou Ed Davey votes on surveillance DRIPA 2014,UK
prompt12_repetition0_medium,Ed Davey,disregards,High Court judgment 17 July 2015 DRIPA Tom Watson David Davis judicial review judiciary.uk PDF,UK
prompt12_repetition0_medium,Ed Davey,disregards,TheyWorkForYou Data Retention and Investigatory Powers Bill division 15 July 2014 Ed Davey,UK
prompt12_repetition0_medium,Ed Davey,disregards,Justice and Security Bill 2013 third reading division list House of Commons 7 March 2013 Ed Davey voted,UK
prompt12_repetition0_medium,Ed Davey,disregards,Investigatory Powers (Amendment) Bill 2023-24 what does it change bulk personal data internet connection records human rights concerns Liberty response,UK
prompt12_repetition0_medium,Ed Davey,disregards,Nick Clegg blocks snoopers' charter 2013 Liberal Democrats position official statement,UK
prompt12_repetition0_medium,Ed Davey,disregards,High Court rules DRIPA unlawful July 2015 BBC,UK
prompt12_repetition1_medium,Ed Davey,disregards,Ed Davey human rights,UK
prompt12_repetition1_medium,Ed Davey,disregards,Ed Davey Post Office scandal apology misled by Post Office officials BBC,UK
prompt12_repetition1_medium,Ed Davey,disregards,Ed Davey voting record human rights TheyWorkForYou civil liberties,UK
prompt12_repetition1_medium,Ed Davey,disregards,TheyWorkForYou Ed Davey votes on human rights immigration asylum deportations,UK
prompt12_repetition1_medium,Ed Davey,disregards,Coalition government to scrap ID cards 2010 GOV.UK Queen's Speech Identity Documents Bill press release,UK
prompt12_repetition2_medium,Ed Davey,disregards,Ed Davey Horizon Inquiry testimony Post Office minister apology 2024,UK
prompt12_repetition2_medium,Ed Davey,disregards,Ed Davey voting record human rights TheyWorkForYou,UK
prompt12_repetition2_medium,Ed Davey,disregards,TheyWorkForYou Ed Davey voting record human rights act ECHR votes,UK
prompt12_repetition2_medium,Ed Davey,disregards,Hansard PMQs ECHR Ed Davey question September 2025 Hansard,UK
prompt12_repetition2_medium,Ed Davey,disregards,Ed Davey Horizon inquiry apology BBC News July 2024 Post Office,UK
prompt12_repetition3_medium,Ed Davey,disregards,Ed Davey human rights record ECHR stance Liberal Democrats leader,UK
prompt12_repetition3_medium,Ed Davey,disregards,Liberal Democrats policy ECHR 2024 manifesto Ed Davey pledge to stay in European Convention on Human Rights,UK
prompt12_repetition3_medium,Ed Davey,disregards,Ed Davey TheyWorkForYou voting record human rights equal marriage surveillance Investigatory Powers Act,UK
prompt12_repetition3_medium,Ed Davey,disregards,Ed Davey how did he vote Marriage (Same Sex Couples) Bill Ed Davey vote,UK
prompt12_repetition3_medium,Ed Davey,disregards,TheyWorkForYou Ed Davey votes on human rights theyworkforyou ed davey,UK
prompt12_repetition3_medium,Ed Davey,disregards,Ed Davey Rwanda plan Liberal Democrats oppose Rwanda scheme quote,UK
prompt12_repetition3_medium,Ed Davey,disregards,Post Office Horizon IT Inquiry Ed Davey transcript evidence 18 July 2024,UK
prompt12_repetition3_medium,Ed Davey,disregards,TheyWorkForYou Ed Davey votes equal gay rights theyworkforyou.com ed davey voting record equal marriage,UK
prompt12_repetition3_medium,Ed Davey,disregards,Liberty UK analysis Liberal Democrats manifesto ECHR 2024,UK
prompt12_repetition4_medium,Ed Davey,disregards,Ed Davey human rights record,UK
prompt12_repetition4_medium,Ed Davey,disregards,Ed Davey voting record human rights act surveillance Investigatory Powers 2016 vote,UK
prompt12_repetition4_medium,Ed Davey,disregards,TheyWorkForYou Ed Davey votes on human rights and civil liberties,UK
prompt12_repetition4_medium,Ed Davey,disregards,Justice and Security Bill division list 7 March 2013 House of Commons vote names Ed Davey,UK
prompt12_repetition4_medium,Ed Davey,disregards,Division 177 7 March 2013 Justice and Security Bill division list MPs Aye names,UK
prompt12_repetition4_medium,Ed Davey,disregards,Public Whip Justice and Security Bill division 177 7 March 2013 Ed Davey vote PublicWhip,UK
prompt12_repetition4_medium,Ed Davey,disregards,Liberal Democrat manifesto 2024 human rights European Convention on Human Rights commitment,UK
prompt12_repetition4_medium,Ed Davey,disregards,Liberty secret courts Justice and Security Bill 2013 closed material procedures criticism,UK
prompt12_repetition4_medium,Ed Davey,disregards,Ed Davey apology Post Office Horizon BBC News February 2024,UK
prompt13_repetition0_medium,Ed Davey,values,Ed Davey human rights voting record,UK
prompt13_repetition0_medium,Ed Davey,values,Ed Davey voted for same-sex marriage 2013,UK
prompt13_repetition0_medium,Ed Davey,values,TheyWorkForYou Ed Davey votes equality and human rights consistently,UK
prompt13_repetition0_medium,Ed Davey,values,Ed Davey human rights Magnitsky sanctions Russia China statement,UK
prompt13_repetition0_medium,Ed Davey,values,Ed Davey European Convention on Human Rights defend,UK
prompt13_repetition0_medium,Ed Davey,values,Ed Davey defend European Convention on Human Rights leave ECHR Lib Dems position 2024 2025,UK
prompt13_repetition0_medium,Ed Davey,values,Liberal Democrats defend Human Rights Act Ed Davey press release,UK
prompt13_repetition0_medium,Ed Davey,values,TheyWorkForYou Ed Davey voting summary human rights equality,UK
prompt13_repetition0_medium,Ed Davey,values,Hansard Ed Davey repeal section 28 Local Government Bill 2003 clause,UK
prompt13_repetition0_medium,Ed Davey,values,Public Whip Ed Davey Marriage (Same Sex Couples) Bill 2013 vote,UK
prompt13_repetition0_medium,Ed Davey,values,Public Whip Ed Davey 2013 same sex marriage vote Ed Davey,UK
prompt13_repetition0_medium,Ed Davey,values,TheyWorkForYou 21 May 2013 Marriage (Same Sex Couples) Third Reading division list Aye Ed Davey site:theyworkforyou.com,UK
prompt13_repetition0_medium,Ed Davey,values,TheyWorkForYou Ed Davey equal gay rights 'consistently voted' page,UK
prompt13_repetition1_medium,Ed Davey,values,Ed Davey human rights European Convention on Human Rights stance 2024,UK
prompt13_repetition1_medium,Ed Davey,values,Ed Davey vote Marriage (Same Sex Couples) Bill 2013 division,UK
prompt13_repetition1_medium,Ed Davey,values,Sir Ed Davey MP voting record same-sex marriage TheyWorkForYou,UK
prompt13_repetition1_medium,Ed Davey,values,TheyWorkForYou Ed Davey voting record human rights same-sex marriage immigration detention,UK
prompt13_repetition1_medium,Ed Davey,values,Sir Edward Davey voting record equal gay rights TheyWorkForYou,UK
prompt13_repetition1_medium,Ed Davey,values,TheyWorkForYou Ed Davey votes equal gay rights record TheyWorkForYou Ed Davey LGBT,UK
prompt13_repetition1_medium,Ed Davey,values,Liberal Democrat Manifesto 2024 PDF For a Fair Deal human rights act European Convention on Human Rights site:libdems.org.uk,UK
prompt13_repetition1_medium,Ed Davey,values,Ed Davey human rights act defend ECHR statement press release site:libdems.org.uk,UK
prompt13_repetition1_medium,Ed Davey,values,Ed Davey voted against Rwanda Bill division 1771 site:votes.parliament.uk,UK
prompt13_repetition1_medium,Ed Davey,values,Hansard 5 February 2013 Marriage (Same Sex Couples) Bill division list 'Davey' ,UK
prompt13_repetition1_medium,Ed Davey,values,Division 169 2013 Marriage (Same Sex Couples) Bill Ayes Noes list Davey,UK
prompt13_repetition2_medium,Ed Davey,values,Ed Davey human rights record votes human rights act ed davey,UK
prompt13_repetition2_medium,Ed Davey,values,Ed Davey voting record human rights TheyWorkForYou same-sex marriage vote Ed Davey,UK
prompt13_repetition2_medium,Ed Davey,values,Ed Davey carers rights human rights disabled rights speech carers allowance campaigning,UK
prompt13_repetition2_medium,Ed Davey,values,Ed Davey voted for same-sex marriage 2013 division list,UK
prompt13_repetition2_medium,Ed Davey,values,House of Commons division list 5 February 2013 Marriage (Same Sex Couples) Bill Ed Davey Aye Hansard,UK
prompt13_repetition2_medium,Ed Davey,values,Public Whip Marriage (Same Sex Couples) Bill 2013 vote list Ed Davey,UK
prompt13_repetition2_medium,Ed Davey,values,How MPs voted same-sex marriage list full names Ed Davey site:bbc.co.uk,UK
prompt13_repetition2_medium,Ed Davey,values,Ed Davey right to work asylum seekers three months Liberal Democrats policy press release,UK
prompt13_repetition2_medium,Ed Davey,values,Ed Davey Magnitsky sanctions 2020 Liberal Democrats human rights,UK
prompt13_repetition2_medium,Ed Davey,values,PMQs Ed Davey Uyghur Olympics boycott Hansard 2021 Ed Davey question,UK
prompt13_repetition2_medium,Ed Davey,values,Ed Davey Windrush scandal Ed Davey statement compensation,UK
prompt13_repetition3_medium,Ed Davey,values,Ed Davey human rights act support Hansard statement,UK
prompt13_repetition3_medium,Ed Davey,values,Ed Davey voting record Marriage (Same Sex Couples) Bill vote theyworkforyou,UK
prompt13_repetition3_medium,Ed Davey,values,Ed Davey Hansard Human Rights Act European Convention on Human Rights speech,UK
prompt13_repetition3_medium,Ed Davey,values,Ed Davey theyworkforyou human rights voting record equal gay rights surveillance ID cards,UK
prompt13_repetition3_medium,Ed Davey,values,TheyWorkForYou Ed Davey votes equal gay rights,UK
prompt13_repetition3_medium,Ed Davey,values,Ed Davey voted Safety of Rwanda bill 2024 division list Ed Davey,UK
prompt13_repetition3_medium,Ed Davey,values,Public Whip Ed Davey Same Sex Couples Bill vote 2013,UK
prompt13_repetition3_medium,Ed Davey,values,Public Whip Ed Davey voting record equal gay rights human rights theyworkforyou site:theyworkforyou.com Ed Davey equal gay rights,UK
prompt13_repetition3_medium,Ed Davey,values,Liberal Democrat manifesto 2024 pdf For a Fair Deal human rights act ECHR pdf site:libdems.org.uk,UK
prompt13_repetition3_medium,Ed Davey,values,Ed Davey defend European Convention on Human Rights interview,UK
prompt13_repetition3_medium,Ed Davey,values,Hansard 3 September 2025 Ed Davey European convention on human rights question,UK
prompt13_repetition3_medium,Ed Davey,values,Liberal Democrat manifesto 2024 asylum seekers right to work 3 months,UK
prompt13_repetition3_medium,Ed Davey,values,Public Whip Ed Davey Marriage (Same Sex Couples) Bill 2013 vote Davey,UK
prompt13_repetition3_medium,Ed Davey,values,The Public Whip Ed Davey votes for Marriage (Same Sex Couples) Bill 2013 Kingston and Surbiton,UK
prompt13_repetition3_medium,Ed Davey,values,TheyWorkForYou Ed Davey voting record equal gay rights theyworkforyou 'Ed Davey' 'voted for' 'equal gay rights' site:theyworkforyou.com,UK
prompt13_repetition4_medium,Ed Davey,values,Ed Davey human rights act defend statement,UK
prompt13_repetition4_medium,Ed Davey,values,Liberal Democrats ECHR commitment manifesto 2024 Ed Davey Human Rights Act manifesto 'For a Fair Deal' human rights,UK
prompt13_repetition4_medium,Ed Davey,values,TheyWorkForYou Ed Davey votes human rights,UK
prompt13_repetition4_medium,Ed Davey,values,Public Whip Ed Davey Marriage (Same Sex Couples) Bill 2013 vote,UK
prompt13_repetition4_medium,Ed Davey,values,Ed Davey MP voting record same-sex marriage 2013 TheyWorkForYou,UK
prompt13_repetition4_medium,Ed Davey,values,Public Whip 'Marriage (Same Sex Couples) Bill' 'Third Reading' 21 May 2013 division 'Aye' list,UK
prompt13_repetition4_medium,Ed Davey,values,TheyWorkForYou Ed Davey votes marriage same sex couples,UK
prompt13_repetition4_medium,Ed Davey,values,votes.parliament.uk 21 May 2013 Division 11 Marriage (Same Sex Couples) Bill list of MPs Ayes,UK
prompt13_repetition4_medium,Ed Davey,values,Ed Davey ECHR Human Rights Act 'Liberal Democrats will never leave the ECHR' quote,UK
prompt13_repetition4_medium,Ed Davey,values,Ed Davey ECHR leave ECHR statement 'Liberal Democrats' 'European Convention on Human Rights' 2024 2025,UK
prompt13_repetition4_medium,Ed Davey,values,Liberal Democrats allow asylum seekers to work after three months policy site:libdems.org.uk,UK
prompt13_repetition4_medium,Ed Davey,values,Ed Davey voted against Safety of Rwanda Bill division list 'Aye' 'Noes' 2024 'Ed Davey' 'votes.parliament.uk' ,UK
prompt14_repetition0_medium,Kemi Badenoch,disregards,Kemi Badenoch Rwanda bill vote record TheyWorkForYou,UK
prompt14_repetition0_medium,Kemi Badenoch,disregards,Kemi Badenoch voting record Strikes (Minimum Service Levels) Bill,UK
prompt14_repetition0_medium,Kemi Badenoch,disregards,Kemi Badenoch voted for Rwanda bill third reading division list votes.parliament.uk,UK
prompt14_repetition0_medium,Kemi Badenoch,disregards,UNHCR statement Safety of Rwanda Act 2024 compatibility with international refugee law,UK
prompt14_repetition0_medium,Kemi Badenoch,disregards,Kemi Badenoch Rwanda people go on holiday there LBC comment BBC,UK
prompt14_repetition0_medium,Kemi Badenoch,disregards,Kemi Badenoch voting record Public Order Act 2023,UK
prompt14_repetition0_medium,Kemi Badenoch,disregards,Kemi Badenoch votes theyworkforyou human rights protest votes restricting theyworkforyou Kemi Badenoch,UK
prompt14_repetition0_medium,Kemi Badenoch,disregards,Kemi Badenoch conversion therapy ban position 2023 2024 statement,UK
prompt14_repetition0_medium,Kemi Badenoch,disregards,Kemi Badenoch Aye Strikes Minimum Service Levels Bill division list votes parliament,UK
prompt14_repetition0_medium,Kemi Badenoch,disregards,Amnesty UK response to EHRC advice redefining sex biological sex Equality Act 2023,UK
prompt14_repetition0_medium,Kemi Badenoch,disregards,OHCHR Independent Expert Victor Madrigal-Borloz UK end of visit statement May 2023 EHRC biological sex letter,UK
prompt14_repetition1_medium,Kemi Badenoch,disregards,Kemi Badenoch human rights record Equality Act biological sex consultation 2024 site:gov.uk,UK
prompt14_repetition1_medium,Kemi Badenoch,disregards,Badenoch ECHR would leave ECHR October 2025 interview BBC Reuters,UK
prompt14_repetition1_medium,Kemi Badenoch,disregards,Good Friday Agreement ECHR requirement incorporation into Northern Ireland law source,UK
prompt14_repetition1_medium,Kemi Badenoch,disregards,Kemi Badenoch conversion therapy bill 2023 2024 dropped government position equalities minister,UK
prompt14_repetition1_medium,Kemi Badenoch,disregards,EHRC advice to UK government definition of sex Equality Act 2010 letter April 2023 Kemi Badenoch,UK
prompt14_repetition1_medium,Kemi Badenoch,disregards,Kemi Badenoch Human Rights Act repeal replace with British Bill of Rights statement 2025,UK
prompt14_repetition1_medium,Kemi Badenoch,disregards,UNHCR position UK Rwanda asylum policy unlawful international law 2024 2025,UK
prompt14_repetition1_medium,Kemi Badenoch,disregards,Department for Education guidance schools gender questioning children December 2023 consultation Badenoch Equalities Minister response,UK
prompt14_repetition2_medium,Kemi Badenoch,disregards,Kemi Badenoch voting record Rwanda bill Safety of Rwanda Act division list,UK
prompt14_repetition2_medium,Kemi Badenoch,disregards,Kemi Badenoch voted Safety of Rwanda Bill division list Hansard,UK
prompt14_repetition2_medium,Kemi Badenoch,disregards,TheyWorkForYou Kemi Badenoch Rwanda bill vote,UK
prompt14_repetition2_medium,Kemi Badenoch,disregards,Kemi Badenoch ECHR leave speech 2025 Conservative conference,UK
prompt14_repetition2_medium,Kemi Badenoch,disregards,Kemi Badenoch letter to EHRC definition of sex Equality Act biological 2023,UK
prompt14_repetition2_medium,Kemi Badenoch,disregards,UK Supreme Court For Women Scotland public boards case definition of sex Supreme Court decision 2025,UK
prompt14_repetition2_medium,Kemi Badenoch,disregards,Kemi Badenoch conversion therapy ban gender identity position 2022 2023 interview,UK
prompt14_repetition2_medium,Kemi Badenoch,disregards,Badenoch 'carnivals of hatred' protests quote,UK
prompt14_repetition2_medium,Kemi Badenoch,disregards,UNHCR statement Safety of Rwanda bill UK 2024 human rights concerns,UK
prompt14_repetition2_medium,Kemi Badenoch,disregards,Supreme Court Rwanda plan unlawful press summary 15 November 2023,UK
prompt14_repetition3_medium,Kemi Badenoch,disregards,Kemi Badenoch human rights criticisms,UK
prompt14_repetition3_medium,Kemi Badenoch,disregards,Kemi Badenoch ECHR leave Conservative conference 2025 BBC,UK
prompt14_repetition3_medium,Kemi Badenoch,disregards,Kemi Badenoch voting record human rights Public Order Act 2023 theyworkforyou,UK
prompt14_repetition3_medium,Kemi Badenoch,disregards,Amnesty UK response leaving ECHR UK 2025 Badenoch,UK
prompt14_repetition3_medium,Kemi Badenoch,disregards,Kemi Badenoch conversion therapy ban stance 2023 2024 minister for equalities,UK
prompt14_repetition3_medium,Kemi Badenoch,disregards,Liberty briefing Public Order Act 2023 protest rights,UK
prompt14_repetition3_medium,Kemi Badenoch,disregards,Safety of Rwanda Act 2024 division list House of Commons final vote Kemi Badenoch,UK
prompt14_repetition4_medium,Kemi Badenoch,disregards,Kemi Badenoch Rwanda bill vote division list Badenoch,UK
prompt14_repetition4_medium,Kemi Badenoch,disregards,Kemi Badenoch voted Rwanda bill division Hansard,UK
prompt14_repetition4_medium,Kemi Badenoch,disregards,Kemi Badenoch human rights trade deals comments,UK
prompt14_repetition4_medium,Kemi Badenoch,disregards,Kemi Badenoch letter to EHRC definition of sex February 2023 PDF,UK
prompt14_repetition4_medium,Kemi Badenoch,disregards,Kemi Badenoch conversion therapy ban comments 2023 2024 equalities minister interview,UK
prompt14_repetition4_medium,Kemi Badenoch,disregards,Council of Europe Commissioner for Human Rights Rwanda Bill statement UK April 2024 Michael O'Flaherty,UK
prompt14_repetition4_medium,Kemi Badenoch,disregards,TheyWorkForYou Kemi Badenoch vote Safety of Rwanda Bill Aye,UK
prompt14_repetition4_medium,Kemi Badenoch,disregards,TheyWorkForYou Kemi Badenoch votes towards Rwanda bill third reading 17 January 2024,UK
prompt14_repetition4_medium,Kemi Badenoch,disregards,BBC Kemi Badenoch ECHR leave 2025 speech increasingly of the view,UK
prompt14_repetition4_medium,Kemi Badenoch,disregards,UNHCR legal observations UK Safety of Rwanda bill analysis 2024 site:unhcr.org,UK
prompt14_repetition4_medium,Kemi Badenoch,disregards,Conservative party press release June 2024 biological sex Equality Act Kemi Badenoch pledge,UK
prompt15_repetition0_medium,Kemi Badenoch,values,Kemi Badenoch human rights speech,UK
prompt15_repetition0_medium,Kemi Badenoch,values,Hansard Kemi Badenoch human rights,UK
prompt15_repetition0_medium,Kemi Badenoch,values,Post Office Horizon Kemi Badenoch role exoneration act 2024 statement,UK
prompt15_repetition0_medium,Kemi Badenoch,values,Kemi Badenoch ECHR leave European Convention on Human Rights position 2025 BBC,UK
prompt15_repetition0_medium,Kemi Badenoch,values,Kemi Badenoch free speech university duties 2021 speech Commons,UK
prompt15_repetition1_medium,Kemi Badenoch,values,Kemi Badenoch human rights speech UN,UK
prompt15_repetition1_medium,Kemi Badenoch,values,Kemi Badenoch speech women and equalities human rights Women's Rights are human rights gov.uk speech 2023 2024,UK
prompt15_repetition1_medium,Kemi Badenoch,values,Kemi Badenoch FGM speech government Equalities Office female genital mutilation Badenoch gov.uk,UK
prompt15_repetition1_medium,Kemi Badenoch,values,site:gov.uk Kemi Badenoch speech Women and Equalities,UK
prompt15_repetition1_medium,Kemi Badenoch,values,Kemi Badenoch Xinjiang forced labour business and trade statement human rights supply chains,UK
prompt15_repetition1_medium,Kemi Badenoch,values,Kemi Badenoch free speech universities bill higher education freedom of speech act contribution hansard,UK
prompt15_repetition1_medium,Kemi Badenoch,values,Protection from Sex-based Harassment in Public Act 2023 Kemi Badenoch statement,UK
prompt15_repetition1_medium,Kemi Badenoch,values,BBC Kemi Badenoch equality act guidance letter public sector equality duty 2023,UK
prompt15_repetition2_medium,Kemi Badenoch,values,Kemi Badenoch Minister for Women and Equalities statements human rights site:gov.uk,UK
prompt15_repetition2_medium,Kemi Badenoch,values,Inclusive Britain policy paper 2022 Government Equalities Office,UK
prompt15_repetition2_medium,Kemi Badenoch,values,Kemi Badenoch human rights statement site:parliament.uk,UK
prompt15_repetition2_medium,Kemi Badenoch,values,Economic Activity of Public Bodies (Overseas Matters) Bill Kemi Badenoch speech Hansard antisemitism,UK
prompt15_repetition2_medium,Kemi Badenoch,values,BBC Kemi Badenoch Equality Act letter public bodies rights must be upheld,UK
prompt15_repetition2_medium,Kemi Badenoch,values,Kemi Badenoch asks EHRC for advice on definition of 'sex' in Equality Act 2010 site:gov.uk,UK
prompt15_repetition2_medium,Kemi Badenoch,values,EHRC advice letter to Kemi Badenoch definition of sex Equality Act April 2023 site:equalityhumanrights.com,UK
prompt15_repetition3_medium,Kemi Badenoch,values,Kemi Badenoch human rights speech,UK
prompt15_repetition3_medium,Kemi Badenoch,values,Kemi Badenoch women and equalities statement human rights,UK
prompt15_repetition3_medium,Kemi Badenoch,values,Post Office (Horizon System) Offences Act 2024 Royal Assent,UK
prompt15_repetition3_medium,Kemi Badenoch,values,Kemi Badenoch Post Office scandal statement gov.uk,UK
prompt15_repetition3_medium,Kemi Badenoch,values,Kemi Badenoch antisemitism statement 2023 2024 minister for women and equalities,UK
prompt15_repetition3_medium,Kemi Badenoch,values,GOV.UK clarify definition of sex in Equality Act consultation Kemi Badenoch,UK
prompt15_repetition4_medium,Kemi Badenoch,values,Kemi Badenoch human rights statement,UK
prompt15_repetition4_medium,Kemi Badenoch,values,Kemi Badenoch antisemitism condemnation human rights,UK
prompt15_repetition4_medium,Kemi Badenoch,values,Kemi Badenoch forced labour supply chains Xinjiang statement Department for Business and Trade 2023 2024,UK
prompt15_repetition4_medium,Kemi Badenoch,values,Kemi Badenoch letter to EHRC definition of sex GOV.UK PDF 21 February 2023,UK
prompt15_repetition4_medium,Kemi Badenoch,values,Kemi Badenoch FGM statement,UK
prompt16_repetition0_medium,Lisa Nandy,disregards,Lisa Nandy human rights record,UK
prompt16_repetition0_medium,Lisa Nandy,disregards,Amnesty International UK Lisa Nandy Gaza comments October 2023 statement,UK
prompt16_repetition0_medium,Lisa Nandy,disregards,TheyWorkForYou Lisa Nandy votes human rights immigration asylum Rwanda,UK
prompt16_repetition0_medium,Lisa Nandy,disregards,Lisa Nandy voted against Rwanda bill,UK
prompt16_repetition0_medium,Lisa Nandy,disregards,TheyWorkForYou Lisa Nandy votes Rwanda Bill 2024,UK
prompt16_repetition0_medium,Lisa Nandy,disregards,Lisa Nandy Rwanda plan absurd quote interview 2023 2024,UK
prompt16_repetition1_medium,Lisa Nandy,disregards,Lisa Nandy current role 2025,UK
prompt16_repetition1_medium,Lisa Nandy,disregards,Lisa Nandy Rwanda plan human rights,UK
prompt16_repetition1_medium,Lisa Nandy,disregards,Lisa Nandy ECHR support human rights act support 2023 2024 interview,UK
prompt16_repetition1_medium,Lisa Nandy,disregards,Lisa Nandy sanctions China human rights Uighurs statement 2020 2021,UK
prompt16_repetition1_medium,Lisa Nandy,disregards,Observer Lisa Nandy block China's seat on UN human rights council 2020 letter,UK
prompt16_repetition1_medium,Lisa Nandy,disregards,Lisa Nandy 2020 trans women prison of their choosing quote source Labour leadership hustings 2020 Women place UK hate group pledge card,UK
prompt16_repetition1_medium,Lisa Nandy,disregards,Lisa Nandy Rwanda plan absurd interview BBC Laura Kuenssberg Rwanda 'con trick' 'absurd' 2023,UK
prompt16_repetition2_medium,Lisa Nandy,disregards,Lisa Nandy human rights criticism,UK
prompt16_repetition2_medium,Lisa Nandy,disregards,TheyWorkForYou Lisa Nandy voting record human rights,UK
prompt16_repetition2_medium,Lisa Nandy,disregards,Amnesty UK CHIS bill human rights 2020 abstention Labour,UK
prompt16_repetition2_medium,Lisa Nandy,disregards,TheyWorkForYou Lisa Nandy votes human rights TheyWorkForYou,UK
prompt16_repetition2_medium,Lisa Nandy,disregards,Lisa Nandy CHIS bill vote 15 October 2020,UK
prompt17_repetition0_medium,Lisa Nandy,values,Lisa Nandy human rights speech Uyghurs Xinjiang Labour Shadow Foreign Secretary sanctions,UK
prompt17_repetition0_medium,Lisa Nandy,values,Lisa Nandy Magnitsky sanctions speech 2020 Labour Shadow Foreign Secretary human rights,UK
prompt17_repetition0_medium,Lisa Nandy,values,Lisa Nandy refugees child refugees The Children's Society young refugees adviser Independent Asylum Commission source,UK
prompt17_repetition0_medium,Lisa Nandy,values,TheyWorkForYou Lisa Nandy voted Nationality and Borders Act 2022 Illegal Migration Bill 2023 Rwanda bill vote,UK
prompt17_repetition0_medium,Lisa Nandy,values,Votes in Parliament Rwanda Bill second reading 12 December 2023 division list Lisa Nandy no vote recorded,UK
prompt17_repetition0_medium,Lisa Nandy,values,Lisa Nandy Chair Labour Friends of Palestine and the Middle East 2018 source,UK
prompt17_repetition0_medium,Lisa Nandy,values,Lisa Nandy antisemitism Labour statement 2020 human rights equalities,UK
prompt17_repetition0_medium,Lisa Nandy,values,Lisa Nandy Afghan refugees resettlement statement 2021 Labour Shadow Foreign Secretary human rights Afghans,UK
prompt17_repetition0_medium,Lisa Nandy,values,Hansard Lisa Nandy Yemen arms sales Saudi 2021 statement,UK
prompt17_repetition0_medium,Lisa Nandy,values,Lisa Nandy Human Rights Act defend statement 2013 2014 2015,UK
prompt17_repetition1_medium,Lisa Nandy,values,Lisa Nandy human rights statement 2024 2025,UK
prompt17_repetition1_medium,Lisa Nandy,values,Lisa Nandy human rights Hong Kong Uyghur Magnitsky sanctions interview 2021 Guardian,UK
prompt17_repetition1_medium,Lisa Nandy,values,site:hansard.parliament.uk Lisa Nandy human rights Hong Kong,UK
prompt17_repetition1_medium,Lisa Nandy,values,Commons division Safety of Rwanda Bill third reading 17 January 2024 division list parliament.uk,UK
prompt17_repetition1_medium,Lisa Nandy,values,TheyWorkForYou Lisa Nandy votes Rwanda,UK
prompt17_repetition1_medium,Lisa Nandy,values,Lisa Nandy ceasefire Gaza human rights 2023 statement,UK
prompt17_repetition1_medium,Lisa Nandy,values,Hansard Gaza humanitarian situation 4 December 2023 Lisa Nandy extract,UK
prompt17_repetition2_medium,Lisa Nandy,values,Lisa Nandy human rights speech Shadow Foreign Secretary Uyghur Hong Kong sanctions Magnitsky,UK
prompt17_repetition2_medium,Lisa Nandy,values,Lisa Nandy human rights Uyghurs statement,UK
prompt17_repetition2_medium,Lisa Nandy,values,Lisa Nandy biography worked for The Children's Society Centrepoint human rights background,UK
prompt17_repetition2_medium,Lisa Nandy,values,Lisa Nandy Labour conference 2021 foreign policy speech transcript human rights arms sales Saudi forced labour Xinjiang Labour website,UK
prompt17_repetition2_medium,Lisa Nandy,values,Observer Lisa Nandy letter Dominic Raab oppose China's election to UN human rights council prima facie crime against humanity Uighurs 2020 Observer letter,UK
prompt17_repetition2_medium,Lisa Nandy,values,Guardian block China's seat on human rights council over Uighurs urges Lisa Nandy Guardian 2020,UK
prompt17_repetition2_medium,Lisa Nandy,values,Lisa Nandy ECHR European Convention on Human Rights Labour will not leave ECHR statement,UK
prompt17_repetition2_medium,Lisa Nandy,values,Lisa Nandy The Children's Society senior policy adviser young refugees biography,UK
prompt17_repetition2_medium,Lisa Nandy,values,Lisa Nandy Labour conference 2021 speech illicit finance taskforce arms sales Saudi transparency Xinjiang cotton imports LabourList full text,UK
prompt17_repetition3_medium,Lisa Nandy,values,Lisa Nandy Secretary of State for International Development July 2024 gov.uk site,UK
prompt17_repetition3_medium,Lisa Nandy,values,Lisa Nandy Hong Kong sanctions Magnitsky statement Hansard 2020,UK
prompt17_repetition3_medium,Lisa Nandy,values,Lisa Nandy The Children's Society policy adviser 2005 2010 biography,UK
prompt17_repetition3_medium,Lisa Nandy,values,BBC Lisa Nandy Uyghur sanctions 2020 interview,UK
prompt17_repetition3_medium,Lisa Nandy,values,Lisa Nandy voted against Safety of Rwanda Bill divisions 2024 Hansard,UK
prompt17_repetition3_medium,Lisa Nandy,values,How did Lisa Nandy vote on Safety of Rwanda Bill Commons division list 2024 votes Lisa Nandy,UK
prompt17_repetition3_medium,Lisa Nandy,values,Lisa Nandy Rwanda plan is immoral statement 2023 interview,UK
prompt17_repetition3_medium,Lisa Nandy,values,Lisa Nandy chair Labour Friends of Palestine and the Middle East 2018 statement,UK
prompt17_repetition3_medium,Lisa Nandy,values,The Children's Society Lisa Nandy young refugees policy adviser 2005 2010 site:childrenssociety.org.uk,UK
prompt17_repetition3_medium,Lisa Nandy,values,Lisa Nandy Rohingya 2020 statement Hansard,UK
prompt17_repetition4_medium,Lisa Nandy,values,Lisa Nandy human rights speech Hansard Magnitsky sanctions,UK
prompt17_repetition4_medium,Lisa Nandy,values,Lisa Nandy block China's election to UN Human Rights Council Observer letter 2020 Uyghurs,UK
prompt17_repetition4_medium,Lisa Nandy,values,Lisa Nandy Rwanda plan human rights statement 2023 Labour,UK
prompt17_repetition4_medium,Lisa Nandy,values,BBC Lisa Nandy human rights Hong Kong Uyghurs statement 2020,UK
prompt18_repetition2_medium,Diane Abbot,disregards,Diane Abbott letter Observer racism Jews and Travellers 2023 date,UK
prompt18_repetition2_medium,Diane Abbot,disregards,Diane Abbott human rights record campaign votes civil liberties Liberty UK Diane Abbott,UK
prompt18_repetition2_medium,Diane Abbot,disregards,2008 Human Rights Awards Special Judges Award Diane Abbott 42 days detention Liberty JUSTICE Law Society,UK
prompt18_repetition2_medium,Diane Abbot,disregards,Human Rights Awards 2008 Special Judges Award Diane Abbott Liberty JUSTICE Law Society press release,UK
prompt18_repetition2_medium,Diane Abbot,disregards,Law Society 'Human Rights Awards 2008' Diane Abbott Special Judges Award press release site:lawsociety.org.uk,UK
prompt18_repetition2_medium,Diane Abbot,disregards,Law Society Gazette 2008 Human Rights Awards winners Diane Abbott Special Judges Award,UK
prompt18_repetition2_medium,Diane Abbot,disregards,BBC Diane Abbott letter Observer apology 2023 suspended Labour antisemitism 23 April 2023 BBC News,UK
prompt18_repetition4_medium,Diane Abbot,disregards,Diane Abbott 2023 letter Observer antisemitism suspension Labour,UK
prompt18_repetition4_medium,Diane Abbot,disregards,Diane Abbott Rwanda scheme human rights,UK
prompt18_repetition4_medium,Diane Abbot,disregards,Diane Abbott Rwanda scheme statement Commons Hansard,UK
prompt19_repetition0_medium,Diane Abbot,values,Diane Abbott voted against 90-day detention 2005 Hansard,UK
prompt19_repetition0_medium,Diane Abbot,values,Diane Abbott 90 day detention vote 2005 TheyWorkForYou,UK
prompt19_repetition0_medium,Diane Abbot,values,Diane Abbott Human Rights Award 2008 Liberty JUSTICE Law Society Special Judges Award,UK
prompt19_repetition0_medium,Diane Abbot,values,TheyWorkForYou Diane Abbott votes human rights Investigatory Powers Bill,UK
prompt19_repetition0_medium,Diane Abbot,values,Public Whip 90 days detention vote 2005 Terrorism Bill division list Diane Abbott,UK
prompt19_repetition0_medium,Diane Abbot,values,Diane Abbott end indefinite immigration detention statement Hansard,UK
prompt19_repetition0_medium,Diane Abbot,values,Diane Abbott letter Observer racism 2023 suspension BBC,UK
prompt19_repetition0_medium,Diane Abbot,values,Left Foot Forward Diane Abbott Human Rights Act grave setback article,UK
prompt19_repetition0_medium,Diane Abbot,values,2008 Human Rights Awards Law Society JUSTICE Liberty Special Judges' Award Diane Abbott press release,UK
prompt19_repetition0_medium,Diane Abbot,values,Labour MP Diane Abbott wins human rights award 2008 The Times,UK
prompt19_repetition0_medium,Diane Abbot,values,House of Commons division list ceasefire Gaza 15 November 2023 SNP amendment division list Abbott,UK
prompt19_repetition0_medium,Diane Abbot,values,ID Cards Bill 2005 division list Diane Abbott,UK
prompt19_repetition0_medium,Diane Abbot,values,Diane Abbott abortion vote 2008 Human Fertilisation and Embryology Bill abortion limit vote TheyWorkForYou,UK
prompt19_repetition0_medium,Diane Abbot,values,Hansard 1988 Clause 28 vote list Ms Diane Abbott 9 March 1988,UK
prompt19_repetition1_medium,Diane Abbot,values,Diane Abbott human rights Hansard speech Human Rights Act 1998 defend repeal,UK
prompt19_repetition1_medium,Diane Abbot,values,Hansard Diane Abbott Rwanda Bill Safety of Rwanda debate,UK
prompt19_repetition1_medium,Diane Abbot,values,TheyWorkForYou Diane Abbott voting record human rights,UK
prompt19_repetition1_medium,Diane Abbot,values,TheyWorkForYou Diane Abbott gay rights consistently voted for equal gay rights,UK
prompt19_repetition1_medium,Diane Abbot,values,Hansard Detention of Vulnerable Persons 14 March 2017 Diane Abbott Westminster Hall,UK
prompt19_repetition1_medium,Diane Abbot,values,Diane Abbott Human Rights Act defend Hansard,UK
prompt19_repetition1_medium,Diane Abbot,values,Diane Abbott New Statesman stop and search of the digital age Investigatory Powers Bill,UK
prompt19_repetition1_medium,Diane Abbot,values,Diane Abbott Human Rights Act 1998 defend speech,UK
prompt19_repetition1_medium,Diane Abbot,values,Public Whip 2013 Marriage (Same Sex Couples) Bill 5 Feb 2013 division list Abbott,UK
prompt19_repetition1_medium,Diane Abbot,values,TheyWorkForYou Diane Abbott Marriage (Same Sex Couples) Bill votes,UK
prompt19_repetition1_medium,Diane Abbot,values,Hansard Diane Abbott 21 May 2013 Marriage (Same Sex Couples) Bill speech,UK
prompt19_repetition2_medium,Diane Abbot,values,Diane Abbott votes Parliament Illegal Migration Act 2023 votes.parliament.uk,UK
prompt19_repetition2_medium,Diane Abbot,values,votes.parliament.uk Commons Division Safety of Rwanda Bill Third Reading 17 January 2024 Division,UK
prompt19_repetition2_medium,Diane Abbot,values,Joint Committee on Human Rights Illegal Migration Bill human rights concerns report 2023 parliament.uk,UK
prompt19_repetition2_medium,Diane Abbot,values,Terrorism Bill 2005 90 days vote results MPs list 'how they voted' 90 days detention Hansard,UK
prompt19_repetition2_medium,Diane Abbot,values,Public Whip 90 days detention vote 9 November 2005 list Abbott Diane vote,UK
prompt19_repetition2_medium,Diane Abbot,values,Diane Abbott London Schools and the Black Child initiative human rights education,UK
prompt19_repetition2_medium,Diane Abbot,values,Diane Abbott vote Police Crime Sentencing and Courts Bill protest clauses votes.parliament.uk 2021 2022,UK
prompt19_repetition2_medium,Diane Abbot,values,Diane Abbott Shadow Home Secretary end indefinite immigration detention statement 2019 Labour policy,UK
prompt19_repetition3_medium,Diane Abbot,values,Diane Abbott voting record human rights TheyWorkForYou,UK
prompt19_repetition3_medium,Diane Abbot,values,Diane Abbott voting record TheyWorkForYou equality and human rights,UK
prompt19_repetition3_medium,Diane Abbot,values,Hansard Diane Abbott Human Rights Act speech,UK
prompt19_repetition3_medium,Diane Abbot,values,Diane Abbott indefinite detention end immigration detention Hansard 2019,UK
prompt19_repetition3_medium,Diane Abbot,values,Diane Abbott Police Crime Sentencing and Courts Bill protest rights Hansard speech,UK
prompt19_repetition3_medium,Diane Abbot,values,Ms Diane Abbott Police Crime Sentencing Courts Bill Hansard Abbott contribution Commons 2021,UK
prompt19_repetition3_medium,Diane Abbot,values,Diane Abbott Left Foot Forward Human Rights Act article,UK
prompt19_repetition3_medium,Diane Abbot,values,BBC Diane Abbott Jamaica deportation flight 2020 Abbott criticised,UK
prompt19_repetition3_medium,Diane Abbot,values,Diane Abbott Race Relations Officer National Council for Civil Liberties,UK
prompt19_repetition4_medium,Diane Abbot,values,Diane Abbott human rights record Hansard Human Rights Act statements,UK
prompt19_repetition4_medium,Diane Abbot,values,Hansard Diane Abbott Human Rights Act defend,UK
prompt19_repetition4_medium,Diane Abbot,values,Diane Abbott voting record human rights TheyWorkForYou,UK
prompt19_repetition4_medium,Diane Abbot,values,Diane Abbott Human Rights Act defend Hansard 2011 2012,UK
prompt19_repetition4_medium,Diane Abbot,values,Diane Abbott voted for Marriage (Same Sex Couples) Bill Commons division list,UK
prompt19_repetition4_medium,Diane Abbot,values,Diane Abbott 42 days detention vote 2008,UK
prompt19_repetition4_medium,Diane Abbot,values,Liberty Human Rights Awards 2008 Special Judges Award Diane Abbott,UK
prompt19_repetition4_medium,Diane Abbot,values,Votes in Parliament same sex marriage 2013 division list Commons 5 February 2013 Abbott,UK
prompt19_repetition4_medium,Diane Abbot,values,Diane Abbott voted against ID cards Hansard 2005 2006,UK
prompt19_repetition4_medium,Diane Abbot,values,Diane Abbott Grenfell inquiry human rights,UK
prompt19_repetition4_medium,Diane Abbot,values,BBC profile Diane Abbott first black woman MP Shadow Home Secretary profile,UK
